2026-09-08T21:38:22.137Z INFO @wdio/local-runner: Run worker command: run
2026-09-08T21:38:22.175Z DEBUG @wdio/runner: init remote session
2026-09-08T21:38:22.179Z DEBUG @wdio/utils:initializeServices: initialize service "@wdio/tauri-service" as NPM package
2026-09-08T21:38:22.855Z DEBUG @wdio/runner: init remote session
2026-09-08T21:38:22.857Z INFO webdriver: Initiate new session using the WebDriver protocol
2026-09-08T21:38:22.857Z INFO @wdio/utils: Connecting to existing driver at http://127.0.0.1:4459/
2026-09-08T21:38:22.860Z INFO webdriver: [POST] http://127.0.0.1:4459/session
2026-09-08T21:38:22.982Z DEBUG @wdio/utils:shim: Finished to run "beforeCommand" hook in 0ms
2026-09-08T21:38:22.984Z INFO webdriver: COMMAND getWindowHandle()
2026-09-08T21:38:22.984Z INFO webdriver: [GET] http://127.0.0.1:4459/session/73d1ae20-d07b-4899-bca8-5e3083d4ce91/window
2026-09-08T21:38:22.994Z INFO webdriver: RESULT main
2026-09-08T21:38:22.995Z DEBUG @wdio/utils:shim: Finished to run "beforeCommand" hook in 0ms
2026-09-08T21:38:22.996Z DEBUG @wdio/utils:shim: Finished to run "beforeCommand" hook in 0ms
2026-09-08T21:38:22.996Z INFO webdriver: COMMAND getWindowHandles()
2026-09-08T21:38:22.997Z INFO webdriver: [GET] http://127.0.0.1:4459/session/73d1ae20-d07b-4899-bca8-5e3083d4ce91/window/handles
2026-09-08T21:38:23.000Z INFO webdriver: RESULT [ 'main' ]
2026-09-08T21:38:23.001Z DEBUG @wdio/utils:shim: Finished to run "beforeCommand" hook in 0ms
2026-09-08T21:38:23.001Z DEBUG @wdio/utils:shim: Finished to run "beforeCommand" hook in 0ms
2026-09-08T21:38:23.002Z INFO webdriver: COMMAND executeScript(<fn>, <object>)
2026-09-08T21:38:23.002Z INFO webdriver: [POST] http://127.0.0.1:4459/session/73d1ae20-d07b-4899-bca8-5e3083d4ce91/execute/sync
2026-09-08T21:38:23.002Z INFO webdriver: DATA {"script":"\n            function webdriverioPolyfill() {\n  var __defProp = Object.defineProperty;\n  var __name = function(target, _value) {\n    return __defProp(target, \"name\", { value: _value, configurable: true });\n  };\n  var __globalThis = typeof globalThis === \"object\" && globalThis || typeof window === \"object\" && window;\n  __globalThis.__name = __name;\n}\n            webdriverioPolyfill();\n            return (async function checkPluginInit() {\n                        // @ts-expect-error - window exists in browser context\n                        if (typeof window.wdioTauri !== 'undefined' && typeof window.wdioTauri.waitForInit === 'function') {\n                            // @ts-expect-error - window exists in browser context\n                            await window.wdioTauri.waitForInit();\n                        }\n                    }).apply(null, arguments)\n        ","args":[]}
2026-09-08T21:38:23.010Z INFO webdriver: RESULT null
2026-09-08T21:38:23.010Z DEBUG @wdio/utils:shim: Finished to run "beforeCommand" hook in 0ms
2026-09-08T21:38:23.010Z DEBUG @wdio/utils:shim: Finished to run "beforeCommand" hook in 0ms
2026-09-08T21:38:23.010Z INFO webdriver: COMMAND executeScript(<fn>, <object>)
2026-09-08T21:38:23.011Z INFO webdriver: [POST] http://127.0.0.1:4459/session/73d1ae20-d07b-4899-bca8-5e3083d4ce91/execute/sync
2026-09-08T21:38:23.011Z INFO webdriver: DATA {"script":"\n            function webdriverioPolyfill() {\n  var __defProp = Object.defineProperty;\n  var __name = function(target, _value) {\n    return __defProp(target, \"name\", { value: _value, configurable: true });\n  };\n  var __globalThis = typeof globalThis === \"object\" && globalThis || typeof window === \"object\" && window;\n  __globalThis.__name = __name;\n}\n            webdriverioPolyfill();\n            return (function clearStaleMocks() {\n                            // @ts-expect-error - window is available in browser context\n                            if (window.__wdio_mocks__)\n                                window.__wdio_mocks__ = {};\n                        }).apply(null, arguments)\n        ","args":[]}
2026-09-08T21:38:23.018Z INFO webdriver: RESULT null
2026-09-08T21:38:23.018Z DEBUG @wdio/utils:shim: Finished to run "before" hook in 23ms
2026-09-08T21:38:23.035Z DEBUG @wdio/utils:shim: Finished to run "beforeTest" hook in 0ms
2026-09-08T21:38:23.036Z DEBUG @wdio/utils:shim: Finished to run "beforeCommand" hook in 0ms
2026-09-08T21:38:23.036Z DEBUG @wdio/utils:shim: Finished to run "beforeCommand" hook in 0ms
2026-09-08T21:38:23.036Z DEBUG @wdio/utils:shim: Finished to run "beforeCommand" hook in 0ms
2026-09-08T21:38:23.037Z INFO webdriver: COMMAND executeScript(<fn>, <object>)
2026-09-08T21:38:23.037Z INFO webdriver: [POST] http://127.0.0.1:4459/session/73d1ae20-d07b-4899-bca8-5e3083d4ce91/execute/sync
2026-09-08T21:38:23.037Z INFO webdriver: DATA {"script":"\n            function webdriverioPolyfill() {\n  var __defProp = Object.defineProperty;\n  var __name = function(target, _value) {\n    return __defProp(target, \"name\", { value: _value, configurable: true });\n  };\n  var __globalThis = typeof globalThis === \"object\" && globalThis || typeof window === \"object\" && window;\n  __globalThis.__name = __name;\n}\n            webdriverioPolyfill();\n            return (()=>!!window.__TAURI_INTERNALS__).apply(null, arguments)\n        ","args":[]}
2026-09-08T21:38:23.047Z INFO webdriver: RESULT true
2026-09-08T21:38:23.048Z DEBUG @wdio/utils:shim: Finished to run "beforeCommand" hook in 0ms
2026-09-08T21:38:23.048Z DEBUG @wdio/utils:shim: Finished to run "beforeCommand" hook in 0ms
2026-09-08T21:38:23.048Z INFO webdriver: COMMAND executeScript(<fn>, <object>)
2026-09-08T21:38:23.049Z INFO webdriver: [POST] http://127.0.0.1:4459/session/73d1ae20-d07b-4899-bca8-5e3083d4ce91/execute/sync
2026-09-08T21:38:23.049Z INFO webdriver: DATA {"script":"\n            function webdriverioPolyfill() {\n  var __defProp = Object.defineProperty;\n  var __name = function(target, _value) {\n    return __defProp(target, \"name\", { value: _value, configurable: true });\n  };\n  var __globalThis = typeof globalThis === \"object\" && globalThis || typeof window === \"object\" && window;\n  __globalThis.__name = __name;\n}\n            webdriverioPolyfill();\n            return ((id,commandName,commandArgs)=>{const e2eWindow=window;const results=e2eWindow.__AIO_E2E_TAURI_RESULTS__??={};const bridge=e2eWindow.__TAURI_INTERNALS__;if(!bridge){results[id]={status:\"failed\",error:\"Tauri IPC internals are unavailable in the E2E window.\"};return}results[id]={status:\"pending\"};void bridge.invoke(commandName,commandArgs).then(value=>{results[id]={status:\"resolved\",value}}).catch(error=>{results[id]={status:\"failed\",error:String(error)}})}).apply(null, arguments)\n        ","args":["tauri-command-1788903503048-1","install_plugin_from_zip",{"zipPath":"D:\\a\\aio-hub\\aio-hub/plugin/dist/dsh-coding-workspace-0.1.0-win32-x64.zip"}]}
2026-09-08T21:38:23.059Z INFO webdriver: RESULT null
2026-09-08T21:38:23.060Z DEBUG @wdio/utils:shim: Finished to run "beforeCommand" hook in 0ms
2026-09-08T21:38:23.060Z DEBUG @wdio/utils:shim: Finished to run "beforeCommand" hook in 0ms
2026-09-08T21:38:23.060Z DEBUG @wdio/utils:shim: Finished to run "beforeCommand" hook in 0ms
2026-09-08T21:38:23.060Z INFO webdriver: COMMAND executeScript(<fn>, <object>)
2026-09-08T21:38:23.061Z INFO webdriver: [POST] http://127.0.0.1:4459/session/73d1ae20-d07b-4899-bca8-5e3083d4ce91/execute/sync
2026-09-08T21:38:23.061Z INFO webdriver: DATA {"script":"\n            function webdriverioPolyfill() {\n  var __defProp = Object.defineProperty;\n  var __name = function(target, _value) {\n    return __defProp(target, \"name\", { value: _value, configurable: true });\n  };\n  var __globalThis = typeof globalThis === \"object\" && globalThis || typeof window === \"object\" && window;\n  __globalThis.__name = __name;\n}\n            webdriverioPolyfill();\n            return (id=>window.__AIO_E2E_TAURI_RESULTS__?.[id]).apply(null, arguments)\n        ","args":["tauri-command-1788903503048-1"]}
2026-09-08T21:38:23.067Z INFO webdriver: RESULT { status: 'pending' }
2026-09-08T21:38:23.161Z DEBUG @wdio/utils:shim: Finished to run "beforeCommand" hook in 0ms
2026-09-08T21:38:23.161Z DEBUG @wdio/utils:shim: Finished to run "beforeCommand" hook in 0ms
2026-09-08T21:38:23.161Z INFO webdriver: COMMAND executeScript(<fn>, <object>)
2026-09-08T21:38:23.162Z INFO webdriver: [POST] http://127.0.0.1:4459/session/73d1ae20-d07b-4899-bca8-5e3083d4ce91/execute/sync
2026-09-08T21:38:23.162Z INFO webdriver: DATA {"script":"\n            function webdriverioPolyfill() {\n  var __defProp = Object.defineProperty;\n  var __name = function(target, _value) {\n    return __defProp(target, \"name\", { value: _value, configurable: true });\n  };\n  var __globalThis = typeof globalThis === \"object\" && globalThis || typeof window === \"object\" && window;\n  __globalThis.__name = __name;\n}\n            webdriverioPolyfill();\n            return (id=>window.__AIO_E2E_TAURI_RESULTS__?.[id]).apply(null, arguments)\n        ","args":["tauri-command-1788903503048-1"]}
2026-09-08T21:38:23.171Z INFO webdriver: RESULT { status: 'pending' }
2026-09-08T21:38:23.261Z DEBUG @wdio/utils:shim: Finished to run "beforeCommand" hook in 0ms
2026-09-08T21:38:23.261Z DEBUG @wdio/utils:shim: Finished to run "beforeCommand" hook in 0ms
2026-09-08T21:38:23.261Z INFO webdriver: COMMAND executeScript(<fn>, <object>)
2026-09-08T21:38:23.262Z INFO webdriver: [POST] http://127.0.0.1:4459/session/73d1ae20-d07b-4899-bca8-5e3083d4ce91/execute/sync
2026-09-08T21:38:23.262Z INFO webdriver: DATA {"script":"\n            function webdriverioPolyfill() {\n  var __defProp = Object.defineProperty;\n  var __name = function(target, _value) {\n    return __defProp(target, \"name\", { value: _value, configurable: true });\n  };\n  var __globalThis = typeof globalThis === \"object\" && globalThis || typeof window === \"object\" && window;\n  __globalThis.__name = __name;\n}\n            webdriverioPolyfill();\n            return (id=>window.__AIO_E2E_TAURI_RESULTS__?.[id]).apply(null, arguments)\n        ","args":["tauri-command-1788903503048-1"]}
2026-09-08T21:38:23.270Z INFO webdriver: RESULT { status: 'pending' }
2026-09-08T21:38:23.361Z DEBUG @wdio/utils:shim: Finished to run "beforeCommand" hook in 0ms
2026-09-08T21:38:23.361Z DEBUG @wdio/utils:shim: Finished to run "beforeCommand" hook in 0ms
2026-09-08T21:38:23.361Z INFO webdriver: COMMAND executeScript(<fn>, <object>)
2026-09-08T21:38:23.361Z INFO webdriver: [POST] http://127.0.0.1:4459/session/73d1ae20-d07b-4899-bca8-5e3083d4ce91/execute/sync
2026-09-08T21:38:23.361Z INFO webdriver: DATA {"script":"\n            function webdriverioPolyfill() {\n  var __defProp = Object.defineProperty;\n  var __name = function(target, _value) {\n    return __defProp(target, \"name\", { value: _value, configurable: true });\n  };\n  var __globalThis = typeof globalThis === \"object\" && globalThis || typeof window === \"object\" && window;\n  __globalThis.__name = __name;\n}\n            webdriverioPolyfill();\n            return (id=>window.__AIO_E2E_TAURI_RESULTS__?.[id]).apply(null, arguments)\n        ","args":["tauri-command-1788903503048-1"]}
2026-09-08T21:38:23.369Z INFO webdriver: RESULT { status: 'pending' }
2026-09-08T21:38:23.460Z DEBUG @wdio/utils:shim: Finished to run "beforeCommand" hook in 0ms
2026-09-08T21:38:23.461Z DEBUG @wdio/utils:shim: Finished to run "beforeCommand" hook in 0ms
2026-09-08T21:38:23.461Z INFO webdriver: COMMAND executeScript(<fn>, <object>)
2026-09-08T21:38:23.461Z INFO webdriver: [POST] http://127.0.0.1:4459/session/73d1ae20-d07b-4899-bca8-5e3083d4ce91/execute/sync
2026-09-08T21:38:23.461Z INFO webdriver: DATA {"script":"\n            function webdriverioPolyfill() {\n  var __defProp = Object.defineProperty;\n  var __name = function(target, _value) {\n    return __defProp(target, \"name\", { value: _value, configurable: true });\n  };\n  var __globalThis = typeof globalThis === \"object\" && globalThis || typeof window === \"object\" && window;\n  __globalThis.__name = __name;\n}\n            webdriverioPolyfill();\n            return (id=>window.__AIO_E2E_TAURI_RESULTS__?.[id]).apply(null, arguments)\n        ","args":["tauri-command-1788903503048-1"]}
2026-09-08T21:38:23.469Z INFO webdriver: RESULT { status: 'pending' }
2026-09-08T21:38:23.561Z DEBUG @wdio/utils:shim: Finished to run "beforeCommand" hook in 0ms
2026-09-08T21:38:23.561Z DEBUG @wdio/utils:shim: Finished to run "beforeCommand" hook in 0ms
2026-09-08T21:38:23.561Z INFO webdriver: COMMAND executeScript(<fn>, <object>)
2026-09-08T21:38:23.561Z INFO webdriver: [POST] http://127.0.0.1:4459/session/73d1ae20-d07b-4899-bca8-5e3083d4ce91/execute/sync
2026-09-08T21:38:23.562Z INFO webdriver: DATA {"script":"\n            function webdriverioPolyfill() {\n  var __defProp = Object.defineProperty;\n  var __name = function(target, _value) {\n    return __defProp(target, \"name\", { value: _value, configurable: true });\n  };\n  var __globalThis = typeof globalThis === \"object\" && globalThis || typeof window === \"object\" && window;\n  __globalThis.__name = __name;\n}\n            webdriverioPolyfill();\n            return (id=>window.__AIO_E2E_TAURI_RESULTS__?.[id]).apply(null, arguments)\n        ","args":["tauri-command-1788903503048-1"]}
2026-09-08T21:38:23.570Z INFO webdriver: RESULT { status: 'pending' }
2026-09-08T21:38:23.661Z DEBUG @wdio/utils:shim: Finished to run "beforeCommand" hook in 0ms
2026-09-08T21:38:23.661Z DEBUG @wdio/utils:shim: Finished to run "beforeCommand" hook in 0ms
2026-09-08T21:38:23.661Z INFO webdriver: COMMAND executeScript(<fn>, <object>)
2026-09-08T21:38:23.661Z INFO webdriver: [POST] http://127.0.0.1:4459/session/73d1ae20-d07b-4899-bca8-5e3083d4ce91/execute/sync
2026-09-08T21:38:23.661Z INFO webdriver: DATA {"script":"\n            function webdriverioPolyfill() {\n  var __defProp = Object.defineProperty;\n  var __name = function(target, _value) {\n    return __defProp(target, \"name\", { value: _value, configurable: true });\n  };\n  var __globalThis = typeof globalThis === \"object\" && globalThis || typeof window === \"object\" && window;\n  __globalThis.__name = __name;\n}\n            webdriverioPolyfill();\n            return (id=>window.__AIO_E2E_TAURI_RESULTS__?.[id]).apply(null, arguments)\n        ","args":["tauri-command-1788903503048-1"]}
2026-09-08T21:38:23.669Z INFO webdriver: RESULT { status: 'pending' }
2026-09-08T21:38:23.759Z DEBUG @wdio/utils:shim: Finished to run "beforeCommand" hook in 0ms
2026-09-08T21:38:23.760Z DEBUG @wdio/utils:shim: Finished to run "beforeCommand" hook in 0ms
2026-09-08T21:38:23.760Z INFO webdriver: COMMAND executeScript(<fn>, <object>)
2026-09-08T21:38:23.760Z INFO webdriver: [POST] http://127.0.0.1:4459/session/73d1ae20-d07b-4899-bca8-5e3083d4ce91/execute/sync
2026-09-08T21:38:23.760Z INFO webdriver: DATA {"script":"\n            function webdriverioPolyfill() {\n  var __defProp = Object.defineProperty;\n  var __name = function(target, _value) {\n    return __defProp(target, \"name\", { value: _value, configurable: true });\n  };\n  var __globalThis = typeof globalThis === \"object\" && globalThis || typeof window === \"object\" && window;\n  __globalThis.__name = __name;\n}\n            webdriverioPolyfill();\n            return (id=>window.__AIO_E2E_TAURI_RESULTS__?.[id]).apply(null, arguments)\n        ","args":["tauri-command-1788903503048-1"]}
2026-09-08T21:38:23.768Z INFO webdriver: RESULT { status: 'pending' }
2026-09-08T21:38:23.861Z DEBUG @wdio/utils:shim: Finished to run "beforeCommand" hook in 0ms
2026-09-08T21:38:23.861Z DEBUG @wdio/utils:shim: Finished to run "beforeCommand" hook in 0ms
2026-09-08T21:38:23.861Z INFO webdriver: COMMAND executeScript(<fn>, <object>)
2026-09-08T21:38:23.862Z INFO webdriver: [POST] http://127.0.0.1:4459/session/73d1ae20-d07b-4899-bca8-5e3083d4ce91/execute/sync
2026-09-08T21:38:23.862Z INFO webdriver: DATA {"script":"\n            function webdriverioPolyfill() {\n  var __defProp = Object.defineProperty;\n  var __name = function(target, _value) {\n    return __defProp(target, \"name\", { value: _value, configurable: true });\n  };\n  var __globalThis = typeof globalThis === \"object\" && globalThis || typeof window === \"object\" && window;\n  __globalThis.__name = __name;\n}\n            webdriverioPolyfill();\n            return (id=>window.__AIO_E2E_TAURI_RESULTS__?.[id]).apply(null, arguments)\n        ","args":["tauri-command-1788903503048-1"]}
2026-09-08T21:38:23.870Z INFO webdriver: RESULT { status: 'pending' }
2026-09-08T21:38:23.961Z DEBUG @wdio/utils:shim: Finished to run "beforeCommand" hook in 0ms
2026-09-08T21:38:23.961Z DEBUG @wdio/utils:shim: Finished to run "beforeCommand" hook in 0ms
2026-09-08T21:38:23.962Z INFO webdriver: COMMAND executeScript(<fn>, <object>)
2026-09-08T21:38:23.962Z INFO webdriver: [POST] http://127.0.0.1:4459/session/73d1ae20-d07b-4899-bca8-5e3083d4ce91/execute/sync
2026-09-08T21:38:23.962Z INFO webdriver: DATA {"script":"\n            function webdriverioPolyfill() {\n  var __defProp = Object.defineProperty;\n  var __name = function(target, _value) {\n    return __defProp(target, \"name\", { value: _value, configurable: true });\n  };\n  var __globalThis = typeof globalThis === \"object\" && globalThis || typeof window === \"object\" && window;\n  __globalThis.__name = __name;\n}\n            webdriverioPolyfill();\n            return (id=>window.__AIO_E2E_TAURI_RESULTS__?.[id]).apply(null, arguments)\n        ","args":["tauri-command-1788903503048-1"]}
2026-09-08T21:38:23.970Z INFO webdriver: RESULT { status: 'pending' }
2026-09-08T21:38:24.062Z DEBUG @wdio/utils:shim: Finished to run "beforeCommand" hook in 0ms
2026-09-08T21:38:24.062Z DEBUG @wdio/utils:shim: Finished to run "beforeCommand" hook in 0ms
2026-09-08T21:38:24.062Z INFO webdriver: COMMAND executeScript(<fn>, <object>)
2026-09-08T21:38:24.062Z INFO webdriver: [POST] http://127.0.0.1:4459/session/73d1ae20-d07b-4899-bca8-5e3083d4ce91/execute/sync
2026-09-08T21:38:24.062Z INFO webdriver: DATA {"script":"\n            function webdriverioPolyfill() {\n  var __defProp = Object.defineProperty;\n  var __name = function(target, _value) {\n    return __defProp(target, \"name\", { value: _value, configurable: true });\n  };\n  var __globalThis = typeof globalThis === \"object\" && globalThis || typeof window === \"object\" && window;\n  __globalThis.__name = __name;\n}\n            webdriverioPolyfill();\n            return (id=>window.__AIO_E2E_TAURI_RESULTS__?.[id]).apply(null, arguments)\n        ","args":["tauri-command-1788903503048-1"]}
2026-09-08T21:38:24.070Z INFO webdriver: RESULT { status: 'pending' }
2026-09-08T21:38:24.162Z DEBUG @wdio/utils:shim: Finished to run "beforeCommand" hook in 0ms
2026-09-08T21:38:24.162Z DEBUG @wdio/utils:shim: Finished to run "beforeCommand" hook in 0ms
2026-09-08T21:38:24.162Z INFO webdriver: COMMAND executeScript(<fn>, <object>)
2026-09-08T21:38:24.162Z INFO webdriver: [POST] http://127.0.0.1:4459/session/73d1ae20-d07b-4899-bca8-5e3083d4ce91/execute/sync
2026-09-08T21:38:24.162Z INFO webdriver: DATA {"script":"\n            function webdriverioPolyfill() {\n  var __defProp = Object.defineProperty;\n  var __name = function(target, _value) {\n    return __defProp(target, \"name\", { value: _value, configurable: true });\n  };\n  var __globalThis = typeof globalThis === \"object\" && globalThis || typeof window === \"object\" && window;\n  __globalThis.__name = __name;\n}\n            webdriverioPolyfill();\n            return (id=>window.__AIO_E2E_TAURI_RESULTS__?.[id]).apply(null, arguments)\n        ","args":["tauri-command-1788903503048-1"]}
2026-09-08T21:38:24.170Z INFO webdriver: RESULT { status: 'pending' }
2026-09-08T21:38:24.260Z DEBUG @wdio/utils:shim: Finished to run "beforeCommand" hook in 0ms
2026-09-08T21:38:24.260Z DEBUG @wdio/utils:shim: Finished to run "beforeCommand" hook in 0ms
2026-09-08T21:38:24.260Z INFO webdriver: COMMAND executeScript(<fn>, <object>)
2026-09-08T21:38:24.261Z INFO webdriver: [POST] http://127.0.0.1:4459/session/73d1ae20-d07b-4899-bca8-5e3083d4ce91/execute/sync
2026-09-08T21:38:24.261Z INFO webdriver: DATA {"script":"\n            function webdriverioPolyfill() {\n  var __defProp = Object.defineProperty;\n  var __name = function(target, _value) {\n    return __defProp(target, \"name\", { value: _value, configurable: true });\n  };\n  var __globalThis = typeof globalThis === \"object\" && globalThis || typeof window === \"object\" && window;\n  __globalThis.__name = __name;\n}\n            webdriverioPolyfill();\n            return (id=>window.__AIO_E2E_TAURI_RESULTS__?.[id]).apply(null, arguments)\n        ","args":["tauri-command-1788903503048-1"]}
2026-09-08T21:38:24.268Z INFO webdriver: RESULT { status: 'pending' }
2026-09-08T21:38:24.361Z DEBUG @wdio/utils:shim: Finished to run "beforeCommand" hook in 0ms
2026-09-08T21:38:24.361Z DEBUG @wdio/utils:shim: Finished to run "beforeCommand" hook in 0ms
2026-09-08T21:38:24.361Z INFO webdriver: COMMAND executeScript(<fn>, <object>)
2026-09-08T21:38:24.361Z INFO webdriver: [POST] http://127.0.0.1:4459/session/73d1ae20-d07b-4899-bca8-5e3083d4ce91/execute/sync
2026-09-08T21:38:24.361Z INFO webdriver: DATA {"script":"\n            function webdriverioPolyfill() {\n  var __defProp = Object.defineProperty;\n  var __name = function(target, _value) {\n    return __defProp(target, \"name\", { value: _value, configurable: true });\n  };\n  var __globalThis = typeof globalThis === \"object\" && globalThis || typeof window === \"object\" && window;\n  __globalThis.__name = __name;\n}\n            webdriverioPolyfill();\n            return (id=>window.__AIO_E2E_TAURI_RESULTS__?.[id]).apply(null, arguments)\n        ","args":["tauri-command-1788903503048-1"]}
2026-09-08T21:38:24.367Z INFO webdriver: RESULT { status: 'pending' }
2026-09-08T21:38:24.460Z DEBUG @wdio/utils:shim: Finished to run "beforeCommand" hook in 0ms
2026-09-08T21:38:24.460Z DEBUG @wdio/utils:shim: Finished to run "beforeCommand" hook in 0ms
2026-09-08T21:38:24.461Z INFO webdriver: COMMAND executeScript(<fn>, <object>)
2026-09-08T21:38:24.461Z INFO webdriver: [POST] http://127.0.0.1:4459/session/73d1ae20-d07b-4899-bca8-5e3083d4ce91/execute/sync
2026-09-08T21:38:24.461Z INFO webdriver: DATA {"script":"\n            function webdriverioPolyfill() {\n  var __defProp = Object.defineProperty;\n  var __name = function(target, _value) {\n    return __defProp(target, \"name\", { value: _value, configurable: true });\n  };\n  var __globalThis = typeof globalThis === \"object\" && globalThis || typeof window === \"object\" && window;\n  __globalThis.__name = __name;\n}\n            webdriverioPolyfill();\n            return (id=>window.__AIO_E2E_TAURI_RESULTS__?.[id]).apply(null, arguments)\n        ","args":["tauri-command-1788903503048-1"]}
2026-09-08T21:38:24.469Z INFO webdriver: RESULT { status: 'pending' }
2026-09-08T21:38:24.560Z DEBUG @wdio/utils:shim: Finished to run "beforeCommand" hook in 0ms
2026-09-08T21:38:24.561Z DEBUG @wdio/utils:shim: Finished to run "beforeCommand" hook in 0ms
2026-09-08T21:38:24.561Z INFO webdriver: COMMAND executeScript(<fn>, <object>)
2026-09-08T21:38:24.561Z INFO webdriver: [POST] http://127.0.0.1:4459/session/73d1ae20-d07b-4899-bca8-5e3083d4ce91/execute/sync
2026-09-08T21:38:24.561Z INFO webdriver: DATA {"script":"\n            function webdriverioPolyfill() {\n  var __defProp = Object.defineProperty;\n  var __name = function(target, _value) {\n    return __defProp(target, \"name\", { value: _value, configurable: true });\n  };\n  var __globalThis = typeof globalThis === \"object\" && globalThis || typeof window === \"object\" && window;\n  __globalThis.__name = __name;\n}\n            webdriverioPolyfill();\n            return (id=>window.__AIO_E2E_TAURI_RESULTS__?.[id]).apply(null, arguments)\n        ","args":["tauri-command-1788903503048-1"]}
2026-09-08T21:38:24.568Z INFO webdriver: RESULT { status: 'pending' }
2026-09-08T21:38:24.660Z DEBUG @wdio/utils:shim: Finished to run "beforeCommand" hook in 0ms
2026-09-08T21:38:24.660Z DEBUG @wdio/utils:shim: Finished to run "beforeCommand" hook in 0ms
2026-09-08T21:38:24.661Z INFO webdriver: COMMAND executeScript(<fn>, <object>)
2026-09-08T21:38:24.661Z INFO webdriver: [POST] http://127.0.0.1:4459/session/73d1ae20-d07b-4899-bca8-5e3083d4ce91/execute/sync
2026-09-08T21:38:24.661Z INFO webdriver: DATA {"script":"\n            function webdriverioPolyfill() {\n  var __defProp = Object.defineProperty;\n  var __name = function(target, _value) {\n    return __defProp(target, \"name\", { value: _value, configurable: true });\n  };\n  var __globalThis = typeof globalThis === \"object\" && globalThis || typeof window === \"object\" && window;\n  __globalThis.__name = __name;\n}\n            webdriverioPolyfill();\n            return (id=>window.__AIO_E2E_TAURI_RESULTS__?.[id]).apply(null, arguments)\n        ","args":["tauri-command-1788903503048-1"]}
2026-09-08T21:38:24.668Z INFO webdriver: RESULT { status: 'pending' }
2026-09-08T21:38:24.760Z DEBUG @wdio/utils:shim: Finished to run "beforeCommand" hook in 0ms
2026-09-08T21:38:24.760Z DEBUG @wdio/utils:shim: Finished to run "beforeCommand" hook in 0ms
2026-09-08T21:38:24.760Z INFO webdriver: COMMAND executeScript(<fn>, <object>)
2026-09-08T21:38:24.760Z INFO webdriver: [POST] http://127.0.0.1:4459/session/73d1ae20-d07b-4899-bca8-5e3083d4ce91/execute/sync
2026-09-08T21:38:24.761Z INFO webdriver: DATA {"script":"\n            function webdriverioPolyfill() {\n  var __defProp = Object.defineProperty;\n  var __name = function(target, _value) {\n    return __defProp(target, \"name\", { value: _value, configurable: true });\n  };\n  var __globalThis = typeof globalThis === \"object\" && globalThis || typeof window === \"object\" && window;\n  __globalThis.__name = __name;\n}\n            webdriverioPolyfill();\n            return (id=>window.__AIO_E2E_TAURI_RESULTS__?.[id]).apply(null, arguments)\n        ","args":["tauri-command-1788903503048-1"]}
2026-09-08T21:38:24.768Z INFO webdriver: RESULT { status: 'pending' }
2026-09-08T21:38:24.862Z DEBUG @wdio/utils:shim: Finished to run "beforeCommand" hook in 0ms
2026-09-08T21:38:24.863Z DEBUG @wdio/utils:shim: Finished to run "beforeCommand" hook in 0ms
2026-09-08T21:38:24.863Z INFO webdriver: COMMAND executeScript(<fn>, <object>)
2026-09-08T21:38:24.863Z INFO webdriver: [POST] http://127.0.0.1:4459/session/73d1ae20-d07b-4899-bca8-5e3083d4ce91/execute/sync
2026-09-08T21:38:24.863Z INFO webdriver: DATA {"script":"\n            function webdriverioPolyfill() {\n  var __defProp = Object.defineProperty;\n  var __name = function(target, _value) {\n    return __defProp(target, \"name\", { value: _value, configurable: true });\n  };\n  var __globalThis = typeof globalThis === \"object\" && globalThis || typeof window === \"object\" && window;\n  __globalThis.__name = __name;\n}\n            webdriverioPolyfill();\n            return (id=>window.__AIO_E2E_TAURI_RESULTS__?.[id]).apply(null, arguments)\n        ","args":["tauri-command-1788903503048-1"]}
2026-09-08T21:38:24.869Z INFO webdriver: RESULT { status: 'pending' }
2026-09-08T21:38:24.961Z DEBUG @wdio/utils:shim: Finished to run "beforeCommand" hook in 0ms
2026-09-08T21:38:24.961Z DEBUG @wdio/utils:shim: Finished to run "beforeCommand" hook in 0ms
2026-09-08T21:38:24.961Z INFO webdriver: COMMAND executeScript(<fn>, <object>)
2026-09-08T21:38:24.961Z INFO webdriver: [POST] http://127.0.0.1:4459/session/73d1ae20-d07b-4899-bca8-5e3083d4ce91/execute/sync
2026-09-08T21:38:24.961Z INFO webdriver: DATA {"script":"\n            function webdriverioPolyfill() {\n  var __defProp = Object.defineProperty;\n  var __name = function(target, _value) {\n    return __defProp(target, \"name\", { value: _value, configurable: true });\n  };\n  var __globalThis = typeof globalThis === \"object\" && globalThis || typeof window === \"object\" && window;\n  __globalThis.__name = __name;\n}\n            webdriverioPolyfill();\n            return (id=>window.__AIO_E2E_TAURI_RESULTS__?.[id]).apply(null, arguments)\n        ","args":["tauri-command-1788903503048-1"]}
2026-09-08T21:38:24.967Z INFO webdriver: RESULT { status: 'pending' }
2026-09-08T21:38:25.061Z DEBUG @wdio/utils:shim: Finished to run "beforeCommand" hook in 1ms
2026-09-08T21:38:25.061Z DEBUG @wdio/utils:shim: Finished to run "beforeCommand" hook in 0ms
2026-09-08T21:38:25.061Z INFO webdriver: COMMAND executeScript(<fn>, <object>)
2026-09-08T21:38:25.061Z INFO webdriver: [POST] http://127.0.0.1:4459/session/73d1ae20-d07b-4899-bca8-5e3083d4ce91/execute/sync
2026-09-08T21:38:25.061Z INFO webdriver: DATA {"script":"\n            function webdriverioPolyfill() {\n  var __defProp = Object.defineProperty;\n  var __name = function(target, _value) {\n    return __defProp(target, \"name\", { value: _value, configurable: true });\n  };\n  var __globalThis = typeof globalThis === \"object\" && globalThis || typeof window === \"object\" && window;\n  __globalThis.__name = __name;\n}\n            webdriverioPolyfill();\n            return (id=>window.__AIO_E2E_TAURI_RESULTS__?.[id]).apply(null, arguments)\n        ","args":["tauri-command-1788903503048-1"]}
2026-09-08T21:38:25.067Z INFO webdriver: RESULT { status: 'pending' }
2026-09-08T21:38:25.161Z DEBUG @wdio/utils:shim: Finished to run "beforeCommand" hook in 0ms
2026-09-08T21:38:25.161Z DEBUG @wdio/utils:shim: Finished to run "beforeCommand" hook in 0ms
2026-09-08T21:38:25.161Z INFO webdriver: COMMAND executeScript(<fn>, <object>)
2026-09-08T21:38:25.162Z INFO webdriver: [POST] http://127.0.0.1:4459/session/73d1ae20-d07b-4899-bca8-5e3083d4ce91/execute/sync
2026-09-08T21:38:25.162Z INFO webdriver: DATA {"script":"\n            function webdriverioPolyfill() {\n  var __defProp = Object.defineProperty;\n  var __name = function(target, _value) {\n    return __defProp(target, \"name\", { value: _value, configurable: true });\n  };\n  var __globalThis = typeof globalThis === \"object\" && globalThis || typeof window === \"object\" && window;\n  __globalThis.__name = __name;\n}\n            webdriverioPolyfill();\n            return (id=>window.__AIO_E2E_TAURI_RESULTS__?.[id]).apply(null, arguments)\n        ","args":["tauri-command-1788903503048-1"]}
2026-09-08T21:38:25.168Z INFO webdriver: RESULT { status: 'pending' }
2026-09-08T21:38:25.260Z DEBUG @wdio/utils:shim: Finished to run "beforeCommand" hook in 0ms
2026-09-08T21:38:25.260Z DEBUG @wdio/utils:shim: Finished to run "beforeCommand" hook in 0ms
2026-09-08T21:38:25.260Z INFO webdriver: COMMAND executeScript(<fn>, <object>)
2026-09-08T21:38:25.261Z INFO webdriver: [POST] http://127.0.0.1:4459/session/73d1ae20-d07b-4899-bca8-5e3083d4ce91/execute/sync
2026-09-08T21:38:25.261Z INFO webdriver: DATA {"script":"\n            function webdriverioPolyfill() {\n  var __defProp = Object.defineProperty;\n  var __name = function(target, _value) {\n    return __defProp(target, \"name\", { value: _value, configurable: true });\n  };\n  var __globalThis = typeof globalThis === \"object\" && globalThis || typeof window === \"object\" && window;\n  __globalThis.__name = __name;\n}\n            webdriverioPolyfill();\n            return (id=>window.__AIO_E2E_TAURI_RESULTS__?.[id]).apply(null, arguments)\n        ","args":["tauri-command-1788903503048-1"]}
2026-09-08T21:38:25.270Z INFO webdriver: RESULT { status: 'pending' }
2026-09-08T21:38:25.361Z DEBUG @wdio/utils:shim: Finished to run "beforeCommand" hook in 0ms
2026-09-08T21:38:25.362Z DEBUG @wdio/utils:shim: Finished to run "beforeCommand" hook in 0ms
2026-09-08T21:38:25.362Z INFO webdriver: COMMAND executeScript(<fn>, <object>)
2026-09-08T21:38:25.362Z INFO webdriver: [POST] http://127.0.0.1:4459/session/73d1ae20-d07b-4899-bca8-5e3083d4ce91/execute/sync
2026-09-08T21:38:25.362Z INFO webdriver: DATA {"script":"\n            function webdriverioPolyfill() {\n  var __defProp = Object.defineProperty;\n  var __name = function(target, _value) {\n    return __defProp(target, \"name\", { value: _value, configurable: true });\n  };\n  var __globalThis = typeof globalThis === \"object\" && globalThis || typeof window === \"object\" && window;\n  __globalThis.__name = __name;\n}\n            webdriverioPolyfill();\n            return (id=>window.__AIO_E2E_TAURI_RESULTS__?.[id]).apply(null, arguments)\n        ","args":["tauri-command-1788903503048-1"]}
2026-09-08T21:38:25.369Z INFO webdriver: RESULT { status: 'pending' }
2026-09-08T21:38:25.460Z DEBUG @wdio/utils:shim: Finished to run "beforeCommand" hook in 0ms
2026-09-08T21:38:25.461Z DEBUG @wdio/utils:shim: Finished to run "beforeCommand" hook in 0ms
2026-09-08T21:38:25.461Z INFO webdriver: COMMAND executeScript(<fn>, <object>)
2026-09-08T21:38:25.461Z INFO webdriver: [POST] http://127.0.0.1:4459/session/73d1ae20-d07b-4899-bca8-5e3083d4ce91/execute/sync
2026-09-08T21:38:25.461Z INFO webdriver: DATA {"script":"\n            function webdriverioPolyfill() {\n  var __defProp = Object.defineProperty;\n  var __name = function(target, _value) {\n    return __defProp(target, \"name\", { value: _value, configurable: true });\n  };\n  var __globalThis = typeof globalThis === \"object\" && globalThis || typeof window === \"object\" && window;\n  __globalThis.__name = __name;\n}\n            webdriverioPolyfill();\n            return (id=>window.__AIO_E2E_TAURI_RESULTS__?.[id]).apply(null, arguments)\n        ","args":["tauri-command-1788903503048-1"]}
2026-09-08T21:38:25.467Z INFO webdriver: RESULT { status: 'pending' }
2026-09-08T21:38:25.559Z DEBUG @wdio/utils:shim: Finished to run "beforeCommand" hook in 0ms
2026-09-08T21:38:25.560Z DEBUG @wdio/utils:shim: Finished to run "beforeCommand" hook in 0ms
2026-09-08T21:38:25.560Z INFO webdriver: COMMAND executeScript(<fn>, <object>)
2026-09-08T21:38:25.560Z INFO webdriver: [POST] http://127.0.0.1:4459/session/73d1ae20-d07b-4899-bca8-5e3083d4ce91/execute/sync
2026-09-08T21:38:25.560Z INFO webdriver: DATA {"script":"\n            function webdriverioPolyfill() {\n  var __defProp = Object.defineProperty;\n  var __name = function(target, _value) {\n    return __defProp(target, \"name\", { value: _value, configurable: true });\n  };\n  var __globalThis = typeof globalThis === \"object\" && globalThis || typeof window === \"object\" && window;\n  __globalThis.__name = __name;\n}\n            webdriverioPolyfill();\n            return (id=>window.__AIO_E2E_TAURI_RESULTS__?.[id]).apply(null, arguments)\n        ","args":["tauri-command-1788903503048-1"]}
2026-09-08T21:38:25.566Z INFO webdriver: RESULT { status: 'pending' }
2026-09-08T21:38:25.660Z DEBUG @wdio/utils:shim: Finished to run "beforeCommand" hook in 0ms
2026-09-08T21:38:25.660Z DEBUG @wdio/utils:shim: Finished to run "beforeCommand" hook in 0ms
2026-09-08T21:38:25.660Z INFO webdriver: COMMAND executeScript(<fn>, <object>)
2026-09-08T21:38:25.660Z INFO webdriver: [POST] http://127.0.0.1:4459/session/73d1ae20-d07b-4899-bca8-5e3083d4ce91/execute/sync
2026-09-08T21:38:25.660Z INFO webdriver: DATA {"script":"\n            function webdriverioPolyfill() {\n  var __defProp = Object.defineProperty;\n  var __name = function(target, _value) {\n    return __defProp(target, \"name\", { value: _value, configurable: true });\n  };\n  var __globalThis = typeof globalThis === \"object\" && globalThis || typeof window === \"object\" && window;\n  __globalThis.__name = __name;\n}\n            webdriverioPolyfill();\n            return (id=>window.__AIO_E2E_TAURI_RESULTS__?.[id]).apply(null, arguments)\n        ","args":["tauri-command-1788903503048-1"]}
2026-09-08T21:38:25.668Z INFO webdriver: RESULT { status: 'pending' }
2026-09-08T21:38:25.761Z DEBUG @wdio/utils:shim: Finished to run "beforeCommand" hook in 0ms
2026-09-08T21:38:25.761Z DEBUG @wdio/utils:shim: Finished to run "beforeCommand" hook in 0ms
2026-09-08T21:38:25.761Z INFO webdriver: COMMAND executeScript(<fn>, <object>)
2026-09-08T21:38:25.762Z INFO webdriver: [POST] http://127.0.0.1:4459/session/73d1ae20-d07b-4899-bca8-5e3083d4ce91/execute/sync
2026-09-08T21:38:25.762Z INFO webdriver: DATA {"script":"\n            function webdriverioPolyfill() {\n  var __defProp = Object.defineProperty;\n  var __name = function(target, _value) {\n    return __defProp(target, \"name\", { value: _value, configurable: true });\n  };\n  var __globalThis = typeof globalThis === \"object\" && globalThis || typeof window === \"object\" && window;\n  __globalThis.__name = __name;\n}\n            webdriverioPolyfill();\n            return (id=>window.__AIO_E2E_TAURI_RESULTS__?.[id]).apply(null, arguments)\n        ","args":["tauri-command-1788903503048-1"]}
2026-09-08T21:38:25.770Z INFO webdriver: RESULT { status: 'pending' }
2026-09-08T21:38:25.860Z DEBUG @wdio/utils:shim: Finished to run "beforeCommand" hook in 0ms
2026-09-08T21:38:25.861Z DEBUG @wdio/utils:shim: Finished to run "beforeCommand" hook in 0ms
2026-09-08T21:38:25.861Z INFO webdriver: COMMAND executeScript(<fn>, <object>)
2026-09-08T21:38:25.861Z INFO webdriver: [POST] http://127.0.0.1:4459/session/73d1ae20-d07b-4899-bca8-5e3083d4ce91/execute/sync
2026-09-08T21:38:25.861Z INFO webdriver: DATA {"script":"\n            function webdriverioPolyfill() {\n  var __defProp = Object.defineProperty;\n  var __name = function(target, _value) {\n    return __defProp(target, \"name\", { value: _value, configurable: true });\n  };\n  var __globalThis = typeof globalThis === \"object\" && globalThis || typeof window === \"object\" && window;\n  __globalThis.__name = __name;\n}\n            webdriverioPolyfill();\n            return (id=>window.__AIO_E2E_TAURI_RESULTS__?.[id]).apply(null, arguments)\n        ","args":["tauri-command-1788903503048-1"]}
2026-09-08T21:38:25.867Z INFO webdriver: RESULT { status: 'pending' }
2026-09-08T21:38:25.961Z DEBUG @wdio/utils:shim: Finished to run "beforeCommand" hook in 0ms
2026-09-08T21:38:25.961Z DEBUG @wdio/utils:shim: Finished to run "beforeCommand" hook in 0ms
2026-09-08T21:38:25.961Z INFO webdriver: COMMAND executeScript(<fn>, <object>)
2026-09-08T21:38:25.962Z INFO webdriver: [POST] http://127.0.0.1:4459/session/73d1ae20-d07b-4899-bca8-5e3083d4ce91/execute/sync
2026-09-08T21:38:25.962Z INFO webdriver: DATA {"script":"\n            function webdriverioPolyfill() {\n  var __defProp = Object.defineProperty;\n  var __name = function(target, _value) {\n    return __defProp(target, \"name\", { value: _value, configurable: true });\n  };\n  var __globalThis = typeof globalThis === \"object\" && globalThis || typeof window === \"object\" && window;\n  __globalThis.__name = __name;\n}\n            webdriverioPolyfill();\n            return (id=>window.__AIO_E2E_TAURI_RESULTS__?.[id]).apply(null, arguments)\n        ","args":["tauri-command-1788903503048-1"]}
2026-09-08T21:38:25.970Z INFO webdriver: RESULT { status: 'pending' }
2026-09-08T21:38:26.060Z DEBUG @wdio/utils:shim: Finished to run "beforeCommand" hook in 0ms
2026-09-08T21:38:26.061Z DEBUG @wdio/utils:shim: Finished to run "beforeCommand" hook in 0ms
2026-09-08T21:38:26.061Z INFO webdriver: COMMAND executeScript(<fn>, <object>)
2026-09-08T21:38:26.061Z INFO webdriver: [POST] http://127.0.0.1:4459/session/73d1ae20-d07b-4899-bca8-5e3083d4ce91/execute/sync
2026-09-08T21:38:26.061Z INFO webdriver: DATA {"script":"\n            function webdriverioPolyfill() {\n  var __defProp = Object.defineProperty;\n  var __name = function(target, _value) {\n    return __defProp(target, \"name\", { value: _value, configurable: true });\n  };\n  var __globalThis = typeof globalThis === \"object\" && globalThis || typeof window === \"object\" && window;\n  __globalThis.__name = __name;\n}\n            webdriverioPolyfill();\n            return (id=>window.__AIO_E2E_TAURI_RESULTS__?.[id]).apply(null, arguments)\n        ","args":["tauri-command-1788903503048-1"]}
2026-09-08T21:38:26.068Z INFO webdriver: RESULT { status: 'pending' }
2026-09-08T21:38:26.160Z DEBUG @wdio/utils:shim: Finished to run "beforeCommand" hook in 0ms
2026-09-08T21:38:26.161Z DEBUG @wdio/utils:shim: Finished to run "beforeCommand" hook in 0ms
2026-09-08T21:38:26.161Z INFO webdriver: COMMAND executeScript(<fn>, <object>)
2026-09-08T21:38:26.161Z INFO webdriver: [POST] http://127.0.0.1:4459/session/73d1ae20-d07b-4899-bca8-5e3083d4ce91/execute/sync
2026-09-08T21:38:26.161Z INFO webdriver: DATA {"script":"\n            function webdriverioPolyfill() {\n  var __defProp = Object.defineProperty;\n  var __name = function(target, _value) {\n    return __defProp(target, \"name\", { value: _value, configurable: true });\n  };\n  var __globalThis = typeof globalThis === \"object\" && globalThis || typeof window === \"object\" && window;\n  __globalThis.__name = __name;\n}\n            webdriverioPolyfill();\n            return (id=>window.__AIO_E2E_TAURI_RESULTS__?.[id]).apply(null, arguments)\n        ","args":["tauri-command-1788903503048-1"]}
2026-09-08T21:38:26.167Z INFO webdriver: RESULT { status: 'pending' }
2026-09-08T21:38:26.261Z DEBUG @wdio/utils:shim: Finished to run "beforeCommand" hook in 0ms
2026-09-08T21:38:26.261Z DEBUG @wdio/utils:shim: Finished to run "beforeCommand" hook in 0ms
2026-09-08T21:38:26.262Z INFO webdriver: COMMAND executeScript(<fn>, <object>)
2026-09-08T21:38:26.262Z INFO webdriver: [POST] http://127.0.0.1:4459/session/73d1ae20-d07b-4899-bca8-5e3083d4ce91/execute/sync
2026-09-08T21:38:26.262Z INFO webdriver: DATA {"script":"\n            function webdriverioPolyfill() {\n  var __defProp = Object.defineProperty;\n  var __name = function(target, _value) {\n    return __defProp(target, \"name\", { value: _value, configurable: true });\n  };\n  var __globalThis = typeof globalThis === \"object\" && globalThis || typeof window === \"object\" && window;\n  __globalThis.__name = __name;\n}\n            webdriverioPolyfill();\n            return (id=>window.__AIO_E2E_TAURI_RESULTS__?.[id]).apply(null, arguments)\n        ","args":["tauri-command-1788903503048-1"]}
2026-09-08T21:38:26.268Z INFO webdriver: RESULT { status: 'pending' }
2026-09-08T21:38:26.362Z DEBUG @wdio/utils:shim: Finished to run "beforeCommand" hook in 0ms
2026-09-08T21:38:26.362Z DEBUG @wdio/utils:shim: Finished to run "beforeCommand" hook in 0ms
2026-09-08T21:38:26.362Z INFO webdriver: COMMAND executeScript(<fn>, <object>)
2026-09-08T21:38:26.362Z INFO webdriver: [POST] http://127.0.0.1:4459/session/73d1ae20-d07b-4899-bca8-5e3083d4ce91/execute/sync
2026-09-08T21:38:26.362Z INFO webdriver: DATA {"script":"\n            function webdriverioPolyfill() {\n  var __defProp = Object.defineProperty;\n  var __name = function(target, _value) {\n    return __defProp(target, \"name\", { value: _value, configurable: true });\n  };\n  var __globalThis = typeof globalThis === \"object\" && globalThis || typeof window === \"object\" && window;\n  __globalThis.__name = __name;\n}\n            webdriverioPolyfill();\n            return (id=>window.__AIO_E2E_TAURI_RESULTS__?.[id]).apply(null, arguments)\n        ","args":["tauri-command-1788903503048-1"]}
2026-09-08T21:38:26.370Z INFO webdriver: RESULT { status: 'pending' }
2026-09-08T21:38:26.460Z DEBUG @wdio/utils:shim: Finished to run "beforeCommand" hook in 0ms
2026-09-08T21:38:26.461Z DEBUG @wdio/utils:shim: Finished to run "beforeCommand" hook in 0ms
2026-09-08T21:38:26.461Z INFO webdriver: COMMAND executeScript(<fn>, <object>)
2026-09-08T21:38:26.461Z INFO webdriver: [POST] http://127.0.0.1:4459/session/73d1ae20-d07b-4899-bca8-5e3083d4ce91/execute/sync
2026-09-08T21:38:26.461Z INFO webdriver: DATA {"script":"\n            function webdriverioPolyfill() {\n  var __defProp = Object.defineProperty;\n  var __name = function(target, _value) {\n    return __defProp(target, \"name\", { value: _value, configurable: true });\n  };\n  var __globalThis = typeof globalThis === \"object\" && globalThis || typeof window === \"object\" && window;\n  __globalThis.__name = __name;\n}\n            webdriverioPolyfill();\n            return (id=>window.__AIO_E2E_TAURI_RESULTS__?.[id]).apply(null, arguments)\n        ","args":["tauri-command-1788903503048-1"]}
2026-09-08T21:38:26.468Z INFO webdriver: RESULT { status: 'pending' }
2026-09-08T21:38:26.561Z DEBUG @wdio/utils:shim: Finished to run "beforeCommand" hook in 0ms
2026-09-08T21:38:26.561Z DEBUG @wdio/utils:shim: Finished to run "beforeCommand" hook in 0ms
2026-09-08T21:38:26.561Z INFO webdriver: COMMAND executeScript(<fn>, <object>)
2026-09-08T21:38:26.562Z INFO webdriver: [POST] http://127.0.0.1:4459/session/73d1ae20-d07b-4899-bca8-5e3083d4ce91/execute/sync
2026-09-08T21:38:26.562Z INFO webdriver: DATA {"script":"\n            function webdriverioPolyfill() {\n  var __defProp = Object.defineProperty;\n  var __name = function(target, _value) {\n    return __defProp(target, \"name\", { value: _value, configurable: true });\n  };\n  var __globalThis = typeof globalThis === \"object\" && globalThis || typeof window === \"object\" && window;\n  __globalThis.__name = __name;\n}\n            webdriverioPolyfill();\n            return (id=>window.__AIO_E2E_TAURI_RESULTS__?.[id]).apply(null, arguments)\n        ","args":["tauri-command-1788903503048-1"]}
2026-09-08T21:38:26.569Z INFO webdriver: RESULT { status: 'pending' }
2026-09-08T21:38:26.661Z DEBUG @wdio/utils:shim: Finished to run "beforeCommand" hook in 0ms
2026-09-08T21:38:26.661Z DEBUG @wdio/utils:shim: Finished to run "beforeCommand" hook in 0ms
2026-09-08T21:38:26.662Z INFO webdriver: COMMAND executeScript(<fn>, <object>)
2026-09-08T21:38:26.662Z INFO webdriver: [POST] http://127.0.0.1:4459/session/73d1ae20-d07b-4899-bca8-5e3083d4ce91/execute/sync
2026-09-08T21:38:26.662Z INFO webdriver: DATA {"script":"\n            function webdriverioPolyfill() {\n  var __defProp = Object.defineProperty;\n  var __name = function(target, _value) {\n    return __defProp(target, \"name\", { value: _value, configurable: true });\n  };\n  var __globalThis = typeof globalThis === \"object\" && globalThis || typeof window === \"object\" && window;\n  __globalThis.__name = __name;\n}\n            webdriverioPolyfill();\n            return (id=>window.__AIO_E2E_TAURI_RESULTS__?.[id]).apply(null, arguments)\n        ","args":["tauri-command-1788903503048-1"]}
2026-09-08T21:38:26.669Z INFO webdriver: RESULT { status: 'pending' }
2026-09-08T21:38:26.761Z DEBUG @wdio/utils:shim: Finished to run "beforeCommand" hook in 0ms
2026-09-08T21:38:26.761Z DEBUG @wdio/utils:shim: Finished to run "beforeCommand" hook in 0ms
2026-09-08T21:38:26.761Z INFO webdriver: COMMAND executeScript(<fn>, <object>)
2026-09-08T21:38:26.761Z INFO webdriver: [POST] http://127.0.0.1:4459/session/73d1ae20-d07b-4899-bca8-5e3083d4ce91/execute/sync
2026-09-08T21:38:26.761Z INFO webdriver: DATA {"script":"\n            function webdriverioPolyfill() {\n  var __defProp = Object.defineProperty;\n  var __name = function(target, _value) {\n    return __defProp(target, \"name\", { value: _value, configurable: true });\n  };\n  var __globalThis = typeof globalThis === \"object\" && globalThis || typeof window === \"object\" && window;\n  __globalThis.__name = __name;\n}\n            webdriverioPolyfill();\n            return (id=>window.__AIO_E2E_TAURI_RESULTS__?.[id]).apply(null, arguments)\n        ","args":["tauri-command-1788903503048-1"]}
2026-09-08T21:38:26.767Z INFO webdriver: RESULT { status: 'pending' }
2026-09-08T21:38:26.860Z DEBUG @wdio/utils:shim: Finished to run "beforeCommand" hook in 0ms
2026-09-08T21:38:26.860Z DEBUG @wdio/utils:shim: Finished to run "beforeCommand" hook in 0ms
2026-09-08T21:38:26.860Z INFO webdriver: COMMAND executeScript(<fn>, <object>)
2026-09-08T21:38:26.861Z INFO webdriver: [POST] http://127.0.0.1:4459/session/73d1ae20-d07b-4899-bca8-5e3083d4ce91/execute/sync
2026-09-08T21:38:26.861Z INFO webdriver: DATA {"script":"\n            function webdriverioPolyfill() {\n  var __defProp = Object.defineProperty;\n  var __name = function(target, _value) {\n    return __defProp(target, \"name\", { value: _value, configurable: true });\n  };\n  var __globalThis = typeof globalThis === \"object\" && globalThis || typeof window === \"object\" && window;\n  __globalThis.__name = __name;\n}\n            webdriverioPolyfill();\n            return (id=>window.__AIO_E2E_TAURI_RESULTS__?.[id]).apply(null, arguments)\n        ","args":["tauri-command-1788903503048-1"]}
2026-09-08T21:38:26.867Z INFO webdriver: RESULT { status: 'pending' }
2026-09-08T21:38:26.960Z DEBUG @wdio/utils:shim: Finished to run "beforeCommand" hook in 0ms
2026-09-08T21:38:26.960Z DEBUG @wdio/utils:shim: Finished to run "beforeCommand" hook in 0ms
2026-09-08T21:38:26.961Z INFO webdriver: COMMAND executeScript(<fn>, <object>)
2026-09-08T21:38:26.961Z INFO webdriver: [POST] http://127.0.0.1:4459/session/73d1ae20-d07b-4899-bca8-5e3083d4ce91/execute/sync
2026-09-08T21:38:26.961Z INFO webdriver: DATA {"script":"\n            function webdriverioPolyfill() {\n  var __defProp = Object.defineProperty;\n  var __name = function(target, _value) {\n    return __defProp(target, \"name\", { value: _value, configurable: true });\n  };\n  var __globalThis = typeof globalThis === \"object\" && globalThis || typeof window === \"object\" && window;\n  __globalThis.__name = __name;\n}\n            webdriverioPolyfill();\n            return (id=>window.__AIO_E2E_TAURI_RESULTS__?.[id]).apply(null, arguments)\n        ","args":["tauri-command-1788903503048-1"]}
2026-09-08T21:38:26.967Z INFO webdriver: RESULT { status: 'pending' }
2026-09-08T21:38:27.060Z DEBUG @wdio/utils:shim: Finished to run "beforeCommand" hook in 0ms
2026-09-08T21:38:27.060Z DEBUG @wdio/utils:shim: Finished to run "beforeCommand" hook in 0ms
2026-09-08T21:38:27.060Z INFO webdriver: COMMAND executeScript(<fn>, <object>)
2026-09-08T21:38:27.060Z INFO webdriver: [POST] http://127.0.0.1:4459/session/73d1ae20-d07b-4899-bca8-5e3083d4ce91/execute/sync
2026-09-08T21:38:27.060Z INFO webdriver: DATA {"script":"\n            function webdriverioPolyfill() {\n  var __defProp = Object.defineProperty;\n  var __name = function(target, _value) {\n    return __defProp(target, \"name\", { value: _value, configurable: true });\n  };\n  var __globalThis = typeof globalThis === \"object\" && globalThis || typeof window === \"object\" && window;\n  __globalThis.__name = __name;\n}\n            webdriverioPolyfill();\n            return (id=>window.__AIO_E2E_TAURI_RESULTS__?.[id]).apply(null, arguments)\n        ","args":["tauri-command-1788903503048-1"]}
2026-09-08T21:38:27.068Z INFO webdriver: RESULT { status: 'pending' }
2026-09-08T21:38:27.162Z DEBUG @wdio/utils:shim: Finished to run "beforeCommand" hook in 0ms
2026-09-08T21:38:27.162Z DEBUG @wdio/utils:shim: Finished to run "beforeCommand" hook in 0ms
2026-09-08T21:38:27.162Z INFO webdriver: COMMAND executeScript(<fn>, <object>)
2026-09-08T21:38:27.162Z INFO webdriver: [POST] http://127.0.0.1:4459/session/73d1ae20-d07b-4899-bca8-5e3083d4ce91/execute/sync
2026-09-08T21:38:27.162Z INFO webdriver: DATA {"script":"\n            function webdriverioPolyfill() {\n  var __defProp = Object.defineProperty;\n  var __name = function(target, _value) {\n    return __defProp(target, \"name\", { value: _value, configurable: true });\n  };\n  var __globalThis = typeof globalThis === \"object\" && globalThis || typeof window === \"object\" && window;\n  __globalThis.__name = __name;\n}\n            webdriverioPolyfill();\n            return (id=>window.__AIO_E2E_TAURI_RESULTS__?.[id]).apply(null, arguments)\n        ","args":["tauri-command-1788903503048-1"]}
2026-09-08T21:38:27.168Z INFO webdriver: RESULT { status: 'pending' }
2026-09-08T21:38:27.261Z DEBUG @wdio/utils:shim: Finished to run "beforeCommand" hook in 0ms
2026-09-08T21:38:27.261Z DEBUG @wdio/utils:shim: Finished to run "beforeCommand" hook in 0ms
2026-09-08T21:38:27.261Z INFO webdriver: COMMAND executeScript(<fn>, <object>)
2026-09-08T21:38:27.262Z INFO webdriver: [POST] http://127.0.0.1:4459/session/73d1ae20-d07b-4899-bca8-5e3083d4ce91/execute/sync
2026-09-08T21:38:27.262Z INFO webdriver: DATA {"script":"\n            function webdriverioPolyfill() {\n  var __defProp = Object.defineProperty;\n  var __name = function(target, _value) {\n    return __defProp(target, \"name\", { value: _value, configurable: true });\n  };\n  var __globalThis = typeof globalThis === \"object\" && globalThis || typeof window === \"object\" && window;\n  __globalThis.__name = __name;\n}\n            webdriverioPolyfill();\n            return (id=>window.__AIO_E2E_TAURI_RESULTS__?.[id]).apply(null, arguments)\n        ","args":["tauri-command-1788903503048-1"]}
2026-09-08T21:38:27.269Z INFO webdriver: RESULT { status: 'pending' }
2026-09-08T21:38:27.361Z DEBUG @wdio/utils:shim: Finished to run "beforeCommand" hook in 0ms
2026-09-08T21:38:27.361Z DEBUG @wdio/utils:shim: Finished to run "beforeCommand" hook in 0ms
2026-09-08T21:38:27.361Z INFO webdriver: COMMAND executeScript(<fn>, <object>)
2026-09-08T21:38:27.361Z INFO webdriver: [POST] http://127.0.0.1:4459/session/73d1ae20-d07b-4899-bca8-5e3083d4ce91/execute/sync
2026-09-08T21:38:27.361Z INFO webdriver: DATA {"script":"\n            function webdriverioPolyfill() {\n  var __defProp = Object.defineProperty;\n  var __name = function(target, _value) {\n    return __defProp(target, \"name\", { value: _value, configurable: true });\n  };\n  var __globalThis = typeof globalThis === \"object\" && globalThis || typeof window === \"object\" && window;\n  __globalThis.__name = __name;\n}\n            webdriverioPolyfill();\n            return (id=>window.__AIO_E2E_TAURI_RESULTS__?.[id]).apply(null, arguments)\n        ","args":["tauri-command-1788903503048-1"]}
2026-09-08T21:38:27.367Z INFO webdriver: RESULT { status: 'pending' }
2026-09-08T21:38:27.462Z DEBUG @wdio/utils:shim: Finished to run "beforeCommand" hook in 0ms
2026-09-08T21:38:27.462Z DEBUG @wdio/utils:shim: Finished to run "beforeCommand" hook in 0ms
2026-09-08T21:38:27.462Z INFO webdriver: COMMAND executeScript(<fn>, <object>)
2026-09-08T21:38:27.462Z INFO webdriver: [POST] http://127.0.0.1:4459/session/73d1ae20-d07b-4899-bca8-5e3083d4ce91/execute/sync
2026-09-08T21:38:27.462Z INFO webdriver: DATA {"script":"\n            function webdriverioPolyfill() {\n  var __defProp = Object.defineProperty;\n  var __name = function(target, _value) {\n    return __defProp(target, \"name\", { value: _value, configurable: true });\n  };\n  var __globalThis = typeof globalThis === \"object\" && globalThis || typeof window === \"object\" && window;\n  __globalThis.__name = __name;\n}\n            webdriverioPolyfill();\n            return (id=>window.__AIO_E2E_TAURI_RESULTS__?.[id]).apply(null, arguments)\n        ","args":["tauri-command-1788903503048-1"]}
2026-09-08T21:38:27.468Z INFO webdriver: RESULT { status: 'pending' }
2026-09-08T21:38:27.561Z DEBUG @wdio/utils:shim: Finished to run "beforeCommand" hook in 0ms
2026-09-08T21:38:27.561Z DEBUG @wdio/utils:shim: Finished to run "beforeCommand" hook in 0ms
2026-09-08T21:38:27.561Z INFO webdriver: COMMAND executeScript(<fn>, <object>)
2026-09-08T21:38:27.561Z INFO webdriver: [POST] http://127.0.0.1:4459/session/73d1ae20-d07b-4899-bca8-5e3083d4ce91/execute/sync
2026-09-08T21:38:27.561Z INFO webdriver: DATA {"script":"\n            function webdriverioPolyfill() {\n  var __defProp = Object.defineProperty;\n  var __name = function(target, _value) {\n    return __defProp(target, \"name\", { value: _value, configurable: true });\n  };\n  var __globalThis = typeof globalThis === \"object\" && globalThis || typeof window === \"object\" && window;\n  __globalThis.__name = __name;\n}\n            webdriverioPolyfill();\n            return (id=>window.__AIO_E2E_TAURI_RESULTS__?.[id]).apply(null, arguments)\n        ","args":["tauri-command-1788903503048-1"]}
2026-09-08T21:38:27.567Z INFO webdriver: RESULT { status: 'pending' }
2026-09-08T21:38:27.660Z DEBUG @wdio/utils:shim: Finished to run "beforeCommand" hook in 0ms
2026-09-08T21:38:27.660Z DEBUG @wdio/utils:shim: Finished to run "beforeCommand" hook in 0ms
2026-09-08T21:38:27.660Z INFO webdriver: COMMAND executeScript(<fn>, <object>)
2026-09-08T21:38:27.660Z INFO webdriver: [POST] http://127.0.0.1:4459/session/73d1ae20-d07b-4899-bca8-5e3083d4ce91/execute/sync
2026-09-08T21:38:27.660Z INFO webdriver: DATA {"script":"\n            function webdriverioPolyfill() {\n  var __defProp = Object.defineProperty;\n  var __name = function(target, _value) {\n    return __defProp(target, \"name\", { value: _value, configurable: true });\n  };\n  var __globalThis = typeof globalThis === \"object\" && globalThis || typeof window === \"object\" && window;\n  __globalThis.__name = __name;\n}\n            webdriverioPolyfill();\n            return (id=>window.__AIO_E2E_TAURI_RESULTS__?.[id]).apply(null, arguments)\n        ","args":["tauri-command-1788903503048-1"]}
2026-09-08T21:38:27.666Z INFO webdriver: RESULT { status: 'pending' }
2026-09-08T21:38:27.761Z DEBUG @wdio/utils:shim: Finished to run "beforeCommand" hook in 0ms
2026-09-08T21:38:27.761Z DEBUG @wdio/utils:shim: Finished to run "beforeCommand" hook in 0ms
2026-09-08T21:38:27.761Z INFO webdriver: COMMAND executeScript(<fn>, <object>)
2026-09-08T21:38:27.761Z INFO webdriver: [POST] http://127.0.0.1:4459/session/73d1ae20-d07b-4899-bca8-5e3083d4ce91/execute/sync
2026-09-08T21:38:27.761Z INFO webdriver: DATA {"script":"\n            function webdriverioPolyfill() {\n  var __defProp = Object.defineProperty;\n  var __name = function(target, _value) {\n    return __defProp(target, \"name\", { value: _value, configurable: true });\n  };\n  var __globalThis = typeof globalThis === \"object\" && globalThis || typeof window === \"object\" && window;\n  __globalThis.__name = __name;\n}\n            webdriverioPolyfill();\n            return (id=>window.__AIO_E2E_TAURI_RESULTS__?.[id]).apply(null, arguments)\n        ","args":["tauri-command-1788903503048-1"]}
2026-09-08T21:38:27.769Z INFO webdriver: RESULT { status: 'pending' }
2026-09-08T21:38:27.861Z DEBUG @wdio/utils:shim: Finished to run "beforeCommand" hook in 0ms
2026-09-08T21:38:27.861Z DEBUG @wdio/utils:shim: Finished to run "beforeCommand" hook in 0ms
2026-09-08T21:38:27.861Z INFO webdriver: COMMAND executeScript(<fn>, <object>)
2026-09-08T21:38:27.862Z INFO webdriver: [POST] http://127.0.0.1:4459/session/73d1ae20-d07b-4899-bca8-5e3083d4ce91/execute/sync
2026-09-08T21:38:27.862Z INFO webdriver: DATA {"script":"\n            function webdriverioPolyfill() {\n  var __defProp = Object.defineProperty;\n  var __name = function(target, _value) {\n    return __defProp(target, \"name\", { value: _value, configurable: true });\n  };\n  var __globalThis = typeof globalThis === \"object\" && globalThis || typeof window === \"object\" && window;\n  __globalThis.__name = __name;\n}\n            webdriverioPolyfill();\n            return (id=>window.__AIO_E2E_TAURI_RESULTS__?.[id]).apply(null, arguments)\n        ","args":["tauri-command-1788903503048-1"]}
2026-09-08T21:38:27.868Z INFO webdriver: RESULT { status: 'pending' }
2026-09-08T21:38:27.961Z DEBUG @wdio/utils:shim: Finished to run "beforeCommand" hook in 0ms
2026-09-08T21:38:27.961Z DEBUG @wdio/utils:shim: Finished to run "beforeCommand" hook in 0ms
2026-09-08T21:38:27.962Z INFO webdriver: COMMAND executeScript(<fn>, <object>)
2026-09-08T21:38:27.962Z INFO webdriver: [POST] http://127.0.0.1:4459/session/73d1ae20-d07b-4899-bca8-5e3083d4ce91/execute/sync
2026-09-08T21:38:27.962Z INFO webdriver: DATA {"script":"\n            function webdriverioPolyfill() {\n  var __defProp = Object.defineProperty;\n  var __name = function(target, _value) {\n    return __defProp(target, \"name\", { value: _value, configurable: true });\n  };\n  var __globalThis = typeof globalThis === \"object\" && globalThis || typeof window === \"object\" && window;\n  __globalThis.__name = __name;\n}\n            webdriverioPolyfill();\n            return (id=>window.__AIO_E2E_TAURI_RESULTS__?.[id]).apply(null, arguments)\n        ","args":["tauri-command-1788903503048-1"]}
2026-09-08T21:38:27.969Z INFO webdriver: RESULT { status: 'pending' }
2026-09-08T21:38:28.061Z DEBUG @wdio/utils:shim: Finished to run "beforeCommand" hook in 0ms
2026-09-08T21:38:28.061Z DEBUG @wdio/utils:shim: Finished to run "beforeCommand" hook in 0ms
2026-09-08T21:38:28.061Z INFO webdriver: COMMAND executeScript(<fn>, <object>)
2026-09-08T21:38:28.062Z INFO webdriver: [POST] http://127.0.0.1:4459/session/73d1ae20-d07b-4899-bca8-5e3083d4ce91/execute/sync
2026-09-08T21:38:28.062Z INFO webdriver: DATA {"script":"\n            function webdriverioPolyfill() {\n  var __defProp = Object.defineProperty;\n  var __name = function(target, _value) {\n    return __defProp(target, \"name\", { value: _value, configurable: true });\n  };\n  var __globalThis = typeof globalThis === \"object\" && globalThis || typeof window === \"object\" && window;\n  __globalThis.__name = __name;\n}\n            webdriverioPolyfill();\n            return (id=>window.__AIO_E2E_TAURI_RESULTS__?.[id]).apply(null, arguments)\n        ","args":["tauri-command-1788903503048-1"]}
2026-09-08T21:38:28.069Z INFO webdriver: RESULT { status: 'pending' }
2026-09-08T21:38:28.161Z DEBUG @wdio/utils:shim: Finished to run "beforeCommand" hook in 0ms
2026-09-08T21:38:28.161Z DEBUG @wdio/utils:shim: Finished to run "beforeCommand" hook in 0ms
2026-09-08T21:38:28.161Z INFO webdriver: COMMAND executeScript(<fn>, <object>)
2026-09-08T21:38:28.161Z INFO webdriver: [POST] http://127.0.0.1:4459/session/73d1ae20-d07b-4899-bca8-5e3083d4ce91/execute/sync
2026-09-08T21:38:28.162Z INFO webdriver: DATA {"script":"\n            function webdriverioPolyfill() {\n  var __defProp = Object.defineProperty;\n  var __name = function(target, _value) {\n    return __defProp(target, \"name\", { value: _value, configurable: true });\n  };\n  var __globalThis = typeof globalThis === \"object\" && globalThis || typeof window === \"object\" && window;\n  __globalThis.__name = __name;\n}\n            webdriverioPolyfill();\n            return (id=>window.__AIO_E2E_TAURI_RESULTS__?.[id]).apply(null, arguments)\n        ","args":["tauri-command-1788903503048-1"]}
2026-09-08T21:38:28.169Z INFO webdriver: RESULT { status: 'pending' }
2026-09-08T21:38:28.261Z DEBUG @wdio/utils:shim: Finished to run "beforeCommand" hook in 0ms
2026-09-08T21:38:28.261Z DEBUG @wdio/utils:shim: Finished to run "beforeCommand" hook in 0ms
2026-09-08T21:38:28.261Z INFO webdriver: COMMAND executeScript(<fn>, <object>)
2026-09-08T21:38:28.261Z INFO webdriver: [POST] http://127.0.0.1:4459/session/73d1ae20-d07b-4899-bca8-5e3083d4ce91/execute/sync
2026-09-08T21:38:28.261Z INFO webdriver: DATA {"script":"\n            function webdriverioPolyfill() {\n  var __defProp = Object.defineProperty;\n  var __name = function(target, _value) {\n    return __defProp(target, \"name\", { value: _value, configurable: true });\n  };\n  var __globalThis = typeof globalThis === \"object\" && globalThis || typeof window === \"object\" && window;\n  __globalThis.__name = __name;\n}\n            webdriverioPolyfill();\n            return (id=>window.__AIO_E2E_TAURI_RESULTS__?.[id]).apply(null, arguments)\n        ","args":["tauri-command-1788903503048-1"]}
2026-09-08T21:38:28.267Z INFO webdriver: RESULT { status: 'pending' }
2026-09-08T21:38:28.361Z DEBUG @wdio/utils:shim: Finished to run "beforeCommand" hook in 0ms
2026-09-08T21:38:28.361Z DEBUG @wdio/utils:shim: Finished to run "beforeCommand" hook in 0ms
2026-09-08T21:38:28.361Z INFO webdriver: COMMAND executeScript(<fn>, <object>)
2026-09-08T21:38:28.361Z INFO webdriver: [POST] http://127.0.0.1:4459/session/73d1ae20-d07b-4899-bca8-5e3083d4ce91/execute/sync
2026-09-08T21:38:28.361Z INFO webdriver: DATA {"script":"\n            function webdriverioPolyfill() {\n  var __defProp = Object.defineProperty;\n  var __name = function(target, _value) {\n    return __defProp(target, \"name\", { value: _value, configurable: true });\n  };\n  var __globalThis = typeof globalThis === \"object\" && globalThis || typeof window === \"object\" && window;\n  __globalThis.__name = __name;\n}\n            webdriverioPolyfill();\n            return (id=>window.__AIO_E2E_TAURI_RESULTS__?.[id]).apply(null, arguments)\n        ","args":["tauri-command-1788903503048-1"]}
2026-09-08T21:38:28.369Z INFO webdriver: RESULT { status: 'pending' }
2026-09-08T21:38:28.460Z DEBUG @wdio/utils:shim: Finished to run "beforeCommand" hook in 0ms
2026-09-08T21:38:28.461Z DEBUG @wdio/utils:shim: Finished to run "beforeCommand" hook in 0ms
2026-09-08T21:38:28.461Z INFO webdriver: COMMAND executeScript(<fn>, <object>)
2026-09-08T21:38:28.461Z INFO webdriver: [POST] http://127.0.0.1:4459/session/73d1ae20-d07b-4899-bca8-5e3083d4ce91/execute/sync
2026-09-08T21:38:28.461Z INFO webdriver: DATA {"script":"\n            function webdriverioPolyfill() {\n  var __defProp = Object.defineProperty;\n  var __name = function(target, _value) {\n    return __defProp(target, \"name\", { value: _value, configurable: true });\n  };\n  var __globalThis = typeof globalThis === \"object\" && globalThis || typeof window === \"object\" && window;\n  __globalThis.__name = __name;\n}\n            webdriverioPolyfill();\n            return (id=>window.__AIO_E2E_TAURI_RESULTS__?.[id]).apply(null, arguments)\n        ","args":["tauri-command-1788903503048-1"]}
2026-09-08T21:38:28.467Z INFO webdriver: RESULT { status: 'pending' }
2026-09-08T21:38:28.561Z DEBUG @wdio/utils:shim: Finished to run "beforeCommand" hook in 0ms
2026-09-08T21:38:28.561Z DEBUG @wdio/utils:shim: Finished to run "beforeCommand" hook in 0ms
2026-09-08T21:38:28.561Z INFO webdriver: COMMAND executeScript(<fn>, <object>)
2026-09-08T21:38:28.561Z INFO webdriver: [POST] http://127.0.0.1:4459/session/73d1ae20-d07b-4899-bca8-5e3083d4ce91/execute/sync
2026-09-08T21:38:28.561Z INFO webdriver: DATA {"script":"\n            function webdriverioPolyfill() {\n  var __defProp = Object.defineProperty;\n  var __name = function(target, _value) {\n    return __defProp(target, \"name\", { value: _value, configurable: true });\n  };\n  var __globalThis = typeof globalThis === \"object\" && globalThis || typeof window === \"object\" && window;\n  __globalThis.__name = __name;\n}\n            webdriverioPolyfill();\n            return (id=>window.__AIO_E2E_TAURI_RESULTS__?.[id]).apply(null, arguments)\n        ","args":["tauri-command-1788903503048-1"]}
2026-09-08T21:38:28.568Z INFO webdriver: RESULT { status: 'pending' }
2026-09-08T21:38:28.660Z DEBUG @wdio/utils:shim: Finished to run "beforeCommand" hook in 0ms
2026-09-08T21:38:28.660Z DEBUG @wdio/utils:shim: Finished to run "beforeCommand" hook in 0ms
2026-09-08T21:38:28.660Z INFO webdriver: COMMAND executeScript(<fn>, <object>)
2026-09-08T21:38:28.660Z INFO webdriver: [POST] http://127.0.0.1:4459/session/73d1ae20-d07b-4899-bca8-5e3083d4ce91/execute/sync
2026-09-08T21:38:28.660Z INFO webdriver: DATA {"script":"\n            function webdriverioPolyfill() {\n  var __defProp = Object.defineProperty;\n  var __name = function(target, _value) {\n    return __defProp(target, \"name\", { value: _value, configurable: true });\n  };\n  var __globalThis = typeof globalThis === \"object\" && globalThis || typeof window === \"object\" && window;\n  __globalThis.__name = __name;\n}\n            webdriverioPolyfill();\n            return (id=>window.__AIO_E2E_TAURI_RESULTS__?.[id]).apply(null, arguments)\n        ","args":["tauri-command-1788903503048-1"]}
2026-09-08T21:38:28.667Z INFO webdriver: RESULT { status: 'pending' }
2026-09-08T21:38:28.760Z DEBUG @wdio/utils:shim: Finished to run "beforeCommand" hook in 0ms
2026-09-08T21:38:28.760Z DEBUG @wdio/utils:shim: Finished to run "beforeCommand" hook in 0ms
2026-09-08T21:38:28.761Z INFO webdriver: COMMAND executeScript(<fn>, <object>)
2026-09-08T21:38:28.761Z INFO webdriver: [POST] http://127.0.0.1:4459/session/73d1ae20-d07b-4899-bca8-5e3083d4ce91/execute/sync
2026-09-08T21:38:28.761Z INFO webdriver: DATA {"script":"\n            function webdriverioPolyfill() {\n  var __defProp = Object.defineProperty;\n  var __name = function(target, _value) {\n    return __defProp(target, \"name\", { value: _value, configurable: true });\n  };\n  var __globalThis = typeof globalThis === \"object\" && globalThis || typeof window === \"object\" && window;\n  __globalThis.__name = __name;\n}\n            webdriverioPolyfill();\n            return (id=>window.__AIO_E2E_TAURI_RESULTS__?.[id]).apply(null, arguments)\n        ","args":["tauri-command-1788903503048-1"]}
2026-09-08T21:38:28.773Z INFO webdriver: RESULT {
  status: 'resolved',
  value: {
    installPath: 'D:\\a\\aio-hub\\aio-hub\\.e2e-data\\dsh-native\\plugins\\dsh-coding-workspace',
    pluginId: 'dsh-coding-workspace',
    pluginName: 'Coding工作站',
    version: '0.1.0'
  }
}
2026-09-08T21:38:28.773Z DEBUG @wdio/utils:shim: Finished to run "beforeCommand" hook in 0ms
2026-09-08T21:38:28.773Z DEBUG @wdio/utils:shim: Finished to run "beforeCommand" hook in 0ms
2026-09-08T21:38:28.773Z INFO webdriver: COMMAND executeScript(<fn>, <object>)
2026-09-08T21:38:28.773Z INFO webdriver: [POST] http://127.0.0.1:4459/session/73d1ae20-d07b-4899-bca8-5e3083d4ce91/execute/sync
2026-09-08T21:38:28.773Z INFO webdriver: DATA {"script":"\n            function webdriverioPolyfill() {\n  var __defProp = Object.defineProperty;\n  var __name = function(target, _value) {\n    return __defProp(target, \"name\", { value: _value, configurable: true });\n  };\n  var __globalThis = typeof globalThis === \"object\" && globalThis || typeof window === \"object\" && window;\n  __globalThis.__name = __name;\n}\n            webdriverioPolyfill();\n            return (id=>{const results=window.__AIO_E2E_TAURI_RESULTS__;const value=results?.[id];if(results)delete results[id];return value}).apply(null, arguments)\n        ","args":["tauri-command-1788903503048-1"]}
2026-09-08T21:38:28.779Z INFO webdriver: RESULT {
  status: 'resolved',
  value: {
    installPath: 'D:\\a\\aio-hub\\aio-hub\\.e2e-data\\dsh-native\\plugins\\dsh-coding-workspace',
    pluginId: 'dsh-coding-workspace',
    pluginName: 'Coding工作站',
    version: '0.1.0'
  }
}
2026-09-08T21:38:28.779Z DEBUG @wdio/utils:shim: Finished to run "beforeCommand" hook in 0ms
2026-09-08T21:38:28.780Z DEBUG @wdio/utils:shim: Finished to run "beforeCommand" hook in 0ms
2026-09-08T21:38:28.780Z DEBUG @wdio/utils:shim: Finished to run "beforeCommand" hook in 0ms
2026-09-08T21:38:28.780Z INFO webdriver: COMMAND executeScript(<fn>, <object>)
2026-09-08T21:38:28.780Z INFO webdriver: [POST] http://127.0.0.1:4459/session/73d1ae20-d07b-4899-bca8-5e3083d4ce91/execute/sync
2026-09-08T21:38:28.780Z INFO webdriver: DATA {"script":"\n            function webdriverioPolyfill() {\n  var __defProp = Object.defineProperty;\n  var __name = function(target, _value) {\n    return __defProp(target, \"name\", { value: _value, configurable: true });\n  };\n  var __globalThis = typeof globalThis === \"object\" && globalThis || typeof window === \"object\" && window;\n  __globalThis.__name = __name;\n}\n            webdriverioPolyfill();\n            return (()=>!!window.__TAURI_INTERNALS__).apply(null, arguments)\n        ","args":[]}
2026-09-08T21:38:28.785Z INFO webdriver: RESULT true
2026-09-08T21:38:28.785Z DEBUG @wdio/utils:shim: Finished to run "beforeCommand" hook in 0ms
2026-09-08T21:38:28.785Z DEBUG @wdio/utils:shim: Finished to run "beforeCommand" hook in 0ms
2026-09-08T21:38:28.786Z INFO webdriver: COMMAND executeScript(<fn>, <object>)
2026-09-08T21:38:28.786Z INFO webdriver: [POST] http://127.0.0.1:4459/session/73d1ae20-d07b-4899-bca8-5e3083d4ce91/execute/sync
2026-09-08T21:38:28.786Z INFO webdriver: DATA {"script":"\n            function webdriverioPolyfill() {\n  var __defProp = Object.defineProperty;\n  var __name = function(target, _value) {\n    return __defProp(target, \"name\", { value: _value, configurable: true });\n  };\n  var __globalThis = typeof globalThis === \"object\" && globalThis || typeof window === \"object\" && window;\n  __globalThis.__name = __name;\n}\n            webdriverioPolyfill();\n            return ((id,commandName,commandArgs)=>{const e2eWindow=window;const results=e2eWindow.__AIO_E2E_TAURI_RESULTS__??={};const bridge=e2eWindow.__TAURI_INTERNALS__;if(!bridge){results[id]={status:\"failed\",error:\"Tauri IPC internals are unavailable in the E2E window.\"};return}results[id]={status:\"pending\"};void bridge.invoke(commandName,commandArgs).then(value=>{results[id]={status:\"resolved\",value}}).catch(error=>{results[id]={status:\"failed\",error:String(error)}})}).apply(null, arguments)\n        ","args":["tauri-command-1788903508785-2","sidecar_spawn_resident",{"pluginId":"dsh-coding-workspace","executablePath":"D:\\a\\aio-hub\\aio-hub\\.e2e-data\\dsh-native\\plugins\\dsh-coding-workspace\\bin\\win32-x64\\aio-dsh-supervisor.exe","args":[],"installPath":"D:\\a\\aio-hub\\aio-hub\\.e2e-data\\dsh-native\\plugins\\dsh-coding-workspace"}]}
2026-09-08T21:38:28.793Z INFO webdriver: RESULT null
2026-09-08T21:38:28.793Z DEBUG @wdio/utils:shim: Finished to run "beforeCommand" hook in 0ms
2026-09-08T21:38:28.793Z DEBUG @wdio/utils:shim: Finished to run "beforeCommand" hook in 0ms
2026-09-08T21:38:28.793Z DEBUG @wdio/utils:shim: Finished to run "beforeCommand" hook in 0ms
2026-09-08T21:38:28.794Z INFO webdriver: COMMAND executeScript(<fn>, <object>)
2026-09-08T21:38:28.794Z INFO webdriver: [POST] http://127.0.0.1:4459/session/73d1ae20-d07b-4899-bca8-5e3083d4ce91/execute/sync
2026-09-08T21:38:28.794Z INFO webdriver: DATA {"script":"\n            function webdriverioPolyfill() {\n  var __defProp = Object.defineProperty;\n  var __name = function(target, _value) {\n    return __defProp(target, \"name\", { value: _value, configurable: true });\n  };\n  var __globalThis = typeof globalThis === \"object\" && globalThis || typeof window === \"object\" && window;\n  __globalThis.__name = __name;\n}\n            webdriverioPolyfill();\n            return (id=>window.__AIO_E2E_TAURI_RESULTS__?.[id]).apply(null, arguments)\n        ","args":["tauri-command-1788903508785-2"]}
2026-09-08T21:38:28.801Z INFO webdriver: RESULT { status: 'pending' }
2026-09-08T21:38:28.893Z DEBUG @wdio/utils:shim: Finished to run "beforeCommand" hook in 0ms
2026-09-08T21:38:28.894Z DEBUG @wdio/utils:shim: Finished to run "beforeCommand" hook in 0ms
2026-09-08T21:38:28.894Z INFO webdriver: COMMAND executeScript(<fn>, <object>)
2026-09-08T21:38:28.894Z INFO webdriver: [POST] http://127.0.0.1:4459/session/73d1ae20-d07b-4899-bca8-5e3083d4ce91/execute/sync
2026-09-08T21:38:28.894Z INFO webdriver: DATA {"script":"\n            function webdriverioPolyfill() {\n  var __defProp = Object.defineProperty;\n  var __name = function(target, _value) {\n    return __defProp(target, \"name\", { value: _value, configurable: true });\n  };\n  var __globalThis = typeof globalThis === \"object\" && globalThis || typeof window === \"object\" && window;\n  __globalThis.__name = __name;\n}\n            webdriverioPolyfill();\n            return (id=>window.__AIO_E2E_TAURI_RESULTS__?.[id]).apply(null, arguments)\n        ","args":["tauri-command-1788903508785-2"]}
2026-09-08T21:38:28.902Z INFO webdriver: RESULT { status: 'resolved', value: 'f9715e85-e3c3-4e10-9840-7fe2572a4197' }
2026-09-08T21:38:28.902Z DEBUG @wdio/utils:shim: Finished to run "beforeCommand" hook in 0ms
2026-09-08T21:38:28.902Z DEBUG @wdio/utils:shim: Finished to run "beforeCommand" hook in 0ms
2026-09-08T21:38:28.902Z INFO webdriver: COMMAND executeScript(<fn>, <object>)
2026-09-08T21:38:28.902Z INFO webdriver: [POST] http://127.0.0.1:4459/session/73d1ae20-d07b-4899-bca8-5e3083d4ce91/execute/sync
2026-09-08T21:38:28.902Z INFO webdriver: DATA {"script":"\n            function webdriverioPolyfill() {\n  var __defProp = Object.defineProperty;\n  var __name = function(target, _value) {\n    return __defProp(target, \"name\", { value: _value, configurable: true });\n  };\n  var __globalThis = typeof globalThis === \"object\" && globalThis || typeof window === \"object\" && window;\n  __globalThis.__name = __name;\n}\n            webdriverioPolyfill();\n            return (id=>{const results=window.__AIO_E2E_TAURI_RESULTS__;const value=results?.[id];if(results)delete results[id];return value}).apply(null, arguments)\n        ","args":["tauri-command-1788903508785-2"]}
2026-09-08T21:38:28.907Z INFO webdriver: RESULT { status: 'resolved', value: 'f9715e85-e3c3-4e10-9840-7fe2572a4197' }
2026-09-08T21:38:28.907Z DEBUG @wdio/utils:shim: Finished to run "beforeCommand" hook in 0ms
2026-09-08T21:38:28.907Z DEBUG @wdio/utils:shim: Finished to run "beforeCommand" hook in 0ms
2026-09-08T21:38:28.907Z DEBUG @wdio/utils:shim: Finished to run "beforeCommand" hook in 0ms
2026-09-08T21:38:28.907Z INFO webdriver: COMMAND executeScript(<fn>, <object>)
2026-09-08T21:38:28.907Z INFO webdriver: [POST] http://127.0.0.1:4459/session/73d1ae20-d07b-4899-bca8-5e3083d4ce91/execute/sync
2026-09-08T21:38:28.907Z INFO webdriver: DATA {"script":"\n            function webdriverioPolyfill() {\n  var __defProp = Object.defineProperty;\n  var __name = function(target, _value) {\n    return __defProp(target, \"name\", { value: _value, configurable: true });\n  };\n  var __globalThis = typeof globalThis === \"object\" && globalThis || typeof window === \"object\" && window;\n  __globalThis.__name = __name;\n}\n            webdriverioPolyfill();\n            return (()=>!!window.__TAURI_INTERNALS__).apply(null, arguments)\n        ","args":[]}
2026-09-08T21:38:28.913Z INFO webdriver: RESULT true
2026-09-08T21:38:28.913Z DEBUG @wdio/utils:shim: Finished to run "beforeCommand" hook in 0ms
2026-09-08T21:38:28.913Z DEBUG @wdio/utils:shim: Finished to run "beforeCommand" hook in 0ms
2026-09-08T21:38:28.913Z INFO webdriver: COMMAND executeScript(<fn>, <object>)
2026-09-08T21:38:28.914Z INFO webdriver: [POST] http://127.0.0.1:4459/session/73d1ae20-d07b-4899-bca8-5e3083d4ce91/execute/sync
2026-09-08T21:38:28.914Z INFO webdriver: DATA {"script":"\n            function webdriverioPolyfill() {\n  var __defProp = Object.defineProperty;\n  var __name = function(target, _value) {\n    return __defProp(target, \"name\", { value: _value, configurable: true });\n  };\n  var __globalThis = typeof globalThis === \"object\" && globalThis || typeof window === \"object\" && window;\n  __globalThis.__name = __name;\n}\n            webdriverioPolyfill();\n            return ((id,commandName,commandArgs)=>{const e2eWindow=window;const results=e2eWindow.__AIO_E2E_TAURI_RESULTS__??={};const bridge=e2eWindow.__TAURI_INTERNALS__;if(!bridge){results[id]={status:\"failed\",error:\"Tauri IPC internals are unavailable in the E2E window.\"};return}results[id]={status:\"pending\"};void bridge.invoke(commandName,commandArgs).then(value=>{results[id]={status:\"resolved\",value}}).catch(error=>{results[id]={status:\"failed\",error:String(error)}})}).apply(null, arguments)\n        ","args":["tauri-command-1788903508913-3","sidecar_send_command",{"pluginId":"dsh-coding-workspace","method":"initialize","params":{"hostContext":{"apiVersion":3,"sidecarProtocolVersion":3},"provider":{"baseUrl":"http://127.0.0.1:59796","apiKey":"native-e2e-secret"}}}]}
2026-09-08T21:38:28.922Z INFO webdriver: RESULT null
2026-09-08T21:38:28.922Z DEBUG @wdio/utils:shim: Finished to run "beforeCommand" hook in 0ms
2026-09-08T21:38:28.922Z DEBUG @wdio/utils:shim: Finished to run "beforeCommand" hook in 0ms
2026-09-08T21:38:28.922Z DEBUG @wdio/utils:shim: Finished to run "beforeCommand" hook in 0ms
2026-09-08T21:38:28.922Z INFO webdriver: COMMAND executeScript(<fn>, <object>)
2026-09-08T21:38:28.922Z INFO webdriver: [POST] http://127.0.0.1:4459/session/73d1ae20-d07b-4899-bca8-5e3083d4ce91/execute/sync
2026-09-08T21:38:28.923Z INFO webdriver: DATA {"script":"\n            function webdriverioPolyfill() {\n  var __defProp = Object.defineProperty;\n  var __name = function(target, _value) {\n    return __defProp(target, \"name\", { value: _value, configurable: true });\n  };\n  var __globalThis = typeof globalThis === \"object\" && globalThis || typeof window === \"object\" && window;\n  __globalThis.__name = __name;\n}\n            webdriverioPolyfill();\n            return (id=>window.__AIO_E2E_TAURI_RESULTS__?.[id]).apply(null, arguments)\n        ","args":["tauri-command-1788903508913-3"]}
2026-09-08T21:38:28.929Z INFO webdriver: RESULT { status: 'pending' }
2026-09-08T21:38:29.022Z DEBUG @wdio/utils:shim: Finished to run "beforeCommand" hook in 0ms
2026-09-08T21:38:29.023Z DEBUG @wdio/utils:shim: Finished to run "beforeCommand" hook in 0ms
2026-09-08T21:38:29.023Z INFO webdriver: COMMAND executeScript(<fn>, <object>)
2026-09-08T21:38:29.023Z INFO webdriver: [POST] http://127.0.0.1:4459/session/73d1ae20-d07b-4899-bca8-5e3083d4ce91/execute/sync
2026-09-08T21:38:29.023Z INFO webdriver: DATA {"script":"\n            function webdriverioPolyfill() {\n  var __defProp = Object.defineProperty;\n  var __name = function(target, _value) {\n    return __defProp(target, \"name\", { value: _value, configurable: true });\n  };\n  var __globalThis = typeof globalThis === \"object\" && globalThis || typeof window === \"object\" && window;\n  __globalThis.__name = __name;\n}\n            webdriverioPolyfill();\n            return (id=>window.__AIO_E2E_TAURI_RESULTS__?.[id]).apply(null, arguments)\n        ","args":["tauri-command-1788903508913-3"]}
2026-09-08T21:38:29.029Z INFO webdriver: RESULT { status: 'pending' }
2026-09-08T21:38:29.123Z DEBUG @wdio/utils:shim: Finished to run "beforeCommand" hook in 1ms
2026-09-08T21:38:29.123Z DEBUG @wdio/utils:shim: Finished to run "beforeCommand" hook in 0ms
2026-09-08T21:38:29.123Z INFO webdriver: COMMAND executeScript(<fn>, <object>)
2026-09-08T21:38:29.123Z INFO webdriver: [POST] http://127.0.0.1:4459/session/73d1ae20-d07b-4899-bca8-5e3083d4ce91/execute/sync
2026-09-08T21:38:29.123Z INFO webdriver: DATA {"script":"\n            function webdriverioPolyfill() {\n  var __defProp = Object.defineProperty;\n  var __name = function(target, _value) {\n    return __defProp(target, \"name\", { value: _value, configurable: true });\n  };\n  var __globalThis = typeof globalThis === \"object\" && globalThis || typeof window === \"object\" && window;\n  __globalThis.__name = __name;\n}\n            webdriverioPolyfill();\n            return (id=>window.__AIO_E2E_TAURI_RESULTS__?.[id]).apply(null, arguments)\n        ","args":["tauri-command-1788903508913-3"]}
2026-09-08T21:38:29.130Z INFO webdriver: RESULT { status: 'pending' }
2026-09-08T21:38:29.223Z DEBUG @wdio/utils:shim: Finished to run "beforeCommand" hook in 0ms
2026-09-08T21:38:29.223Z DEBUG @wdio/utils:shim: Finished to run "beforeCommand" hook in 0ms
2026-09-08T21:38:29.223Z INFO webdriver: COMMAND executeScript(<fn>, <object>)
2026-09-08T21:38:29.223Z INFO webdriver: [POST] http://127.0.0.1:4459/session/73d1ae20-d07b-4899-bca8-5e3083d4ce91/execute/sync
2026-09-08T21:38:29.223Z INFO webdriver: DATA {"script":"\n            function webdriverioPolyfill() {\n  var __defProp = Object.defineProperty;\n  var __name = function(target, _value) {\n    return __defProp(target, \"name\", { value: _value, configurable: true });\n  };\n  var __globalThis = typeof globalThis === \"object\" && globalThis || typeof window === \"object\" && window;\n  __globalThis.__name = __name;\n}\n            webdriverioPolyfill();\n            return (id=>window.__AIO_E2E_TAURI_RESULTS__?.[id]).apply(null, arguments)\n        ","args":["tauri-command-1788903508913-3"]}
2026-09-08T21:38:29.229Z INFO webdriver: RESULT { status: 'pending' }
2026-09-08T21:38:29.323Z DEBUG @wdio/utils:shim: Finished to run "beforeCommand" hook in 0ms
2026-09-08T21:38:29.323Z DEBUG @wdio/utils:shim: Finished to run "beforeCommand" hook in 0ms
2026-09-08T21:38:29.323Z INFO webdriver: COMMAND executeScript(<fn>, <object>)
2026-09-08T21:38:29.323Z INFO webdriver: [POST] http://127.0.0.1:4459/session/73d1ae20-d07b-4899-bca8-5e3083d4ce91/execute/sync
2026-09-08T21:38:29.323Z INFO webdriver: DATA {"script":"\n            function webdriverioPolyfill() {\n  var __defProp = Object.defineProperty;\n  var __name = function(target, _value) {\n    return __defProp(target, \"name\", { value: _value, configurable: true });\n  };\n  var __globalThis = typeof globalThis === \"object\" && globalThis || typeof window === \"object\" && window;\n  __globalThis.__name = __name;\n}\n            webdriverioPolyfill();\n            return (id=>window.__AIO_E2E_TAURI_RESULTS__?.[id]).apply(null, arguments)\n        ","args":["tauri-command-1788903508913-3"]}
2026-09-08T21:38:29.329Z INFO webdriver: RESULT { status: 'pending' }
2026-09-08T21:38:29.423Z DEBUG @wdio/utils:shim: Finished to run "beforeCommand" hook in 0ms
2026-09-08T21:38:29.423Z DEBUG @wdio/utils:shim: Finished to run "beforeCommand" hook in 0ms
2026-09-08T21:38:29.423Z INFO webdriver: COMMAND executeScript(<fn>, <object>)
2026-09-08T21:38:29.424Z INFO webdriver: [POST] http://127.0.0.1:4459/session/73d1ae20-d07b-4899-bca8-5e3083d4ce91/execute/sync
2026-09-08T21:38:29.424Z INFO webdriver: DATA {"script":"\n            function webdriverioPolyfill() {\n  var __defProp = Object.defineProperty;\n  var __name = function(target, _value) {\n    return __defProp(target, \"name\", { value: _value, configurable: true });\n  };\n  var __globalThis = typeof globalThis === \"object\" && globalThis || typeof window === \"object\" && window;\n  __globalThis.__name = __name;\n}\n            webdriverioPolyfill();\n            return (id=>window.__AIO_E2E_TAURI_RESULTS__?.[id]).apply(null, arguments)\n        ","args":["tauri-command-1788903508913-3"]}
2026-09-08T21:38:29.431Z INFO webdriver: RESULT { status: 'pending' }
2026-09-08T21:38:29.523Z DEBUG @wdio/utils:shim: Finished to run "beforeCommand" hook in 0ms
2026-09-08T21:38:29.523Z DEBUG @wdio/utils:shim: Finished to run "beforeCommand" hook in 0ms
2026-09-08T21:38:29.523Z INFO webdriver: COMMAND executeScript(<fn>, <object>)
2026-09-08T21:38:29.523Z INFO webdriver: [POST] http://127.0.0.1:4459/session/73d1ae20-d07b-4899-bca8-5e3083d4ce91/execute/sync
2026-09-08T21:38:29.523Z INFO webdriver: DATA {"script":"\n            function webdriverioPolyfill() {\n  var __defProp = Object.defineProperty;\n  var __name = function(target, _value) {\n    return __defProp(target, \"name\", { value: _value, configurable: true });\n  };\n  var __globalThis = typeof globalThis === \"object\" && globalThis || typeof window === \"object\" && window;\n  __globalThis.__name = __name;\n}\n            webdriverioPolyfill();\n            return (id=>window.__AIO_E2E_TAURI_RESULTS__?.[id]).apply(null, arguments)\n        ","args":["tauri-command-1788903508913-3"]}
2026-09-08T21:38:29.531Z INFO webdriver: RESULT { status: 'pending' }
2026-09-08T21:38:29.622Z DEBUG @wdio/utils:shim: Finished to run "beforeCommand" hook in 0ms
2026-09-08T21:38:29.622Z DEBUG @wdio/utils:shim: Finished to run "beforeCommand" hook in 0ms
2026-09-08T21:38:29.623Z INFO webdriver: COMMAND executeScript(<fn>, <object>)
2026-09-08T21:38:29.623Z INFO webdriver: [POST] http://127.0.0.1:4459/session/73d1ae20-d07b-4899-bca8-5e3083d4ce91/execute/sync
2026-09-08T21:38:29.623Z INFO webdriver: DATA {"script":"\n            function webdriverioPolyfill() {\n  var __defProp = Object.defineProperty;\n  var __name = function(target, _value) {\n    return __defProp(target, \"name\", { value: _value, configurable: true });\n  };\n  var __globalThis = typeof globalThis === \"object\" && globalThis || typeof window === \"object\" && window;\n  __globalThis.__name = __name;\n}\n            webdriverioPolyfill();\n            return (id=>window.__AIO_E2E_TAURI_RESULTS__?.[id]).apply(null, arguments)\n        ","args":["tauri-command-1788903508913-3"]}
2026-09-08T21:38:29.630Z INFO webdriver: RESULT { status: 'pending' }
2026-09-08T21:38:29.722Z DEBUG @wdio/utils:shim: Finished to run "beforeCommand" hook in 0ms
2026-09-08T21:38:29.722Z DEBUG @wdio/utils:shim: Finished to run "beforeCommand" hook in 0ms
2026-09-08T21:38:29.722Z INFO webdriver: COMMAND executeScript(<fn>, <object>)
2026-09-08T21:38:29.723Z INFO webdriver: [POST] http://127.0.0.1:4459/session/73d1ae20-d07b-4899-bca8-5e3083d4ce91/execute/sync
2026-09-08T21:38:29.723Z INFO webdriver: DATA {"script":"\n            function webdriverioPolyfill() {\n  var __defProp = Object.defineProperty;\n  var __name = function(target, _value) {\n    return __defProp(target, \"name\", { value: _value, configurable: true });\n  };\n  var __globalThis = typeof globalThis === \"object\" && globalThis || typeof window === \"object\" && window;\n  __globalThis.__name = __name;\n}\n            webdriverioPolyfill();\n            return (id=>window.__AIO_E2E_TAURI_RESULTS__?.[id]).apply(null, arguments)\n        ","args":["tauri-command-1788903508913-3"]}
2026-09-08T21:38:29.729Z INFO webdriver: RESULT { status: 'pending' }
2026-09-08T21:38:29.823Z DEBUG @wdio/utils:shim: Finished to run "beforeCommand" hook in 0ms
2026-09-08T21:38:29.823Z DEBUG @wdio/utils:shim: Finished to run "beforeCommand" hook in 0ms
2026-09-08T21:38:29.823Z INFO webdriver: COMMAND executeScript(<fn>, <object>)
2026-09-08T21:38:29.823Z INFO webdriver: [POST] http://127.0.0.1:4459/session/73d1ae20-d07b-4899-bca8-5e3083d4ce91/execute/sync
2026-09-08T21:38:29.823Z INFO webdriver: DATA {"script":"\n            function webdriverioPolyfill() {\n  var __defProp = Object.defineProperty;\n  var __name = function(target, _value) {\n    return __defProp(target, \"name\", { value: _value, configurable: true });\n  };\n  var __globalThis = typeof globalThis === \"object\" && globalThis || typeof window === \"object\" && window;\n  __globalThis.__name = __name;\n}\n            webdriverioPolyfill();\n            return (id=>window.__AIO_E2E_TAURI_RESULTS__?.[id]).apply(null, arguments)\n        ","args":["tauri-command-1788903508913-3"]}
2026-09-08T21:38:29.830Z INFO webdriver: RESULT { status: 'pending' }
2026-09-08T21:38:29.922Z DEBUG @wdio/utils:shim: Finished to run "beforeCommand" hook in 0ms
2026-09-08T21:38:29.922Z DEBUG @wdio/utils:shim: Finished to run "beforeCommand" hook in 0ms
2026-09-08T21:38:29.923Z INFO webdriver: COMMAND executeScript(<fn>, <object>)
2026-09-08T21:38:29.923Z INFO webdriver: [POST] http://127.0.0.1:4459/session/73d1ae20-d07b-4899-bca8-5e3083d4ce91/execute/sync
2026-09-08T21:38:29.923Z INFO webdriver: DATA {"script":"\n            function webdriverioPolyfill() {\n  var __defProp = Object.defineProperty;\n  var __name = function(target, _value) {\n    return __defProp(target, \"name\", { value: _value, configurable: true });\n  };\n  var __globalThis = typeof globalThis === \"object\" && globalThis || typeof window === \"object\" && window;\n  __globalThis.__name = __name;\n}\n            webdriverioPolyfill();\n            return (id=>window.__AIO_E2E_TAURI_RESULTS__?.[id]).apply(null, arguments)\n        ","args":["tauri-command-1788903508913-3"]}
2026-09-08T21:38:29.931Z INFO webdriver: RESULT { status: 'pending' }
2026-09-08T21:38:30.023Z DEBUG @wdio/utils:shim: Finished to run "beforeCommand" hook in 0ms
2026-09-08T21:38:30.024Z DEBUG @wdio/utils:shim: Finished to run "beforeCommand" hook in 0ms
2026-09-08T21:38:30.024Z INFO webdriver: COMMAND executeScript(<fn>, <object>)
2026-09-08T21:38:30.024Z INFO webdriver: [POST] http://127.0.0.1:4459/session/73d1ae20-d07b-4899-bca8-5e3083d4ce91/execute/sync
2026-09-08T21:38:30.024Z INFO webdriver: DATA {"script":"\n            function webdriverioPolyfill() {\n  var __defProp = Object.defineProperty;\n  var __name = function(target, _value) {\n    return __defProp(target, \"name\", { value: _value, configurable: true });\n  };\n  var __globalThis = typeof globalThis === \"object\" && globalThis || typeof window === \"object\" && window;\n  __globalThis.__name = __name;\n}\n            webdriverioPolyfill();\n            return (id=>window.__AIO_E2E_TAURI_RESULTS__?.[id]).apply(null, arguments)\n        ","args":["tauri-command-1788903508913-3"]}
2026-09-08T21:38:30.030Z INFO webdriver: RESULT { status: 'pending' }
2026-09-08T21:38:30.123Z DEBUG @wdio/utils:shim: Finished to run "beforeCommand" hook in 0ms
2026-09-08T21:38:30.123Z DEBUG @wdio/utils:shim: Finished to run "beforeCommand" hook in 0ms
2026-09-08T21:38:30.123Z INFO webdriver: COMMAND executeScript(<fn>, <object>)
2026-09-08T21:38:30.123Z INFO webdriver: [POST] http://127.0.0.1:4459/session/73d1ae20-d07b-4899-bca8-5e3083d4ce91/execute/sync
2026-09-08T21:38:30.123Z INFO webdriver: DATA {"script":"\n            function webdriverioPolyfill() {\n  var __defProp = Object.defineProperty;\n  var __name = function(target, _value) {\n    return __defProp(target, \"name\", { value: _value, configurable: true });\n  };\n  var __globalThis = typeof globalThis === \"object\" && globalThis || typeof window === \"object\" && window;\n  __globalThis.__name = __name;\n}\n            webdriverioPolyfill();\n            return (id=>window.__AIO_E2E_TAURI_RESULTS__?.[id]).apply(null, arguments)\n        ","args":["tauri-command-1788903508913-3"]}
2026-09-08T21:38:30.132Z INFO webdriver: RESULT { status: 'pending' }
2026-09-08T21:38:30.222Z DEBUG @wdio/utils:shim: Finished to run "beforeCommand" hook in 0ms
2026-09-08T21:38:30.222Z DEBUG @wdio/utils:shim: Finished to run "beforeCommand" hook in 0ms
2026-09-08T21:38:30.222Z INFO webdriver: COMMAND executeScript(<fn>, <object>)
2026-09-08T21:38:30.222Z INFO webdriver: [POST] http://127.0.0.1:4459/session/73d1ae20-d07b-4899-bca8-5e3083d4ce91/execute/sync
2026-09-08T21:38:30.222Z INFO webdriver: DATA {"script":"\n            function webdriverioPolyfill() {\n  var __defProp = Object.defineProperty;\n  var __name = function(target, _value) {\n    return __defProp(target, \"name\", { value: _value, configurable: true });\n  };\n  var __globalThis = typeof globalThis === \"object\" && globalThis || typeof window === \"object\" && window;\n  __globalThis.__name = __name;\n}\n            webdriverioPolyfill();\n            return (id=>window.__AIO_E2E_TAURI_RESULTS__?.[id]).apply(null, arguments)\n        ","args":["tauri-command-1788903508913-3"]}
2026-09-08T21:38:30.230Z INFO webdriver: RESULT { status: 'pending' }
2026-09-08T21:38:30.323Z DEBUG @wdio/utils:shim: Finished to run "beforeCommand" hook in 1ms
2026-09-08T21:38:30.323Z DEBUG @wdio/utils:shim: Finished to run "beforeCommand" hook in 0ms
2026-09-08T21:38:30.323Z INFO webdriver: COMMAND executeScript(<fn>, <object>)
2026-09-08T21:38:30.323Z INFO webdriver: [POST] http://127.0.0.1:4459/session/73d1ae20-d07b-4899-bca8-5e3083d4ce91/execute/sync
2026-09-08T21:38:30.323Z INFO webdriver: DATA {"script":"\n            function webdriverioPolyfill() {\n  var __defProp = Object.defineProperty;\n  var __name = function(target, _value) {\n    return __defProp(target, \"name\", { value: _value, configurable: true });\n  };\n  var __globalThis = typeof globalThis === \"object\" && globalThis || typeof window === \"object\" && window;\n  __globalThis.__name = __name;\n}\n            webdriverioPolyfill();\n            return (id=>window.__AIO_E2E_TAURI_RESULTS__?.[id]).apply(null, arguments)\n        ","args":["tauri-command-1788903508913-3"]}
2026-09-08T21:38:30.331Z INFO webdriver: RESULT { status: 'pending' }
2026-09-08T21:38:30.423Z DEBUG @wdio/utils:shim: Finished to run "beforeCommand" hook in 0ms
2026-09-08T21:38:30.423Z DEBUG @wdio/utils:shim: Finished to run "beforeCommand" hook in 0ms
2026-09-08T21:38:30.423Z INFO webdriver: COMMAND executeScript(<fn>, <object>)
2026-09-08T21:38:30.423Z INFO webdriver: [POST] http://127.0.0.1:4459/session/73d1ae20-d07b-4899-bca8-5e3083d4ce91/execute/sync
2026-09-08T21:38:30.423Z INFO webdriver: DATA {"script":"\n            function webdriverioPolyfill() {\n  var __defProp = Object.defineProperty;\n  var __name = function(target, _value) {\n    return __defProp(target, \"name\", { value: _value, configurable: true });\n  };\n  var __globalThis = typeof globalThis === \"object\" && globalThis || typeof window === \"object\" && window;\n  __globalThis.__name = __name;\n}\n            webdriverioPolyfill();\n            return (id=>window.__AIO_E2E_TAURI_RESULTS__?.[id]).apply(null, arguments)\n        ","args":["tauri-command-1788903508913-3"]}
2026-09-08T21:38:30.431Z INFO webdriver: RESULT { status: 'pending' }
2026-09-08T21:38:30.522Z DEBUG @wdio/utils:shim: Finished to run "beforeCommand" hook in 0ms
2026-09-08T21:38:30.523Z DEBUG @wdio/utils:shim: Finished to run "beforeCommand" hook in 0ms
2026-09-08T21:38:30.523Z INFO webdriver: COMMAND executeScript(<fn>, <object>)
2026-09-08T21:38:30.523Z INFO webdriver: [POST] http://127.0.0.1:4459/session/73d1ae20-d07b-4899-bca8-5e3083d4ce91/execute/sync
2026-09-08T21:38:30.523Z INFO webdriver: DATA {"script":"\n            function webdriverioPolyfill() {\n  var __defProp = Object.defineProperty;\n  var __name = function(target, _value) {\n    return __defProp(target, \"name\", { value: _value, configurable: true });\n  };\n  var __globalThis = typeof globalThis === \"object\" && globalThis || typeof window === \"object\" && window;\n  __globalThis.__name = __name;\n}\n            webdriverioPolyfill();\n            return (id=>window.__AIO_E2E_TAURI_RESULTS__?.[id]).apply(null, arguments)\n        ","args":["tauri-command-1788903508913-3"]}
2026-09-08T21:38:30.531Z INFO webdriver: RESULT { status: 'pending' }
2026-09-08T21:38:30.622Z DEBUG @wdio/utils:shim: Finished to run "beforeCommand" hook in 0ms
2026-09-08T21:38:30.622Z DEBUG @wdio/utils:shim: Finished to run "beforeCommand" hook in 0ms
2026-09-08T21:38:30.622Z INFO webdriver: COMMAND executeScript(<fn>, <object>)
2026-09-08T21:38:30.623Z INFO webdriver: [POST] http://127.0.0.1:4459/session/73d1ae20-d07b-4899-bca8-5e3083d4ce91/execute/sync
2026-09-08T21:38:30.623Z INFO webdriver: DATA {"script":"\n            function webdriverioPolyfill() {\n  var __defProp = Object.defineProperty;\n  var __name = function(target, _value) {\n    return __defProp(target, \"name\", { value: _value, configurable: true });\n  };\n  var __globalThis = typeof globalThis === \"object\" && globalThis || typeof window === \"object\" && window;\n  __globalThis.__name = __name;\n}\n            webdriverioPolyfill();\n            return (id=>window.__AIO_E2E_TAURI_RESULTS__?.[id]).apply(null, arguments)\n        ","args":["tauri-command-1788903508913-3"]}
2026-09-08T21:38:30.630Z INFO webdriver: RESULT { status: 'pending' }
2026-09-08T21:38:30.723Z DEBUG @wdio/utils:shim: Finished to run "beforeCommand" hook in 0ms
2026-09-08T21:38:30.723Z DEBUG @wdio/utils:shim: Finished to run "beforeCommand" hook in 0ms
2026-09-08T21:38:30.723Z INFO webdriver: COMMAND executeScript(<fn>, <object>)
2026-09-08T21:38:30.723Z INFO webdriver: [POST] http://127.0.0.1:4459/session/73d1ae20-d07b-4899-bca8-5e3083d4ce91/execute/sync
2026-09-08T21:38:30.723Z INFO webdriver: DATA {"script":"\n            function webdriverioPolyfill() {\n  var __defProp = Object.defineProperty;\n  var __name = function(target, _value) {\n    return __defProp(target, \"name\", { value: _value, configurable: true });\n  };\n  var __globalThis = typeof globalThis === \"object\" && globalThis || typeof window === \"object\" && window;\n  __globalThis.__name = __name;\n}\n            webdriverioPolyfill();\n            return (id=>window.__AIO_E2E_TAURI_RESULTS__?.[id]).apply(null, arguments)\n        ","args":["tauri-command-1788903508913-3"]}
2026-09-08T21:38:30.730Z INFO webdriver: RESULT { status: 'pending' }
2026-09-08T21:38:30.823Z DEBUG @wdio/utils:shim: Finished to run "beforeCommand" hook in 0ms
2026-09-08T21:38:30.823Z DEBUG @wdio/utils:shim: Finished to run "beforeCommand" hook in 0ms
2026-09-08T21:38:30.823Z INFO webdriver: COMMAND executeScript(<fn>, <object>)
2026-09-08T21:38:30.823Z INFO webdriver: [POST] http://127.0.0.1:4459/session/73d1ae20-d07b-4899-bca8-5e3083d4ce91/execute/sync
2026-09-08T21:38:30.823Z INFO webdriver: DATA {"script":"\n            function webdriverioPolyfill() {\n  var __defProp = Object.defineProperty;\n  var __name = function(target, _value) {\n    return __defProp(target, \"name\", { value: _value, configurable: true });\n  };\n  var __globalThis = typeof globalThis === \"object\" && globalThis || typeof window === \"object\" && window;\n  __globalThis.__name = __name;\n}\n            webdriverioPolyfill();\n            return (id=>window.__AIO_E2E_TAURI_RESULTS__?.[id]).apply(null, arguments)\n        ","args":["tauri-command-1788903508913-3"]}
2026-09-08T21:38:30.831Z INFO webdriver: RESULT { status: 'pending' }
2026-09-08T21:38:30.921Z DEBUG @wdio/utils:shim: Finished to run "beforeCommand" hook in 0ms
2026-09-08T21:38:30.922Z DEBUG @wdio/utils:shim: Finished to run "beforeCommand" hook in 0ms
2026-09-08T21:38:30.922Z INFO webdriver: COMMAND executeScript(<fn>, <object>)
2026-09-08T21:38:30.922Z INFO webdriver: [POST] http://127.0.0.1:4459/session/73d1ae20-d07b-4899-bca8-5e3083d4ce91/execute/sync
2026-09-08T21:38:30.922Z INFO webdriver: DATA {"script":"\n            function webdriverioPolyfill() {\n  var __defProp = Object.defineProperty;\n  var __name = function(target, _value) {\n    return __defProp(target, \"name\", { value: _value, configurable: true });\n  };\n  var __globalThis = typeof globalThis === \"object\" && globalThis || typeof window === \"object\" && window;\n  __globalThis.__name = __name;\n}\n            webdriverioPolyfill();\n            return (id=>window.__AIO_E2E_TAURI_RESULTS__?.[id]).apply(null, arguments)\n        ","args":["tauri-command-1788903508913-3"]}
2026-09-08T21:38:30.930Z INFO webdriver: RESULT { status: 'pending' }
2026-09-08T21:38:31.023Z DEBUG @wdio/utils:shim: Finished to run "beforeCommand" hook in 0ms
2026-09-08T21:38:31.023Z DEBUG @wdio/utils:shim: Finished to run "beforeCommand" hook in 0ms
2026-09-08T21:38:31.023Z INFO webdriver: COMMAND executeScript(<fn>, <object>)
2026-09-08T21:38:31.023Z INFO webdriver: [POST] http://127.0.0.1:4459/session/73d1ae20-d07b-4899-bca8-5e3083d4ce91/execute/sync
2026-09-08T21:38:31.023Z INFO webdriver: DATA {"script":"\n            function webdriverioPolyfill() {\n  var __defProp = Object.defineProperty;\n  var __name = function(target, _value) {\n    return __defProp(target, \"name\", { value: _value, configurable: true });\n  };\n  var __globalThis = typeof globalThis === \"object\" && globalThis || typeof window === \"object\" && window;\n  __globalThis.__name = __name;\n}\n            webdriverioPolyfill();\n            return (id=>window.__AIO_E2E_TAURI_RESULTS__?.[id]).apply(null, arguments)\n        ","args":["tauri-command-1788903508913-3"]}
2026-09-08T21:38:31.029Z INFO webdriver: RESULT {
  status: 'resolved',
  value: '{"data":{"capabilities":["attachment.limits","interaction.approval","session","session.cancel","session.create","session.fork","session.history","session.list","session.open","session.rename","session.resume","session.search","session.select-model","session.snapshot","session.submit-prompt","session.subscribe","session.update-queue","snapshot","terminal.close","terminal.open","terminal.read","terminal.send","workspace.archive-session","workspace.create","workspace.delete","workspace.follow","workspace.rename"],"contractHash":"96af8af6cdb538da2cd13c53eb4dd640f0ca233aab68b209d82fc744e01da519","domainGenerationId":"dsh-generation-7412-1788903508818461800-1","sandbox":{"backend":"restricted-token","level":"full"},"state":"ready"},"id":1,"type":"result"}'
}
2026-09-08T21:38:31.030Z DEBUG @wdio/utils:shim: Finished to run "beforeCommand" hook in 0ms
2026-09-08T21:38:31.030Z DEBUG @wdio/utils:shim: Finished to run "beforeCommand" hook in 0ms
2026-09-08T21:38:31.030Z INFO webdriver: COMMAND executeScript(<fn>, <object>)
2026-09-08T21:38:31.030Z INFO webdriver: [POST] http://127.0.0.1:4459/session/73d1ae20-d07b-4899-bca8-5e3083d4ce91/execute/sync
2026-09-08T21:38:31.030Z INFO webdriver: DATA {"script":"\n            function webdriverioPolyfill() {\n  var __defProp = Object.defineProperty;\n  var __name = function(target, _value) {\n    return __defProp(target, \"name\", { value: _value, configurable: true });\n  };\n  var __globalThis = typeof globalThis === \"object\" && globalThis || typeof window === \"object\" && window;\n  __globalThis.__name = __name;\n}\n            webdriverioPolyfill();\n            return (id=>{const results=window.__AIO_E2E_TAURI_RESULTS__;const value=results?.[id];if(results)delete results[id];return value}).apply(null, arguments)\n        ","args":["tauri-command-1788903508913-3"]}
2026-09-08T21:38:31.035Z INFO webdriver: RESULT {
  status: 'resolved',
  value: '{"data":{"capabilities":["attachment.limits","interaction.approval","session","session.cancel","session.create","session.fork","session.history","session.list","session.open","session.rename","session.resume","session.search","session.select-model","session.snapshot","session.submit-prompt","session.subscribe","session.update-queue","snapshot","terminal.close","terminal.open","terminal.read","terminal.send","workspace.archive-session","workspace.create","workspace.delete","workspace.follow","workspace.rename"],"contractHash":"96af8af6cdb538da2cd13c53eb4dd640f0ca233aab68b209d82fc744e01da519","domainGenerationId":"dsh-generation-7412-1788903508818461800-1","sandbox":{"backend":"restricted-token","level":"full"},"state":"ready"},"id":1,"type":"result"}'
}
2026-09-08T21:38:31.036Z DEBUG @wdio/utils:shim: Finished to run "beforeCommand" hook in 0ms
2026-09-08T21:38:31.036Z DEBUG @wdio/utils:shim: Finished to run "beforeCommand" hook in 0ms
2026-09-08T21:38:31.036Z INFO webdriver: COMMAND executeScript(<fn>, <object>)
2026-09-08T21:38:31.036Z INFO webdriver: [POST] http://127.0.0.1:4459/session/73d1ae20-d07b-4899-bca8-5e3083d4ce91/execute/sync
2026-09-08T21:38:31.036Z INFO webdriver: DATA {"script":"\n            function webdriverioPolyfill() {\n  var __defProp = Object.defineProperty;\n  var __name = function(target, _value) {\n    return __defProp(target, \"name\", { value: _value, configurable: true });\n  };\n  var __globalThis = typeof globalThis === \"object\" && globalThis || typeof window === \"object\" && window;\n  __globalThis.__name = __name;\n}\n            webdriverioPolyfill();\n            return (()=>{const isVisible=__name(element=>{const style=window.getComputedStyle(element);return style.display!==\"none\"&&style.visibility!==\"hidden\"},\"isVisible\");const editorCancel=document.querySelector('[data-testid=\"agent-editor-cancel\"]');if(editorCancel&&isVisible(editorCancel))editorCancel.click();for(const closeButton of document.querySelectorAll(\".base-dialog-backdrop .dialog-close-btn\")){if(isVisible(closeButton))closeButton.click()}document.dispatchEvent(new KeyboardEvent(\"keydown\",{key:\"Escape\",bubbles:true}))}).apply(null, arguments)\n        ","args":[]}
2026-09-08T21:38:31.042Z INFO webdriver: RESULT null
2026-09-08T21:38:31.042Z DEBUG @wdio/utils:shim: Finished to run "beforeCommand" hook in 0ms
2026-09-08T21:38:31.042Z DEBUG @wdio/utils:shim: Finished to run "beforeCommand" hook in 0ms
2026-09-08T21:38:31.042Z DEBUG @wdio/utils:shim: Finished to run "beforeCommand" hook in 0ms
2026-09-08T21:38:31.042Z INFO webdriver: COMMAND executeScript(<fn>, <object>)
2026-09-08T21:38:31.043Z INFO webdriver: [POST] http://127.0.0.1:4459/session/73d1ae20-d07b-4899-bca8-5e3083d4ce91/execute/sync
2026-09-08T21:38:31.043Z INFO webdriver: DATA {"script":"\n            function webdriverioPolyfill() {\n  var __defProp = Object.defineProperty;\n  var __name = function(target, _value) {\n    return __defProp(target, \"name\", { value: _value, configurable: true });\n  };\n  var __globalThis = typeof globalThis === \"object\" && globalThis || typeof window === \"object\" && window;\n  __globalThis.__name = __name;\n}\n            webdriverioPolyfill();\n            return (()=>{const isVisible=__name(element=>{const style=window.getComputedStyle(element);return style.display!==\"none\"&&style.visibility!==\"hidden\"},\"isVisible\");return Array.from(document.querySelectorAll(\".base-dialog-backdrop\")).some(isVisible)}).apply(null, arguments)\n        ","args":[]}
2026-09-08T21:38:31.049Z INFO webdriver: RESULT false
2026-09-08T21:38:31.050Z DEBUG @wdio/utils:shim: Finished to run "afterTest" hook in 14ms
2026-09-08T21:38:31.051Z DEBUG @wdio/utils:shim: Finished to run "beforeTest" hook in 0ms
2026-09-08T21:38:31.052Z DEBUG @wdio/utils:shim: Finished to run "beforeCommand" hook in 0ms
2026-09-08T21:38:31.052Z DEBUG @wdio/utils:shim: Finished to run "beforeCommand" hook in 0ms
2026-09-08T21:38:31.052Z DEBUG @wdio/utils:shim: Finished to run "beforeCommand" hook in 0ms
2026-09-08T21:38:31.052Z INFO webdriver: COMMAND executeScript(<fn>, <object>)
2026-09-08T21:38:31.052Z INFO webdriver: [POST] http://127.0.0.1:4459/session/73d1ae20-d07b-4899-bca8-5e3083d4ce91/execute/sync
2026-09-08T21:38:31.052Z INFO webdriver: DATA {"script":"\n            function webdriverioPolyfill() {\n  var __defProp = Object.defineProperty;\n  var __name = function(target, _value) {\n    return __defProp(target, \"name\", { value: _value, configurable: true });\n  };\n  var __globalThis = typeof globalThis === \"object\" && globalThis || typeof window === \"object\" && window;\n  __globalThis.__name = __name;\n}\n            webdriverioPolyfill();\n            return (()=>!!window.__TAURI_INTERNALS__).apply(null, arguments)\n        ","args":[]}
2026-09-08T21:38:31.059Z INFO webdriver: RESULT true
2026-09-08T21:38:31.059Z DEBUG @wdio/utils:shim: Finished to run "beforeCommand" hook in 0ms
2026-09-08T21:38:31.059Z DEBUG @wdio/utils:shim: Finished to run "beforeCommand" hook in 0ms
2026-09-08T21:38:31.060Z INFO webdriver: COMMAND executeScript(<fn>, <object>)
2026-09-08T21:38:31.060Z INFO webdriver: [POST] http://127.0.0.1:4459/session/73d1ae20-d07b-4899-bca8-5e3083d4ce91/execute/sync
2026-09-08T21:38:31.060Z INFO webdriver: DATA {"script":"\n            function webdriverioPolyfill() {\n  var __defProp = Object.defineProperty;\n  var __name = function(target, _value) {\n    return __defProp(target, \"name\", { value: _value, configurable: true });\n  };\n  var __globalThis = typeof globalThis === \"object\" && globalThis || typeof window === \"object\" && window;\n  __globalThis.__name = __name;\n}\n            webdriverioPolyfill();\n            return ((id,commandName,commandArgs)=>{const e2eWindow=window;const results=e2eWindow.__AIO_E2E_TAURI_RESULTS__??={};const bridge=e2eWindow.__TAURI_INTERNALS__;if(!bridge){results[id]={status:\"failed\",error:\"Tauri IPC internals are unavailable in the E2E window.\"};return}results[id]={status:\"pending\"};void bridge.invoke(commandName,commandArgs).then(value=>{results[id]={status:\"resolved\",value}}).catch(error=>{results[id]={status:\"failed\",error:String(error)}})}).apply(null, arguments)\n        ","args":["tauri-command-1788903511059-4","sidecar_send_command",{"pluginId":"dsh-coding-workspace","method":"session.acquire","params":{"sessionId":"e2e-session","viewId":"coding-workstation","mode":"controller"}}]}
2026-09-08T21:38:31.068Z INFO webdriver: RESULT null
2026-09-08T21:38:31.069Z DEBUG @wdio/utils:shim: Finished to run "beforeCommand" hook in 0ms
2026-09-08T21:38:31.069Z DEBUG @wdio/utils:shim: Finished to run "beforeCommand" hook in 0ms
2026-09-08T21:38:31.069Z DEBUG @wdio/utils:shim: Finished to run "beforeCommand" hook in 0ms
2026-09-08T21:38:31.069Z INFO webdriver: COMMAND executeScript(<fn>, <object>)
2026-09-08T21:38:31.069Z INFO webdriver: [POST] http://127.0.0.1:4459/session/73d1ae20-d07b-4899-bca8-5e3083d4ce91/execute/sync
2026-09-08T21:38:31.069Z INFO webdriver: DATA {"script":"\n            function webdriverioPolyfill() {\n  var __defProp = Object.defineProperty;\n  var __name = function(target, _value) {\n    return __defProp(target, \"name\", { value: _value, configurable: true });\n  };\n  var __globalThis = typeof globalThis === \"object\" && globalThis || typeof window === \"object\" && window;\n  __globalThis.__name = __name;\n}\n            webdriverioPolyfill();\n            return (id=>window.__AIO_E2E_TAURI_RESULTS__?.[id]).apply(null, arguments)\n        ","args":["tauri-command-1788903511059-4"]}
2026-09-08T21:38:31.075Z INFO webdriver: RESULT {
  status: 'resolved',
  value: '{"data":{"domainGenerationId":"dsh-generation-7412-1788903508818461800-1","lease":{"contractHash":"96af8af6cdb538da2cd13c53eb4dd640f0ca233aab68b209d82fc744e01da519","domainGenerationId":"dsh-generation-7412-1788903508818461800-1","leaseId":"lease-1","mode":"controller","sessionId":"e2e-session"}},"id":2,"type":"result"}'
}
2026-09-08T21:38:31.076Z DEBUG @wdio/utils:shim: Finished to run "beforeCommand" hook in 0ms
2026-09-08T21:38:31.076Z DEBUG @wdio/utils:shim: Finished to run "beforeCommand" hook in 0ms
2026-09-08T21:38:31.076Z INFO webdriver: COMMAND executeScript(<fn>, <object>)
2026-09-08T21:38:31.076Z INFO webdriver: [POST] http://127.0.0.1:4459/session/73d1ae20-d07b-4899-bca8-5e3083d4ce91/execute/sync
2026-09-08T21:38:31.076Z INFO webdriver: DATA {"script":"\n            function webdriverioPolyfill() {\n  var __defProp = Object.defineProperty;\n  var __name = function(target, _value) {\n    return __defProp(target, \"name\", { value: _value, configurable: true });\n  };\n  var __globalThis = typeof globalThis === \"object\" && globalThis || typeof window === \"object\" && window;\n  __globalThis.__name = __name;\n}\n            webdriverioPolyfill();\n            return (id=>{const results=window.__AIO_E2E_TAURI_RESULTS__;const value=results?.[id];if(results)delete results[id];return value}).apply(null, arguments)\n        ","args":["tauri-command-1788903511059-4"]}
2026-09-08T21:38:31.082Z INFO webdriver: RESULT {
  status: 'resolved',
  value: '{"data":{"domainGenerationId":"dsh-generation-7412-1788903508818461800-1","lease":{"contractHash":"96af8af6cdb538da2cd13c53eb4dd640f0ca233aab68b209d82fc744e01da519","domainGenerationId":"dsh-generation-7412-1788903508818461800-1","leaseId":"lease-1","mode":"controller","sessionId":"e2e-session"}},"id":2,"type":"result"}'
}
2026-09-08T21:38:31.082Z DEBUG @wdio/utils:shim: Finished to run "beforeCommand" hook in 0ms
2026-09-08T21:38:31.082Z DEBUG @wdio/utils:shim: Finished to run "beforeCommand" hook in 0ms
2026-09-08T21:38:31.082Z DEBUG @wdio/utils:shim: Finished to run "beforeCommand" hook in 0ms
2026-09-08T21:38:31.082Z INFO webdriver: COMMAND executeScript(<fn>, <object>)
2026-09-08T21:38:31.082Z INFO webdriver: [POST] http://127.0.0.1:4459/session/73d1ae20-d07b-4899-bca8-5e3083d4ce91/execute/sync
2026-09-08T21:38:31.083Z INFO webdriver: DATA {"script":"\n            function webdriverioPolyfill() {\n  var __defProp = Object.defineProperty;\n  var __name = function(target, _value) {\n    return __defProp(target, \"name\", { value: _value, configurable: true });\n  };\n  var __globalThis = typeof globalThis === \"object\" && globalThis || typeof window === \"object\" && window;\n  __globalThis.__name = __name;\n}\n            webdriverioPolyfill();\n            return (()=>!!window.__TAURI_INTERNALS__).apply(null, arguments)\n        ","args":[]}
2026-09-08T21:38:31.089Z INFO webdriver: RESULT true
2026-09-08T21:38:31.089Z DEBUG @wdio/utils:shim: Finished to run "beforeCommand" hook in 0ms
2026-09-08T21:38:31.089Z DEBUG @wdio/utils:shim: Finished to run "beforeCommand" hook in 0ms
2026-09-08T21:38:31.089Z INFO webdriver: COMMAND executeScript(<fn>, <object>)
2026-09-08T21:38:31.089Z INFO webdriver: [POST] http://127.0.0.1:4459/session/73d1ae20-d07b-4899-bca8-5e3083d4ce91/execute/sync
2026-09-08T21:38:31.089Z INFO webdriver: DATA {"script":"\n            function webdriverioPolyfill() {\n  var __defProp = Object.defineProperty;\n  var __name = function(target, _value) {\n    return __defProp(target, \"name\", { value: _value, configurable: true });\n  };\n  var __globalThis = typeof globalThis === \"object\" && globalThis || typeof window === \"object\" && window;\n  __globalThis.__name = __name;\n}\n            webdriverioPolyfill();\n            return ((id,commandName,commandArgs)=>{const e2eWindow=window;const results=e2eWindow.__AIO_E2E_TAURI_RESULTS__??={};const bridge=e2eWindow.__TAURI_INTERNALS__;if(!bridge){results[id]={status:\"failed\",error:\"Tauri IPC internals are unavailable in the E2E window.\"};return}results[id]={status:\"pending\"};void bridge.invoke(commandName,commandArgs).then(value=>{results[id]={status:\"resolved\",value}}).catch(error=>{results[id]={status:\"failed\",error:String(error)}})}).apply(null, arguments)\n        ","args":["tauri-command-1788903511089-5","sidecar_send_command",{"pluginId":"dsh-coding-workspace","method":"session.acquire","params":{"sessionId":"e2e-session","viewId":"second-view","mode":"controller"}}]}
2026-09-08T21:38:31.096Z INFO webdriver: RESULT null
2026-09-08T21:38:31.096Z DEBUG @wdio/utils:shim: Finished to run "beforeCommand" hook in 0ms
2026-09-08T21:38:31.096Z DEBUG @wdio/utils:shim: Finished to run "beforeCommand" hook in 0ms
2026-09-08T21:38:31.096Z DEBUG @wdio/utils:shim: Finished to run "beforeCommand" hook in 0ms
2026-09-08T21:38:31.096Z INFO webdriver: COMMAND executeScript(<fn>, <object>)
2026-09-08T21:38:31.097Z INFO webdriver: [POST] http://127.0.0.1:4459/session/73d1ae20-d07b-4899-bca8-5e3083d4ce91/execute/sync
2026-09-08T21:38:31.097Z INFO webdriver: DATA {"script":"\n            function webdriverioPolyfill() {\n  var __defProp = Object.defineProperty;\n  var __name = function(target, _value) {\n    return __defProp(target, \"name\", { value: _value, configurable: true });\n  };\n  var __globalThis = typeof globalThis === \"object\" && globalThis || typeof window === \"object\" && window;\n  __globalThis.__name = __name;\n}\n            webdriverioPolyfill();\n            return (id=>window.__AIO_E2E_TAURI_RESULTS__?.[id]).apply(null, arguments)\n        ","args":["tauri-command-1788903511089-5"]}
2026-09-08T21:38:31.104Z INFO webdriver: RESULT {
  status: 'resolved',
  value: '{"data":{"accepted":false,"domainGenerationId":"dsh-generation-7412-1788903508818461800-1","rejection":{"code":"lease-rejected"}},"id":3,"type":"result"}'
}
2026-09-08T21:38:31.104Z DEBUG @wdio/utils:shim: Finished to run "beforeCommand" hook in 0ms
2026-09-08T21:38:31.104Z DEBUG @wdio/utils:shim: Finished to run "beforeCommand" hook in 0ms
2026-09-08T21:38:31.104Z INFO webdriver: COMMAND executeScript(<fn>, <object>)
2026-09-08T21:38:31.105Z INFO webdriver: [POST] http://127.0.0.1:4459/session/73d1ae20-d07b-4899-bca8-5e3083d4ce91/execute/sync
2026-09-08T21:38:31.105Z INFO webdriver: DATA {"script":"\n            function webdriverioPolyfill() {\n  var __defProp = Object.defineProperty;\n  var __name = function(target, _value) {\n    return __defProp(target, \"name\", { value: _value, configurable: true });\n  };\n  var __globalThis = typeof globalThis === \"object\" && globalThis || typeof window === \"object\" && window;\n  __globalThis.__name = __name;\n}\n            webdriverioPolyfill();\n            return (id=>{const results=window.__AIO_E2E_TAURI_RESULTS__;const value=results?.[id];if(results)delete results[id];return value}).apply(null, arguments)\n        ","args":["tauri-command-1788903511089-5"]}
2026-09-08T21:38:31.111Z INFO webdriver: RESULT {
  status: 'resolved',
  value: '{"data":{"accepted":false,"domainGenerationId":"dsh-generation-7412-1788903508818461800-1","rejection":{"code":"lease-rejected"}},"id":3,"type":"result"}'
}
2026-09-08T21:38:31.112Z DEBUG @wdio/utils:shim: Finished to run "beforeCommand" hook in 0ms
2026-09-08T21:38:31.112Z DEBUG @wdio/utils:shim: Finished to run "beforeCommand" hook in 0ms
2026-09-08T21:38:31.112Z DEBUG @wdio/utils:shim: Finished to run "beforeCommand" hook in 0ms
2026-09-08T21:38:31.112Z INFO webdriver: COMMAND executeScript(<fn>, <object>)
2026-09-08T21:38:31.112Z INFO webdriver: [POST] http://127.0.0.1:4459/session/73d1ae20-d07b-4899-bca8-5e3083d4ce91/execute/sync
2026-09-08T21:38:31.112Z INFO webdriver: DATA {"script":"\n            function webdriverioPolyfill() {\n  var __defProp = Object.defineProperty;\n  var __name = function(target, _value) {\n    return __defProp(target, \"name\", { value: _value, configurable: true });\n  };\n  var __globalThis = typeof globalThis === \"object\" && globalThis || typeof window === \"object\" && window;\n  __globalThis.__name = __name;\n}\n            webdriverioPolyfill();\n            return (()=>!!window.__TAURI_INTERNALS__).apply(null, arguments)\n        ","args":[]}
2026-09-08T21:38:31.119Z INFO webdriver: RESULT true
2026-09-08T21:38:31.119Z DEBUG @wdio/utils:shim: Finished to run "beforeCommand" hook in 0ms
2026-09-08T21:38:31.119Z DEBUG @wdio/utils:shim: Finished to run "beforeCommand" hook in 0ms
2026-09-08T21:38:31.119Z INFO webdriver: COMMAND executeScript(<fn>, <object>)
2026-09-08T21:38:31.119Z INFO webdriver: [POST] http://127.0.0.1:4459/session/73d1ae20-d07b-4899-bca8-5e3083d4ce91/execute/sync
2026-09-08T21:38:31.119Z INFO webdriver: DATA {"script":"\n            function webdriverioPolyfill() {\n  var __defProp = Object.defineProperty;\n  var __name = function(target, _value) {\n    return __defProp(target, \"name\", { value: _value, configurable: true });\n  };\n  var __globalThis = typeof globalThis === \"object\" && globalThis || typeof window === \"object\" && window;\n  __globalThis.__name = __name;\n}\n            webdriverioPolyfill();\n            return ((id,commandName,commandArgs)=>{const e2eWindow=window;const results=e2eWindow.__AIO_E2E_TAURI_RESULTS__??={};const bridge=e2eWindow.__TAURI_INTERNALS__;if(!bridge){results[id]={status:\"failed\",error:\"Tauri IPC internals are unavailable in the E2E window.\"};return}results[id]={status:\"pending\"};void bridge.invoke(commandName,commandArgs).then(value=>{results[id]={status:\"resolved\",value}}).catch(error=>{results[id]={status:\"failed\",error:String(error)}})}).apply(null, arguments)\n        ","args":["tauri-command-1788903511119-6","sidecar_send_command",{"pluginId":"dsh-coding-workspace","method":"session.submitPrompt","params":{"sessionId":"e2e-session","leaseId":"lease-1","turnId":"e2e-turn-1","input":{"prompt":"reply with the native E2E marker","provider":{"baseUrl":"http://127.0.0.1:59796","apiKey":"native-e2e-secret"},"workspace":"D:\\a\\aio-hub\\aio-hub\\.e2e-data\\dsh-native\\plugins-data\\dsh-coding-workspace"}}}]}
2026-09-08T21:38:31.126Z INFO webdriver: RESULT null
2026-09-08T21:38:31.126Z DEBUG @wdio/utils:shim: Finished to run "beforeCommand" hook in 0ms
2026-09-08T21:38:31.126Z DEBUG @wdio/utils:shim: Finished to run "beforeCommand" hook in 0ms
2026-09-08T21:38:31.126Z DEBUG @wdio/utils:shim: Finished to run "beforeCommand" hook in 0ms
2026-09-08T21:38:31.127Z INFO webdriver: COMMAND executeScript(<fn>, <object>)
2026-09-08T21:38:31.127Z INFO webdriver: [POST] http://127.0.0.1:4459/session/73d1ae20-d07b-4899-bca8-5e3083d4ce91/execute/sync
2026-09-08T21:38:31.127Z INFO webdriver: DATA {"script":"\n            function webdriverioPolyfill() {\n  var __defProp = Object.defineProperty;\n  var __name = function(target, _value) {\n    return __defProp(target, \"name\", { value: _value, configurable: true });\n  };\n  var __globalThis = typeof globalThis === \"object\" && globalThis || typeof window === \"object\" && window;\n  __globalThis.__name = __name;\n}\n            webdriverioPolyfill();\n            return (id=>window.__AIO_E2E_TAURI_RESULTS__?.[id]).apply(null, arguments)\n        ","args":["tauri-command-1788903511119-6"]}
2026-09-08T21:38:31.134Z INFO webdriver: RESULT { status: 'pending' }
2026-09-08T21:38:31.225Z DEBUG @wdio/utils:shim: Finished to run "beforeCommand" hook in 0ms
2026-09-08T21:38:31.225Z DEBUG @wdio/utils:shim: Finished to run "beforeCommand" hook in 0ms
2026-09-08T21:38:31.225Z INFO webdriver: COMMAND executeScript(<fn>, <object>)
2026-09-08T21:38:31.226Z INFO webdriver: [POST] http://127.0.0.1:4459/session/73d1ae20-d07b-4899-bca8-5e3083d4ce91/execute/sync
2026-09-08T21:38:31.226Z INFO webdriver: DATA {"script":"\n            function webdriverioPolyfill() {\n  var __defProp = Object.defineProperty;\n  var __name = function(target, _value) {\n    return __defProp(target, \"name\", { value: _value, configurable: true });\n  };\n  var __globalThis = typeof globalThis === \"object\" && globalThis || typeof window === \"object\" && window;\n  __globalThis.__name = __name;\n}\n            webdriverioPolyfill();\n            return (id=>window.__AIO_E2E_TAURI_RESULTS__?.[id]).apply(null, arguments)\n        ","args":["tauri-command-1788903511119-6"]}
2026-09-08T21:38:31.233Z INFO webdriver: RESULT {
  status: 'resolved',
  value: '{"data":{"accepted":true,"domainGenerationId":"dsh-generation-7412-1788903508818461800-1"},"id":4,"type":"result"}'
}
2026-09-08T21:38:31.233Z DEBUG @wdio/utils:shim: Finished to run "beforeCommand" hook in 0ms
2026-09-08T21:38:31.233Z DEBUG @wdio/utils:shim: Finished to run "beforeCommand" hook in 0ms
2026-09-08T21:38:31.234Z INFO webdriver: COMMAND executeScript(<fn>, <object>)
2026-09-08T21:38:31.234Z INFO webdriver: [POST] http://127.0.0.1:4459/session/73d1ae20-d07b-4899-bca8-5e3083d4ce91/execute/sync
2026-09-08T21:38:31.234Z INFO webdriver: DATA {"script":"\n            function webdriverioPolyfill() {\n  var __defProp = Object.defineProperty;\n  var __name = function(target, _value) {\n    return __defProp(target, \"name\", { value: _value, configurable: true });\n  };\n  var __globalThis = typeof globalThis === \"object\" && globalThis || typeof window === \"object\" && window;\n  __globalThis.__name = __name;\n}\n            webdriverioPolyfill();\n            return (id=>{const results=window.__AIO_E2E_TAURI_RESULTS__;const value=results?.[id];if(results)delete results[id];return value}).apply(null, arguments)\n        ","args":["tauri-command-1788903511119-6"]}
2026-09-08T21:38:31.242Z INFO webdriver: RESULT {
  status: 'resolved',
  value: '{"data":{"accepted":true,"domainGenerationId":"dsh-generation-7412-1788903508818461800-1"},"id":4,"type":"result"}'
}
2026-09-08T21:38:31.242Z DEBUG @wdio/utils:shim: Finished to run "beforeCommand" hook in 0ms
2026-09-08T21:38:31.242Z DEBUG @wdio/utils:shim: Finished to run "beforeCommand" hook in 0ms
2026-09-08T21:38:31.242Z DEBUG @wdio/utils:shim: Finished to run "beforeCommand" hook in 0ms
2026-09-08T21:38:31.242Z INFO webdriver: COMMAND executeScript(<fn>, <object>)
2026-09-08T21:38:31.242Z INFO webdriver: [POST] http://127.0.0.1:4459/session/73d1ae20-d07b-4899-bca8-5e3083d4ce91/execute/sync
2026-09-08T21:38:31.243Z INFO webdriver: DATA {"script":"\n            function webdriverioPolyfill() {\n  var __defProp = Object.defineProperty;\n  var __name = function(target, _value) {\n    return __defProp(target, \"name\", { value: _value, configurable: true });\n  };\n  var __globalThis = typeof globalThis === \"object\" && globalThis || typeof window === \"object\" && window;\n  __globalThis.__name = __name;\n}\n            webdriverioPolyfill();\n            return (()=>!!window.__TAURI_INTERNALS__).apply(null, arguments)\n        ","args":[]}
2026-09-08T21:38:31.249Z INFO webdriver: RESULT true
2026-09-08T21:38:31.250Z DEBUG @wdio/utils:shim: Finished to run "beforeCommand" hook in 0ms
2026-09-08T21:38:31.250Z DEBUG @wdio/utils:shim: Finished to run "beforeCommand" hook in 0ms
2026-09-08T21:38:31.250Z INFO webdriver: COMMAND executeScript(<fn>, <object>)
2026-09-08T21:38:31.250Z INFO webdriver: [POST] http://127.0.0.1:4459/session/73d1ae20-d07b-4899-bca8-5e3083d4ce91/execute/sync
2026-09-08T21:38:31.250Z INFO webdriver: DATA {"script":"\n            function webdriverioPolyfill() {\n  var __defProp = Object.defineProperty;\n  var __name = function(target, _value) {\n    return __defProp(target, \"name\", { value: _value, configurable: true });\n  };\n  var __globalThis = typeof globalThis === \"object\" && globalThis || typeof window === \"object\" && window;\n  __globalThis.__name = __name;\n}\n            webdriverioPolyfill();\n            return ((id,commandName,commandArgs)=>{const e2eWindow=window;const results=e2eWindow.__AIO_E2E_TAURI_RESULTS__??={};const bridge=e2eWindow.__TAURI_INTERNALS__;if(!bridge){results[id]={status:\"failed\",error:\"Tauri IPC internals are unavailable in the E2E window.\"};return}results[id]={status:\"pending\"};void bridge.invoke(commandName,commandArgs).then(value=>{results[id]={status:\"resolved\",value}}).catch(error=>{results[id]={status:\"failed\",error:String(error)}})}).apply(null, arguments)\n        ","args":["tauri-command-1788903511250-7","sidecar_send_command",{"pluginId":"dsh-coding-workspace","method":"session.snapshot","params":{"sessionId":"e2e-session"}}]}
2026-09-08T21:38:31.258Z INFO webdriver: RESULT null
2026-09-08T21:38:31.258Z DEBUG @wdio/utils:shim: Finished to run "beforeCommand" hook in 0ms
2026-09-08T21:38:31.259Z DEBUG @wdio/utils:shim: Finished to run "beforeCommand" hook in 0ms
2026-09-08T21:38:31.259Z DEBUG @wdio/utils:shim: Finished to run "beforeCommand" hook in 0ms
2026-09-08T21:38:31.259Z INFO webdriver: COMMAND executeScript(<fn>, <object>)
2026-09-08T21:38:31.259Z INFO webdriver: [POST] http://127.0.0.1:4459/session/73d1ae20-d07b-4899-bca8-5e3083d4ce91/execute/sync
2026-09-08T21:38:31.259Z INFO webdriver: DATA {"script":"\n            function webdriverioPolyfill() {\n  var __defProp = Object.defineProperty;\n  var __name = function(target, _value) {\n    return __defProp(target, \"name\", { value: _value, configurable: true });\n  };\n  var __globalThis = typeof globalThis === \"object\" && globalThis || typeof window === \"object\" && window;\n  __globalThis.__name = __name;\n}\n            webdriverioPolyfill();\n            return (id=>window.__AIO_E2E_TAURI_RESULTS__?.[id]).apply(null, arguments)\n        ","args":["tauri-command-1788903511250-7"]}
2026-09-08T21:38:31.266Z INFO webdriver: RESULT { status: 'pending' }
2026-09-08T21:38:31.358Z DEBUG @wdio/utils:shim: Finished to run "beforeCommand" hook in 0ms
2026-09-08T21:38:31.358Z DEBUG @wdio/utils:shim: Finished to run "beforeCommand" hook in 0ms
2026-09-08T21:38:31.359Z INFO webdriver: COMMAND executeScript(<fn>, <object>)
2026-09-08T21:38:31.359Z INFO webdriver: [POST] http://127.0.0.1:4459/session/73d1ae20-d07b-4899-bca8-5e3083d4ce91/execute/sync
2026-09-08T21:38:31.359Z INFO webdriver: DATA {"script":"\n            function webdriverioPolyfill() {\n  var __defProp = Object.defineProperty;\n  var __name = function(target, _value) {\n    return __defProp(target, \"name\", { value: _value, configurable: true });\n  };\n  var __globalThis = typeof globalThis === \"object\" && globalThis || typeof window === \"object\" && window;\n  __globalThis.__name = __name;\n}\n            webdriverioPolyfill();\n            return (id=>window.__AIO_E2E_TAURI_RESULTS__?.[id]).apply(null, arguments)\n        ","args":["tauri-command-1788903511250-7"]}
2026-09-08T21:38:31.365Z INFO webdriver: RESULT {
  status: 'resolved',
  value: '{"data":{"domainGenerationId":"dsh-generation-7412-1788903508818461800-1","snapshot":{"contractHash":"96af8af6cdb538da2cd13c53eb4dd640f0ca233aab68b209d82fc744e01da519","cursor":"cursor-12","domainGenerationId":"dsh-generation-7412-1788903508818461800-1","durableFacts":[{"data":{"turn":1},"kind":"turn/start","sessionId":"e2e-session"},{"data":{"content":[{"text":"reply with the native E2E marker","type":"text"}],"id":"5c6a0201-546d-4e5f-9df2-12939fe13ea8","role":"user","source":{"kind":"user","rpcId":"e2e-turn-1"}},"kind":"user/message","sessionId":"e2e-session"}],"seq":12,"sessionId":"e2e-session"}},"id":5,"type":"result"}'
}
2026-09-08T21:38:31.366Z DEBUG @wdio/utils:shim: Finished to run "beforeCommand" hook in 0ms
2026-09-08T21:38:31.366Z DEBUG @wdio/utils:shim: Finished to run "beforeCommand" hook in 0ms
2026-09-08T21:38:31.366Z INFO webdriver: COMMAND executeScript(<fn>, <object>)
2026-09-08T21:38:31.366Z INFO webdriver: [POST] http://127.0.0.1:4459/session/73d1ae20-d07b-4899-bca8-5e3083d4ce91/execute/sync
2026-09-08T21:38:31.366Z INFO webdriver: DATA {"script":"\n            function webdriverioPolyfill() {\n  var __defProp = Object.defineProperty;\n  var __name = function(target, _value) {\n    return __defProp(target, \"name\", { value: _value, configurable: true });\n  };\n  var __globalThis = typeof globalThis === \"object\" && globalThis || typeof window === \"object\" && window;\n  __globalThis.__name = __name;\n}\n            webdriverioPolyfill();\n            return (id=>{const results=window.__AIO_E2E_TAURI_RESULTS__;const value=results?.[id];if(results)delete results[id];return value}).apply(null, arguments)\n        ","args":["tauri-command-1788903511250-7"]}
2026-09-08T21:38:31.372Z INFO webdriver: RESULT {
  status: 'resolved',
  value: '{"data":{"domainGenerationId":"dsh-generation-7412-1788903508818461800-1","snapshot":{"contractHash":"96af8af6cdb538da2cd13c53eb4dd640f0ca233aab68b209d82fc744e01da519","cursor":"cursor-12","domainGenerationId":"dsh-generation-7412-1788903508818461800-1","durableFacts":[{"data":{"turn":1},"kind":"turn/start","sessionId":"e2e-session"},{"data":{"content":[{"text":"reply with the native E2E marker","type":"text"}],"id":"5c6a0201-546d-4e5f-9df2-12939fe13ea8","role":"user","source":{"kind":"user","rpcId":"e2e-turn-1"}},"kind":"user/message","sessionId":"e2e-session"}],"seq":12,"sessionId":"e2e-session"}},"id":5,"type":"result"}'
}
2026-09-08T21:38:31.623Z DEBUG @wdio/utils:shim: Finished to run "beforeCommand" hook in 0ms
2026-09-08T21:38:31.623Z DEBUG @wdio/utils:shim: Finished to run "beforeCommand" hook in 0ms
2026-09-08T21:38:31.623Z DEBUG @wdio/utils:shim: Finished to run "beforeCommand" hook in 0ms
2026-09-08T21:38:31.624Z INFO webdriver: COMMAND executeScript(<fn>, <object>)
2026-09-08T21:38:31.624Z INFO webdriver: [POST] http://127.0.0.1:4459/session/73d1ae20-d07b-4899-bca8-5e3083d4ce91/execute/sync
2026-09-08T21:38:31.624Z INFO webdriver: DATA {"script":"\n            function webdriverioPolyfill() {\n  var __defProp = Object.defineProperty;\n  var __name = function(target, _value) {\n    return __defProp(target, \"name\", { value: _value, configurable: true });\n  };\n  var __globalThis = typeof globalThis === \"object\" && globalThis || typeof window === \"object\" && window;\n  __globalThis.__name = __name;\n}\n            webdriverioPolyfill();\n            return (()=>!!window.__TAURI_INTERNALS__).apply(null, arguments)\n        ","args":[]}
2026-09-08T21:38:31.631Z INFO webdriver: RESULT true
2026-09-08T21:38:31.631Z DEBUG @wdio/utils:shim: Finished to run "beforeCommand" hook in 0ms
2026-09-08T21:38:31.631Z DEBUG @wdio/utils:shim: Finished to run "beforeCommand" hook in 0ms
2026-09-08T21:38:31.631Z INFO webdriver: COMMAND executeScript(<fn>, <object>)
2026-09-08T21:38:31.632Z INFO webdriver: [POST] http://127.0.0.1:4459/session/73d1ae20-d07b-4899-bca8-5e3083d4ce91/execute/sync
2026-09-08T21:38:31.632Z INFO webdriver: DATA {"script":"\n            function webdriverioPolyfill() {\n  var __defProp = Object.defineProperty;\n  var __name = function(target, _value) {\n    return __defProp(target, \"name\", { value: _value, configurable: true });\n  };\n  var __globalThis = typeof globalThis === \"object\" && globalThis || typeof window === \"object\" && window;\n  __globalThis.__name = __name;\n}\n            webdriverioPolyfill();\n            return ((id,commandName,commandArgs)=>{const e2eWindow=window;const results=e2eWindow.__AIO_E2E_TAURI_RESULTS__??={};const bridge=e2eWindow.__TAURI_INTERNALS__;if(!bridge){results[id]={status:\"failed\",error:\"Tauri IPC internals are unavailable in the E2E window.\"};return}results[id]={status:\"pending\"};void bridge.invoke(commandName,commandArgs).then(value=>{results[id]={status:\"resolved\",value}}).catch(error=>{results[id]={status:\"failed\",error:String(error)}})}).apply(null, arguments)\n        ","args":["tauri-command-1788903511631-8","sidecar_send_command",{"pluginId":"dsh-coding-workspace","method":"session.snapshot","params":{"sessionId":"e2e-session"}}]}
2026-09-08T21:38:31.640Z INFO webdriver: RESULT null
2026-09-08T21:38:31.640Z DEBUG @wdio/utils:shim: Finished to run "beforeCommand" hook in 0ms
2026-09-08T21:38:31.640Z DEBUG @wdio/utils:shim: Finished to run "beforeCommand" hook in 0ms
2026-09-08T21:38:31.640Z DEBUG @wdio/utils:shim: Finished to run "beforeCommand" hook in 0ms
2026-09-08T21:38:31.641Z INFO webdriver: COMMAND executeScript(<fn>, <object>)
2026-09-08T21:38:31.641Z INFO webdriver: [POST] http://127.0.0.1:4459/session/73d1ae20-d07b-4899-bca8-5e3083d4ce91/execute/sync
2026-09-08T21:38:31.641Z INFO webdriver: DATA {"script":"\n            function webdriverioPolyfill() {\n  var __defProp = Object.defineProperty;\n  var __name = function(target, _value) {\n    return __defProp(target, \"name\", { value: _value, configurable: true });\n  };\n  var __globalThis = typeof globalThis === \"object\" && globalThis || typeof window === \"object\" && window;\n  __globalThis.__name = __name;\n}\n            webdriverioPolyfill();\n            return (id=>window.__AIO_E2E_TAURI_RESULTS__?.[id]).apply(null, arguments)\n        ","args":["tauri-command-1788903511631-8"]}
2026-09-08T21:38:31.648Z INFO webdriver: RESULT { status: 'pending' }
2026-09-08T21:38:31.741Z DEBUG @wdio/utils:shim: Finished to run "beforeCommand" hook in 0ms
2026-09-08T21:38:31.741Z DEBUG @wdio/utils:shim: Finished to run "beforeCommand" hook in 0ms
2026-09-08T21:38:31.741Z INFO webdriver: COMMAND executeScript(<fn>, <object>)
2026-09-08T21:38:31.741Z INFO webdriver: [POST] http://127.0.0.1:4459/session/73d1ae20-d07b-4899-bca8-5e3083d4ce91/execute/sync
2026-09-08T21:38:31.741Z INFO webdriver: DATA {"script":"\n            function webdriverioPolyfill() {\n  var __defProp = Object.defineProperty;\n  var __name = function(target, _value) {\n    return __defProp(target, \"name\", { value: _value, configurable: true });\n  };\n  var __globalThis = typeof globalThis === \"object\" && globalThis || typeof window === \"object\" && window;\n  __globalThis.__name = __name;\n}\n            webdriverioPolyfill();\n            return (id=>window.__AIO_E2E_TAURI_RESULTS__?.[id]).apply(null, arguments)\n        ","args":["tauri-command-1788903511631-8"]}
2026-09-08T21:38:31.747Z INFO webdriver: RESULT {
  status: 'resolved',
  value: '{"data":{"domainGenerationId":"dsh-generation-7412-1788903508818461800-1","snapshot":{"contractHash":"96af8af6cdb538da2cd13c53eb4dd640f0ca233aab68b209d82fc744e01da519","cursor":"cursor-20","domainGenerationId":"dsh-generation-7412-1788903508818461800-1","durableFacts":[{"data":{"turn":1},"kind":"turn/start","sessionId":"e2e-session"},{"data":{"content":[{"text":"reply with the native E2E marker","type":"text"}],"id":"5c6a0201-546d-4e5f-9df2-12939fe13ea8","role":"user","source":{"kind":"user","rpcId":"e2e-turn-1"}},"kind":"user/message","sessionId":"e2e-session"},{"data":{"message":{"content":[{"text":"AIO DSH NATIVE E2E OK","type":"text"}],"id":"53c641cc-94bd-4018-9136-1d760957ada9","role":"assistant","source":{"kind":"model","model":"deepseek-v4-flash","provider":"deepseek-official"}},"step":1,"turn":1,"usage":{"inputTokens":"***","outputTokens":"***","totalTokens":"***"}},"kind":"assistant/message","sessionId":"e2e-session"}],"seq":20,"sessionId":"e2e-session"}},"id":6,"type":"result"}'
}
2026-09-08T21:38:31.747Z DEBUG @wdio/utils:shim: Finished to run "beforeCommand" hook in 0ms
2026-09-08T21:38:31.747Z DEBUG @wdio/utils:shim: Finished to run "beforeCommand" hook in 0ms
2026-09-08T21:38:31.747Z INFO webdriver: COMMAND executeScript(<fn>, <object>)
2026-09-08T21:38:31.747Z INFO webdriver: [POST] http://127.0.0.1:4459/session/73d1ae20-d07b-4899-bca8-5e3083d4ce91/execute/sync
2026-09-08T21:38:31.747Z INFO webdriver: DATA {"script":"\n            function webdriverioPolyfill() {\n  var __defProp = Object.defineProperty;\n  var __name = function(target, _value) {\n    return __defProp(target, \"name\", { value: _value, configurable: true });\n  };\n  var __globalThis = typeof globalThis === \"object\" && globalThis || typeof window === \"object\" && window;\n  __globalThis.__name = __name;\n}\n            webdriverioPolyfill();\n            return (id=>{const results=window.__AIO_E2E_TAURI_RESULTS__;const value=results?.[id];if(results)delete results[id];return value}).apply(null, arguments)\n        ","args":["tauri-command-1788903511631-8"]}
2026-09-08T21:38:31.753Z INFO webdriver: RESULT {
  status: 'resolved',
  value: '{"data":{"domainGenerationId":"dsh-generation-7412-1788903508818461800-1","snapshot":{"contractHash":"96af8af6cdb538da2cd13c53eb4dd640f0ca233aab68b209d82fc744e01da519","cursor":"cursor-20","domainGenerationId":"dsh-generation-7412-1788903508818461800-1","durableFacts":[{"data":{"turn":1},"kind":"turn/start","sessionId":"e2e-session"},{"data":{"content":[{"text":"reply with the native E2E marker","type":"text"}],"id":"5c6a0201-546d-4e5f-9df2-12939fe13ea8","role":"user","source":{"kind":"user","rpcId":"e2e-turn-1"}},"kind":"user/message","sessionId":"e2e-session"},{"data":{"message":{"content":[{"text":"AIO DSH NATIVE E2E OK","type":"text"}],"id":"53c641cc-94bd-4018-9136-1d760957ada9","role":"assistant","source":{"kind":"model","model":"deepseek-v4-flash","provider":"deepseek-official"}},"step":1,"turn":1,"usage":{"inputTokens":"***","outputTokens":"***","totalTokens":"***"}},"kind":"assistant/message","sessionId":"e2e-session"}],"seq":20,"sessionId":"e2e-session"}},"id":6,"type":"result"}'
}
2026-09-08T21:38:31.753Z DEBUG @wdio/utils:shim: Finished to run "beforeCommand" hook in 0ms
2026-09-08T21:38:31.753Z DEBUG @wdio/utils:shim: Finished to run "beforeCommand" hook in 0ms
2026-09-08T21:38:31.753Z DEBUG @wdio/utils:shim: Finished to run "beforeCommand" hook in 0ms
2026-09-08T21:38:31.753Z INFO webdriver: COMMAND executeScript(<fn>, <object>)
2026-09-08T21:38:31.753Z INFO webdriver: [POST] http://127.0.0.1:4459/session/73d1ae20-d07b-4899-bca8-5e3083d4ce91/execute/sync
2026-09-08T21:38:31.754Z INFO webdriver: DATA {"script":"\n            function webdriverioPolyfill() {\n  var __defProp = Object.defineProperty;\n  var __name = function(target, _value) {\n    return __defProp(target, \"name\", { value: _value, configurable: true });\n  };\n  var __globalThis = typeof globalThis === \"object\" && globalThis || typeof window === \"object\" && window;\n  __globalThis.__name = __name;\n}\n            webdriverioPolyfill();\n            return (()=>!!window.__TAURI_INTERNALS__).apply(null, arguments)\n        ","args":[]}
2026-09-08T21:38:31.759Z INFO webdriver: RESULT true
2026-09-08T21:38:31.760Z DEBUG @wdio/utils:shim: Finished to run "beforeCommand" hook in 0ms
2026-09-08T21:38:31.760Z DEBUG @wdio/utils:shim: Finished to run "beforeCommand" hook in 0ms
2026-09-08T21:38:31.760Z INFO webdriver: COMMAND executeScript(<fn>, <object>)
2026-09-08T21:38:31.760Z INFO webdriver: [POST] http://127.0.0.1:4459/session/73d1ae20-d07b-4899-bca8-5e3083d4ce91/execute/sync
2026-09-08T21:38:31.760Z INFO webdriver: DATA {"script":"\n            function webdriverioPolyfill() {\n  var __defProp = Object.defineProperty;\n  var __name = function(target, _value) {\n    return __defProp(target, \"name\", { value: _value, configurable: true });\n  };\n  var __globalThis = typeof globalThis === \"object\" && globalThis || typeof window === \"object\" && window;\n  __globalThis.__name = __name;\n}\n            webdriverioPolyfill();\n            return ((id,commandName,commandArgs)=>{const e2eWindow=window;const results=e2eWindow.__AIO_E2E_TAURI_RESULTS__??={};const bridge=e2eWindow.__TAURI_INTERNALS__;if(!bridge){results[id]={status:\"failed\",error:\"Tauri IPC internals are unavailable in the E2E window.\"};return}results[id]={status:\"pending\"};void bridge.invoke(commandName,commandArgs).then(value=>{results[id]={status:\"resolved\",value}}).catch(error=>{results[id]={status:\"failed\",error:String(error)}})}).apply(null, arguments)\n        ","args":["tauri-command-1788903511760-9","sidecar_send_command",{"pluginId":"dsh-coding-workspace","method":"session.cancel","params":{"sessionId":"e2e-session","leaseId":"lease-1","turnId":"e2e-turn-1"}}]}
2026-09-08T21:38:31.768Z INFO webdriver: RESULT null
2026-09-08T21:38:31.768Z DEBUG @wdio/utils:shim: Finished to run "beforeCommand" hook in 0ms
2026-09-08T21:38:31.768Z DEBUG @wdio/utils:shim: Finished to run "beforeCommand" hook in 0ms
2026-09-08T21:38:31.768Z DEBUG @wdio/utils:shim: Finished to run "beforeCommand" hook in 0ms
2026-09-08T21:38:31.769Z INFO webdriver: COMMAND executeScript(<fn>, <object>)
2026-09-08T21:38:31.769Z INFO webdriver: [POST] http://127.0.0.1:4459/session/73d1ae20-d07b-4899-bca8-5e3083d4ce91/execute/sync
2026-09-08T21:38:31.769Z INFO webdriver: DATA {"script":"\n            function webdriverioPolyfill() {\n  var __defProp = Object.defineProperty;\n  var __name = function(target, _value) {\n    return __defProp(target, \"name\", { value: _value, configurable: true });\n  };\n  var __globalThis = typeof globalThis === \"object\" && globalThis || typeof window === \"object\" && window;\n  __globalThis.__name = __name;\n}\n            webdriverioPolyfill();\n            return (id=>window.__AIO_E2E_TAURI_RESULTS__?.[id]).apply(null, arguments)\n        ","args":["tauri-command-1788903511760-9"]}
2026-09-08T21:38:31.774Z INFO webdriver: RESULT {
  status: 'resolved',
  value: '{"data":{"accepted":true,"domainGenerationId":"dsh-generation-7412-1788903508818461800-1"},"id":7,"type":"result"}'
}
2026-09-08T21:38:31.774Z DEBUG @wdio/utils:shim: Finished to run "beforeCommand" hook in 0ms
2026-09-08T21:38:31.774Z DEBUG @wdio/utils:shim: Finished to run "beforeCommand" hook in 0ms
2026-09-08T21:38:31.774Z INFO webdriver: COMMAND executeScript(<fn>, <object>)
2026-09-08T21:38:31.775Z INFO webdriver: [POST] http://127.0.0.1:4459/session/73d1ae20-d07b-4899-bca8-5e3083d4ce91/execute/sync
2026-09-08T21:38:31.775Z INFO webdriver: DATA {"script":"\n            function webdriverioPolyfill() {\n  var __defProp = Object.defineProperty;\n  var __name = function(target, _value) {\n    return __defProp(target, \"name\", { value: _value, configurable: true });\n  };\n  var __globalThis = typeof globalThis === \"object\" && globalThis || typeof window === \"object\" && window;\n  __globalThis.__name = __name;\n}\n            webdriverioPolyfill();\n            return (id=>{const results=window.__AIO_E2E_TAURI_RESULTS__;const value=results?.[id];if(results)delete results[id];return value}).apply(null, arguments)\n        ","args":["tauri-command-1788903511760-9"]}
2026-09-08T21:38:31.780Z INFO webdriver: RESULT {
  status: 'resolved',
  value: '{"data":{"accepted":true,"domainGenerationId":"dsh-generation-7412-1788903508818461800-1"},"id":7,"type":"result"}'
}
2026-09-08T21:38:31.781Z DEBUG @wdio/utils:shim: Finished to run "beforeCommand" hook in 0ms
2026-09-08T21:38:31.781Z DEBUG @wdio/utils:shim: Finished to run "beforeCommand" hook in 0ms
2026-09-08T21:38:31.781Z INFO webdriver: COMMAND executeScript(<fn>, <object>)
2026-09-08T21:38:31.781Z INFO webdriver: [POST] http://127.0.0.1:4459/session/73d1ae20-d07b-4899-bca8-5e3083d4ce91/execute/sync
2026-09-08T21:38:31.781Z INFO webdriver: DATA {"script":"\n            function webdriverioPolyfill() {\n  var __defProp = Object.defineProperty;\n  var __name = function(target, _value) {\n    return __defProp(target, \"name\", { value: _value, configurable: true });\n  };\n  var __globalThis = typeof globalThis === \"object\" && globalThis || typeof window === \"object\" && window;\n  __globalThis.__name = __name;\n}\n            webdriverioPolyfill();\n            return (()=>{const isVisible=__name(element=>{const style=window.getComputedStyle(element);return style.display!==\"none\"&&style.visibility!==\"hidden\"},\"isVisible\");const editorCancel=document.querySelector('[data-testid=\"agent-editor-cancel\"]');if(editorCancel&&isVisible(editorCancel))editorCancel.click();for(const closeButton of document.querySelectorAll(\".base-dialog-backdrop .dialog-close-btn\")){if(isVisible(closeButton))closeButton.click()}document.dispatchEvent(new KeyboardEvent(\"keydown\",{key:\"Escape\",bubbles:true}))}).apply(null, arguments)\n        ","args":[]}
2026-09-08T21:38:31.788Z INFO webdriver: RESULT null
2026-09-08T21:38:31.788Z DEBUG @wdio/utils:shim: Finished to run "beforeCommand" hook in 0ms
2026-09-08T21:38:31.788Z DEBUG @wdio/utils:shim: Finished to run "beforeCommand" hook in 0ms
2026-09-08T21:38:31.788Z DEBUG @wdio/utils:shim: Finished to run "beforeCommand" hook in 0ms
2026-09-08T21:38:31.788Z INFO webdriver: COMMAND executeScript(<fn>, <object>)
2026-09-08T21:38:31.788Z INFO webdriver: [POST] http://127.0.0.1:4459/session/73d1ae20-d07b-4899-bca8-5e3083d4ce91/execute/sync
2026-09-08T21:38:31.788Z INFO webdriver: DATA {"script":"\n            function webdriverioPolyfill() {\n  var __defProp = Object.defineProperty;\n  var __name = function(target, _value) {\n    return __defProp(target, \"name\", { value: _value, configurable: true });\n  };\n  var __globalThis = typeof globalThis === \"object\" && globalThis || typeof window === \"object\" && window;\n  __globalThis.__name = __name;\n}\n            webdriverioPolyfill();\n            return (()=>{const isVisible=__name(element=>{const style=window.getComputedStyle(element);return style.display!==\"none\"&&style.visibility!==\"hidden\"},\"isVisible\");return Array.from(document.querySelectorAll(\".base-dialog-backdrop\")).some(isVisible)}).apply(null, arguments)\n        ","args":[]}
2026-09-08T21:38:31.794Z INFO webdriver: RESULT false
2026-09-08T21:38:31.794Z DEBUG @wdio/utils:shim: Finished to run "afterTest" hook in 13ms
2026-09-08T21:38:31.795Z DEBUG @wdio/utils:shim: Finished to run "beforeTest" hook in 0ms
2026-09-08T21:38:31.796Z DEBUG @wdio/utils:shim: Finished to run "beforeCommand" hook in 0ms
2026-09-08T21:38:31.796Z DEBUG @wdio/utils:shim: Finished to run "beforeCommand" hook in 0ms
2026-09-08T21:38:31.796Z DEBUG @wdio/utils:shim: Finished to run "beforeCommand" hook in 0ms
2026-09-08T21:38:31.796Z INFO webdriver: COMMAND executeScript(<fn>, <object>)
2026-09-08T21:38:31.796Z INFO webdriver: [POST] http://127.0.0.1:4459/session/73d1ae20-d07b-4899-bca8-5e3083d4ce91/execute/sync
2026-09-08T21:38:31.796Z INFO webdriver: DATA {"script":"\n            function webdriverioPolyfill() {\n  var __defProp = Object.defineProperty;\n  var __name = function(target, _value) {\n    return __defProp(target, \"name\", { value: _value, configurable: true });\n  };\n  var __globalThis = typeof globalThis === \"object\" && globalThis || typeof window === \"object\" && window;\n  __globalThis.__name = __name;\n}\n            webdriverioPolyfill();\n            return (()=>!!window.__TAURI_INTERNALS__).apply(null, arguments)\n        ","args":[]}
2026-09-08T21:38:31.803Z INFO webdriver: RESULT true
2026-09-08T21:38:31.803Z DEBUG @wdio/utils:shim: Finished to run "beforeCommand" hook in 0ms
2026-09-08T21:38:31.803Z DEBUG @wdio/utils:shim: Finished to run "beforeCommand" hook in 0ms
2026-09-08T21:38:31.803Z INFO webdriver: COMMAND executeScript(<fn>, <object>)
2026-09-08T21:38:31.804Z INFO webdriver: [POST] http://127.0.0.1:4459/session/73d1ae20-d07b-4899-bca8-5e3083d4ce91/execute/sync
2026-09-08T21:38:31.804Z INFO webdriver: DATA {"script":"\n            function webdriverioPolyfill() {\n  var __defProp = Object.defineProperty;\n  var __name = function(target, _value) {\n    return __defProp(target, \"name\", { value: _value, configurable: true });\n  };\n  var __globalThis = typeof globalThis === \"object\" && globalThis || typeof window === \"object\" && window;\n  __globalThis.__name = __name;\n}\n            webdriverioPolyfill();\n            return ((id,commandName,commandArgs)=>{const e2eWindow=window;const results=e2eWindow.__AIO_E2E_TAURI_RESULTS__??={};const bridge=e2eWindow.__TAURI_INTERNALS__;if(!bridge){results[id]={status:\"failed\",error:\"Tauri IPC internals are unavailable in the E2E window.\"};return}results[id]={status:\"pending\"};void bridge.invoke(commandName,commandArgs).then(value=>{results[id]={status:\"resolved\",value}}).catch(error=>{results[id]={status:\"failed\",error:String(error)}})}).apply(null, arguments)\n        ","args":["tauri-command-1788903511803-10","sidecar_send_command",{"pluginId":"dsh-coding-workspace","method":"shutdown","params":{"reason":"native-e2e"}}]}
2026-09-08T21:38:31.810Z INFO webdriver: RESULT null
2026-09-08T21:38:31.810Z DEBUG @wdio/utils:shim: Finished to run "beforeCommand" hook in 0ms
2026-09-08T21:38:31.810Z DEBUG @wdio/utils:shim: Finished to run "beforeCommand" hook in 0ms
2026-09-08T21:38:31.810Z DEBUG @wdio/utils:shim: Finished to run "beforeCommand" hook in 0ms
2026-09-08T21:38:31.810Z INFO webdriver: COMMAND executeScript(<fn>, <object>)
2026-09-08T21:38:31.811Z INFO webdriver: [POST] http://127.0.0.1:4459/session/73d1ae20-d07b-4899-bca8-5e3083d4ce91/execute/sync
2026-09-08T21:38:31.811Z INFO webdriver: DATA {"script":"\n            function webdriverioPolyfill() {\n  var __defProp = Object.defineProperty;\n  var __name = function(target, _value) {\n    return __defProp(target, \"name\", { value: _value, configurable: true });\n  };\n  var __globalThis = typeof globalThis === \"object\" && globalThis || typeof window === \"object\" && window;\n  __globalThis.__name = __name;\n}\n            webdriverioPolyfill();\n            return (id=>window.__AIO_E2E_TAURI_RESULTS__?.[id]).apply(null, arguments)\n        ","args":["tauri-command-1788903511803-10"]}
2026-09-08T21:38:31.818Z INFO webdriver: RESULT { status: 'pending' }
2026-09-08T21:38:31.910Z DEBUG @wdio/utils:shim: Finished to run "beforeCommand" hook in 0ms
2026-09-08T21:38:31.910Z DEBUG @wdio/utils:shim: Finished to run "beforeCommand" hook in 0ms
2026-09-08T21:38:31.911Z INFO webdriver: COMMAND executeScript(<fn>, <object>)
2026-09-08T21:38:31.911Z INFO webdriver: [POST] http://127.0.0.1:4459/session/73d1ae20-d07b-4899-bca8-5e3083d4ce91/execute/sync
2026-09-08T21:38:31.911Z INFO webdriver: DATA {"script":"\n            function webdriverioPolyfill() {\n  var __defProp = Object.defineProperty;\n  var __name = function(target, _value) {\n    return __defProp(target, \"name\", { value: _value, configurable: true });\n  };\n  var __globalThis = typeof globalThis === \"object\" && globalThis || typeof window === \"object\" && window;\n  __globalThis.__name = __name;\n}\n            webdriverioPolyfill();\n            return (id=>window.__AIO_E2E_TAURI_RESULTS__?.[id]).apply(null, arguments)\n        ","args":["tauri-command-1788903511803-10"]}
2026-09-08T21:38:31.918Z INFO webdriver: RESULT {
  status: 'resolved',
  value: '{"data":{"capabilities":["attachment.limits","interaction.approval","session","session.cancel","session.create","session.fork","session.history","session.list","session.open","session.rename","session.resume","session.search","session.select-model","session.snapshot","session.submit-prompt","session.subscribe","session.update-queue","snapshot","terminal.close","terminal.open","terminal.read","terminal.send","workspace.archive-session","workspace.create","workspace.delete","workspace.follow","workspace.rename"],"contractHash":"96af8af6cdb538da2cd13c53eb4dd640f0ca233aab68b209d82fc744e01da519","domainGenerationId":"dsh-generation-7412-1788903508818461800-1","sandbox":{"backend":"restricted-token","level":"full"},"state":"stopped"},"id":8,"type":"result"}'
}
2026-09-08T21:38:31.918Z DEBUG @wdio/utils:shim: Finished to run "beforeCommand" hook in 0ms
2026-09-08T21:38:31.918Z DEBUG @wdio/utils:shim: Finished to run "beforeCommand" hook in 0ms
2026-09-08T21:38:31.918Z INFO webdriver: COMMAND executeScript(<fn>, <object>)
2026-09-08T21:38:31.918Z INFO webdriver: [POST] http://127.0.0.1:4459/session/73d1ae20-d07b-4899-bca8-5e3083d4ce91/execute/sync
2026-09-08T21:38:31.918Z INFO webdriver: DATA {"script":"\n            function webdriverioPolyfill() {\n  var __defProp = Object.defineProperty;\n  var __name = function(target, _value) {\n    return __defProp(target, \"name\", { value: _value, configurable: true });\n  };\n  var __globalThis = typeof globalThis === \"object\" && globalThis || typeof window === \"object\" && window;\n  __globalThis.__name = __name;\n}\n            webdriverioPolyfill();\n            return (id=>{const results=window.__AIO_E2E_TAURI_RESULTS__;const value=results?.[id];if(results)delete results[id];return value}).apply(null, arguments)\n        ","args":["tauri-command-1788903511803-10"]}
2026-09-08T21:38:31.924Z INFO webdriver: RESULT {
  status: 'resolved',
  value: '{"data":{"capabilities":["attachment.limits","interaction.approval","session","session.cancel","session.create","session.fork","session.history","session.list","session.open","session.rename","session.resume","session.search","session.select-model","session.snapshot","session.submit-prompt","session.subscribe","session.update-queue","snapshot","terminal.close","terminal.open","terminal.read","terminal.send","workspace.archive-session","workspace.create","workspace.delete","workspace.follow","workspace.rename"],"contractHash":"96af8af6cdb538da2cd13c53eb4dd640f0ca233aab68b209d82fc744e01da519","domainGenerationId":"dsh-generation-7412-1788903508818461800-1","sandbox":{"backend":"restricted-token","level":"full"},"state":"stopped"},"id":8,"type":"result"}'
}
2026-09-08T21:38:32.565Z DEBUG @wdio/utils:shim: Finished to run "beforeCommand" hook in 0ms
2026-09-08T21:38:32.566Z DEBUG @wdio/utils:shim: Finished to run "beforeCommand" hook in 0ms
2026-09-08T21:38:32.566Z DEBUG @wdio/utils:shim: Finished to run "beforeCommand" hook in 0ms
2026-09-08T21:38:32.566Z INFO webdriver: COMMAND executeScript(<fn>, <object>)
2026-09-08T21:38:32.566Z INFO webdriver: [POST] http://127.0.0.1:4459/session/73d1ae20-d07b-4899-bca8-5e3083d4ce91/execute/sync
2026-09-08T21:38:32.566Z INFO webdriver: DATA {"script":"\n            function webdriverioPolyfill() {\n  var __defProp = Object.defineProperty;\n  var __name = function(target, _value) {\n    return __defProp(target, \"name\", { value: _value, configurable: true });\n  };\n  var __globalThis = typeof globalThis === \"object\" && globalThis || typeof window === \"object\" && window;\n  __globalThis.__name = __name;\n}\n            webdriverioPolyfill();\n            return (()=>!!window.__TAURI_INTERNALS__).apply(null, arguments)\n        ","args":[]}
2026-09-08T21:38:32.572Z INFO webdriver: RESULT true
2026-09-08T21:38:32.573Z DEBUG @wdio/utils:shim: Finished to run "beforeCommand" hook in 0ms
2026-09-08T21:38:32.573Z DEBUG @wdio/utils:shim: Finished to run "beforeCommand" hook in 0ms
2026-09-08T21:38:32.573Z INFO webdriver: COMMAND executeScript(<fn>, <object>)
2026-09-08T21:38:32.573Z INFO webdriver: [POST] http://127.0.0.1:4459/session/73d1ae20-d07b-4899-bca8-5e3083d4ce91/execute/sync
2026-09-08T21:38:32.573Z INFO webdriver: DATA {"script":"\n            function webdriverioPolyfill() {\n  var __defProp = Object.defineProperty;\n  var __name = function(target, _value) {\n    return __defProp(target, \"name\", { value: _value, configurable: true });\n  };\n  var __globalThis = typeof globalThis === \"object\" && globalThis || typeof window === \"object\" && window;\n  __globalThis.__name = __name;\n}\n            webdriverioPolyfill();\n            return ((id,commandName,commandArgs)=>{const e2eWindow=window;const results=e2eWindow.__AIO_E2E_TAURI_RESULTS__??={};const bridge=e2eWindow.__TAURI_INTERNALS__;if(!bridge){results[id]={status:\"failed\",error:\"Tauri IPC internals are unavailable in the E2E window.\"};return}results[id]={status:\"pending\"};void bridge.invoke(commandName,commandArgs).then(value=>{results[id]={status:\"resolved\",value}}).catch(error=>{results[id]={status:\"failed\",error:String(error)}})}).apply(null, arguments)\n        ","args":["tauri-command-1788903512573-11","sidecar_spawn_resident",{"pluginId":"dsh-coding-workspace","executablePath":"D:\\a\\aio-hub\\aio-hub\\.e2e-data\\dsh-native\\plugins\\dsh-coding-workspace\\bin\\win32-x64\\aio-dsh-supervisor.exe","args":[],"installPath":"D:\\a\\aio-hub\\aio-hub\\.e2e-data\\dsh-native\\plugins\\dsh-coding-workspace"}]}
2026-09-08T21:38:32.581Z INFO webdriver: RESULT null
2026-09-08T21:38:32.581Z DEBUG @wdio/utils:shim: Finished to run "beforeCommand" hook in 0ms
2026-09-08T21:38:32.582Z DEBUG @wdio/utils:shim: Finished to run "beforeCommand" hook in 1ms
2026-09-08T21:38:32.582Z DEBUG @wdio/utils:shim: Finished to run "beforeCommand" hook in 0ms
2026-09-08T21:38:32.582Z INFO webdriver: COMMAND executeScript(<fn>, <object>)
2026-09-08T21:38:32.582Z INFO webdriver: [POST] http://127.0.0.1:4459/session/73d1ae20-d07b-4899-bca8-5e3083d4ce91/execute/sync
2026-09-08T21:38:32.582Z INFO webdriver: DATA {"script":"\n            function webdriverioPolyfill() {\n  var __defProp = Object.defineProperty;\n  var __name = function(target, _value) {\n    return __defProp(target, \"name\", { value: _value, configurable: true });\n  };\n  var __globalThis = typeof globalThis === \"object\" && globalThis || typeof window === \"object\" && window;\n  __globalThis.__name = __name;\n}\n            webdriverioPolyfill();\n            return (id=>window.__AIO_E2E_TAURI_RESULTS__?.[id]).apply(null, arguments)\n        ","args":["tauri-command-1788903512573-11"]}
2026-09-08T21:38:32.588Z INFO webdriver: RESULT { status: 'resolved', value: 'd3bad8d7-f40f-4988-ac70-c8a3bb0545a0' }
2026-09-08T21:38:32.588Z DEBUG @wdio/utils:shim: Finished to run "beforeCommand" hook in 0ms
2026-09-08T21:38:32.588Z DEBUG @wdio/utils:shim: Finished to run "beforeCommand" hook in 0ms
2026-09-08T21:38:32.589Z INFO webdriver: COMMAND executeScript(<fn>, <object>)
2026-09-08T21:38:32.589Z INFO webdriver: [POST] http://127.0.0.1:4459/session/73d1ae20-d07b-4899-bca8-5e3083d4ce91/execute/sync
2026-09-08T21:38:32.589Z INFO webdriver: DATA {"script":"\n            function webdriverioPolyfill() {\n  var __defProp = Object.defineProperty;\n  var __name = function(target, _value) {\n    return __defProp(target, \"name\", { value: _value, configurable: true });\n  };\n  var __globalThis = typeof globalThis === \"object\" && globalThis || typeof window === \"object\" && window;\n  __globalThis.__name = __name;\n}\n            webdriverioPolyfill();\n            return (id=>{const results=window.__AIO_E2E_TAURI_RESULTS__;const value=results?.[id];if(results)delete results[id];return value}).apply(null, arguments)\n        ","args":["tauri-command-1788903512573-11"]}
2026-09-08T21:38:32.596Z INFO webdriver: RESULT { status: 'resolved', value: 'd3bad8d7-f40f-4988-ac70-c8a3bb0545a0' }
2026-09-08T21:38:32.596Z DEBUG @wdio/utils:shim: Finished to run "beforeCommand" hook in 0ms
2026-09-08T21:38:32.596Z DEBUG @wdio/utils:shim: Finished to run "beforeCommand" hook in 0ms
2026-09-08T21:38:32.596Z DEBUG @wdio/utils:shim: Finished to run "beforeCommand" hook in 0ms
2026-09-08T21:38:32.597Z INFO webdriver: COMMAND executeScript(<fn>, <object>)
2026-09-08T21:38:32.597Z INFO webdriver: [POST] http://127.0.0.1:4459/session/73d1ae20-d07b-4899-bca8-5e3083d4ce91/execute/sync
2026-09-08T21:38:32.597Z INFO webdriver: DATA {"script":"\n            function webdriverioPolyfill() {\n  var __defProp = Object.defineProperty;\n  var __name = function(target, _value) {\n    return __defProp(target, \"name\", { value: _value, configurable: true });\n  };\n  var __globalThis = typeof globalThis === \"object\" && globalThis || typeof window === \"object\" && window;\n  __globalThis.__name = __name;\n}\n            webdriverioPolyfill();\n            return (()=>!!window.__TAURI_INTERNALS__).apply(null, arguments)\n        ","args":[]}
2026-09-08T21:38:32.603Z INFO webdriver: RESULT true
2026-09-08T21:38:32.603Z DEBUG @wdio/utils:shim: Finished to run "beforeCommand" hook in 0ms
2026-09-08T21:38:32.603Z DEBUG @wdio/utils:shim: Finished to run "beforeCommand" hook in 0ms
2026-09-08T21:38:32.603Z INFO webdriver: COMMAND executeScript(<fn>, <object>)
2026-09-08T21:38:32.603Z INFO webdriver: [POST] http://127.0.0.1:4459/session/73d1ae20-d07b-4899-bca8-5e3083d4ce91/execute/sync
2026-09-08T21:38:32.603Z INFO webdriver: DATA {"script":"\n            function webdriverioPolyfill() {\n  var __defProp = Object.defineProperty;\n  var __name = function(target, _value) {\n    return __defProp(target, \"name\", { value: _value, configurable: true });\n  };\n  var __globalThis = typeof globalThis === \"object\" && globalThis || typeof window === \"object\" && window;\n  __globalThis.__name = __name;\n}\n            webdriverioPolyfill();\n            return ((id,commandName,commandArgs)=>{const e2eWindow=window;const results=e2eWindow.__AIO_E2E_TAURI_RESULTS__??={};const bridge=e2eWindow.__TAURI_INTERNALS__;if(!bridge){results[id]={status:\"failed\",error:\"Tauri IPC internals are unavailable in the E2E window.\"};return}results[id]={status:\"pending\"};void bridge.invoke(commandName,commandArgs).then(value=>{results[id]={status:\"resolved\",value}}).catch(error=>{results[id]={status:\"failed\",error:String(error)}})}).apply(null, arguments)\n        ","args":["tauri-command-1788903512603-12","sidecar_send_command",{"pluginId":"dsh-coding-workspace","method":"initialize","params":{"hostContext":{"apiVersion":3,"sidecarProtocolVersion":3},"provider":{"baseUrl":"http://127.0.0.1:59796","apiKey":"native-e2e-secret"}}}]}
2026-09-08T21:38:32.609Z INFO webdriver: RESULT null
2026-09-08T21:38:32.609Z DEBUG @wdio/utils:shim: Finished to run "beforeCommand" hook in 0ms
2026-09-08T21:38:32.610Z DEBUG @wdio/utils:shim: Finished to run "beforeCommand" hook in 0ms
2026-09-08T21:38:32.610Z DEBUG @wdio/utils:shim: Finished to run "beforeCommand" hook in 0ms
2026-09-08T21:38:32.610Z INFO webdriver: COMMAND executeScript(<fn>, <object>)
2026-09-08T21:38:32.610Z INFO webdriver: [POST] http://127.0.0.1:4459/session/73d1ae20-d07b-4899-bca8-5e3083d4ce91/execute/sync
2026-09-08T21:38:32.610Z INFO webdriver: DATA {"script":"\n            function webdriverioPolyfill() {\n  var __defProp = Object.defineProperty;\n  var __name = function(target, _value) {\n    return __defProp(target, \"name\", { value: _value, configurable: true });\n  };\n  var __globalThis = typeof globalThis === \"object\" && globalThis || typeof window === \"object\" && window;\n  __globalThis.__name = __name;\n}\n            webdriverioPolyfill();\n            return (id=>window.__AIO_E2E_TAURI_RESULTS__?.[id]).apply(null, arguments)\n        ","args":["tauri-command-1788903512603-12"]}
2026-09-08T21:38:32.618Z INFO webdriver: RESULT { status: 'pending' }
2026-09-08T21:38:32.709Z DEBUG @wdio/utils:shim: Finished to run "beforeCommand" hook in 0ms
2026-09-08T21:38:32.709Z DEBUG @wdio/utils:shim: Finished to run "beforeCommand" hook in 0ms
2026-09-08T21:38:32.710Z INFO webdriver: COMMAND executeScript(<fn>, <object>)
2026-09-08T21:38:32.710Z INFO webdriver: [POST] http://127.0.0.1:4459/session/73d1ae20-d07b-4899-bca8-5e3083d4ce91/execute/sync
2026-09-08T21:38:32.710Z INFO webdriver: DATA {"script":"\n            function webdriverioPolyfill() {\n  var __defProp = Object.defineProperty;\n  var __name = function(target, _value) {\n    return __defProp(target, \"name\", { value: _value, configurable: true });\n  };\n  var __globalThis = typeof globalThis === \"object\" && globalThis || typeof window === \"object\" && window;\n  __globalThis.__name = __name;\n}\n            webdriverioPolyfill();\n            return (id=>window.__AIO_E2E_TAURI_RESULTS__?.[id]).apply(null, arguments)\n        ","args":["tauri-command-1788903512603-12"]}
2026-09-08T21:38:32.718Z INFO webdriver: RESULT { status: 'pending' }
2026-09-08T21:38:32.811Z DEBUG @wdio/utils:shim: Finished to run "beforeCommand" hook in 0ms
2026-09-08T21:38:32.811Z DEBUG @wdio/utils:shim: Finished to run "beforeCommand" hook in 0ms
2026-09-08T21:38:32.811Z INFO webdriver: COMMAND executeScript(<fn>, <object>)
2026-09-08T21:38:32.812Z INFO webdriver: [POST] http://127.0.0.1:4459/session/73d1ae20-d07b-4899-bca8-5e3083d4ce91/execute/sync
2026-09-08T21:38:32.812Z INFO webdriver: DATA {"script":"\n            function webdriverioPolyfill() {\n  var __defProp = Object.defineProperty;\n  var __name = function(target, _value) {\n    return __defProp(target, \"name\", { value: _value, configurable: true });\n  };\n  var __globalThis = typeof globalThis === \"object\" && globalThis || typeof window === \"object\" && window;\n  __globalThis.__name = __name;\n}\n            webdriverioPolyfill();\n            return (id=>window.__AIO_E2E_TAURI_RESULTS__?.[id]).apply(null, arguments)\n        ","args":["tauri-command-1788903512603-12"]}
2026-09-08T21:38:32.819Z INFO webdriver: RESULT { status: 'pending' }
2026-09-08T21:38:32.910Z DEBUG @wdio/utils:shim: Finished to run "beforeCommand" hook in 0ms
2026-09-08T21:38:32.910Z DEBUG @wdio/utils:shim: Finished to run "beforeCommand" hook in 0ms
2026-09-08T21:38:32.910Z INFO webdriver: COMMAND executeScript(<fn>, <object>)
2026-09-08T21:38:32.910Z INFO webdriver: [POST] http://127.0.0.1:4459/session/73d1ae20-d07b-4899-bca8-5e3083d4ce91/execute/sync
2026-09-08T21:38:32.910Z INFO webdriver: DATA {"script":"\n            function webdriverioPolyfill() {\n  var __defProp = Object.defineProperty;\n  var __name = function(target, _value) {\n    return __defProp(target, \"name\", { value: _value, configurable: true });\n  };\n  var __globalThis = typeof globalThis === \"object\" && globalThis || typeof window === \"object\" && window;\n  __globalThis.__name = __name;\n}\n            webdriverioPolyfill();\n            return (id=>window.__AIO_E2E_TAURI_RESULTS__?.[id]).apply(null, arguments)\n        ","args":["tauri-command-1788903512603-12"]}
2026-09-08T21:38:32.918Z INFO webdriver: RESULT { status: 'pending' }
2026-09-08T21:38:33.011Z DEBUG @wdio/utils:shim: Finished to run "beforeCommand" hook in 0ms
2026-09-08T21:38:33.011Z DEBUG @wdio/utils:shim: Finished to run "beforeCommand" hook in 0ms
2026-09-08T21:38:33.011Z INFO webdriver: COMMAND executeScript(<fn>, <object>)
2026-09-08T21:38:33.011Z INFO webdriver: [POST] http://127.0.0.1:4459/session/73d1ae20-d07b-4899-bca8-5e3083d4ce91/execute/sync
2026-09-08T21:38:33.012Z INFO webdriver: DATA {"script":"\n            function webdriverioPolyfill() {\n  var __defProp = Object.defineProperty;\n  var __name = function(target, _value) {\n    return __defProp(target, \"name\", { value: _value, configurable: true });\n  };\n  var __globalThis = typeof globalThis === \"object\" && globalThis || typeof window === \"object\" && window;\n  __globalThis.__name = __name;\n}\n            webdriverioPolyfill();\n            return (id=>window.__AIO_E2E_TAURI_RESULTS__?.[id]).apply(null, arguments)\n        ","args":["tauri-command-1788903512603-12"]}
2026-09-08T21:38:33.019Z INFO webdriver: RESULT { status: 'pending' }
2026-09-08T21:38:33.110Z DEBUG @wdio/utils:shim: Finished to run "beforeCommand" hook in 0ms
2026-09-08T21:38:33.110Z DEBUG @wdio/utils:shim: Finished to run "beforeCommand" hook in 0ms
2026-09-08T21:38:33.110Z INFO webdriver: COMMAND executeScript(<fn>, <object>)
2026-09-08T21:38:33.111Z INFO webdriver: [POST] http://127.0.0.1:4459/session/73d1ae20-d07b-4899-bca8-5e3083d4ce91/execute/sync
2026-09-08T21:38:33.111Z INFO webdriver: DATA {"script":"\n            function webdriverioPolyfill() {\n  var __defProp = Object.defineProperty;\n  var __name = function(target, _value) {\n    return __defProp(target, \"name\", { value: _value, configurable: true });\n  };\n  var __globalThis = typeof globalThis === \"object\" && globalThis || typeof window === \"object\" && window;\n  __globalThis.__name = __name;\n}\n            webdriverioPolyfill();\n            return (id=>window.__AIO_E2E_TAURI_RESULTS__?.[id]).apply(null, arguments)\n        ","args":["tauri-command-1788903512603-12"]}
2026-09-08T21:38:33.118Z INFO webdriver: RESULT { status: 'pending' }
2026-09-08T21:38:33.210Z DEBUG @wdio/utils:shim: Finished to run "beforeCommand" hook in 0ms
2026-09-08T21:38:33.210Z DEBUG @wdio/utils:shim: Finished to run "beforeCommand" hook in 0ms
2026-09-08T21:38:33.210Z INFO webdriver: COMMAND executeScript(<fn>, <object>)
2026-09-08T21:38:33.210Z INFO webdriver: [POST] http://127.0.0.1:4459/session/73d1ae20-d07b-4899-bca8-5e3083d4ce91/execute/sync
2026-09-08T21:38:33.210Z INFO webdriver: DATA {"script":"\n            function webdriverioPolyfill() {\n  var __defProp = Object.defineProperty;\n  var __name = function(target, _value) {\n    return __defProp(target, \"name\", { value: _value, configurable: true });\n  };\n  var __globalThis = typeof globalThis === \"object\" && globalThis || typeof window === \"object\" && window;\n  __globalThis.__name = __name;\n}\n            webdriverioPolyfill();\n            return (id=>window.__AIO_E2E_TAURI_RESULTS__?.[id]).apply(null, arguments)\n        ","args":["tauri-command-1788903512603-12"]}
2026-09-08T21:38:33.218Z INFO webdriver: RESULT { status: 'pending' }
2026-09-08T21:38:33.311Z DEBUG @wdio/utils:shim: Finished to run "beforeCommand" hook in 0ms
2026-09-08T21:38:33.311Z DEBUG @wdio/utils:shim: Finished to run "beforeCommand" hook in 0ms
2026-09-08T21:38:33.311Z INFO webdriver: COMMAND executeScript(<fn>, <object>)
2026-09-08T21:38:33.312Z INFO webdriver: [POST] http://127.0.0.1:4459/session/73d1ae20-d07b-4899-bca8-5e3083d4ce91/execute/sync
2026-09-08T21:38:33.312Z INFO webdriver: DATA {"script":"\n            function webdriverioPolyfill() {\n  var __defProp = Object.defineProperty;\n  var __name = function(target, _value) {\n    return __defProp(target, \"name\", { value: _value, configurable: true });\n  };\n  var __globalThis = typeof globalThis === \"object\" && globalThis || typeof window === \"object\" && window;\n  __globalThis.__name = __name;\n}\n            webdriverioPolyfill();\n            return (id=>window.__AIO_E2E_TAURI_RESULTS__?.[id]).apply(null, arguments)\n        ","args":["tauri-command-1788903512603-12"]}
2026-09-08T21:38:33.319Z INFO webdriver: RESULT { status: 'pending' }
2026-09-08T21:38:33.410Z DEBUG @wdio/utils:shim: Finished to run "beforeCommand" hook in 0ms
2026-09-08T21:38:33.410Z DEBUG @wdio/utils:shim: Finished to run "beforeCommand" hook in 0ms
2026-09-08T21:38:33.410Z INFO webdriver: COMMAND executeScript(<fn>, <object>)
2026-09-08T21:38:33.411Z INFO webdriver: [POST] http://127.0.0.1:4459/session/73d1ae20-d07b-4899-bca8-5e3083d4ce91/execute/sync
2026-09-08T21:38:33.411Z INFO webdriver: DATA {"script":"\n            function webdriverioPolyfill() {\n  var __defProp = Object.defineProperty;\n  var __name = function(target, _value) {\n    return __defProp(target, \"name\", { value: _value, configurable: true });\n  };\n  var __globalThis = typeof globalThis === \"object\" && globalThis || typeof window === \"object\" && window;\n  __globalThis.__name = __name;\n}\n            webdriverioPolyfill();\n            return (id=>window.__AIO_E2E_TAURI_RESULTS__?.[id]).apply(null, arguments)\n        ","args":["tauri-command-1788903512603-12"]}
2026-09-08T21:38:33.418Z INFO webdriver: RESULT { status: 'pending' }
2026-09-08T21:38:33.510Z DEBUG @wdio/utils:shim: Finished to run "beforeCommand" hook in 0ms
2026-09-08T21:38:33.511Z DEBUG @wdio/utils:shim: Finished to run "beforeCommand" hook in 0ms
2026-09-08T21:38:33.511Z INFO webdriver: COMMAND executeScript(<fn>, <object>)
2026-09-08T21:38:33.511Z INFO webdriver: [POST] http://127.0.0.1:4459/session/73d1ae20-d07b-4899-bca8-5e3083d4ce91/execute/sync
2026-09-08T21:38:33.511Z INFO webdriver: DATA {"script":"\n            function webdriverioPolyfill() {\n  var __defProp = Object.defineProperty;\n  var __name = function(target, _value) {\n    return __defProp(target, \"name\", { value: _value, configurable: true });\n  };\n  var __globalThis = typeof globalThis === \"object\" && globalThis || typeof window === \"object\" && window;\n  __globalThis.__name = __name;\n}\n            webdriverioPolyfill();\n            return (id=>window.__AIO_E2E_TAURI_RESULTS__?.[id]).apply(null, arguments)\n        ","args":["tauri-command-1788903512603-12"]}
2026-09-08T21:38:33.518Z INFO webdriver: RESULT { status: 'pending' }
2026-09-08T21:38:33.610Z DEBUG @wdio/utils:shim: Finished to run "beforeCommand" hook in 0ms
2026-09-08T21:38:33.610Z DEBUG @wdio/utils:shim: Finished to run "beforeCommand" hook in 0ms
2026-09-08T21:38:33.611Z INFO webdriver: COMMAND executeScript(<fn>, <object>)
2026-09-08T21:38:33.611Z INFO webdriver: [POST] http://127.0.0.1:4459/session/73d1ae20-d07b-4899-bca8-5e3083d4ce91/execute/sync
2026-09-08T21:38:33.611Z INFO webdriver: DATA {"script":"\n            function webdriverioPolyfill() {\n  var __defProp = Object.defineProperty;\n  var __name = function(target, _value) {\n    return __defProp(target, \"name\", { value: _value, configurable: true });\n  };\n  var __globalThis = typeof globalThis === \"object\" && globalThis || typeof window === \"object\" && window;\n  __globalThis.__name = __name;\n}\n            webdriverioPolyfill();\n            return (id=>window.__AIO_E2E_TAURI_RESULTS__?.[id]).apply(null, arguments)\n        ","args":["tauri-command-1788903512603-12"]}
2026-09-08T21:38:33.618Z INFO webdriver: RESULT { status: 'pending' }
2026-09-08T21:38:33.710Z DEBUG @wdio/utils:shim: Finished to run "beforeCommand" hook in 0ms
2026-09-08T21:38:33.711Z DEBUG @wdio/utils:shim: Finished to run "beforeCommand" hook in 0ms
2026-09-08T21:38:33.711Z INFO webdriver: COMMAND executeScript(<fn>, <object>)
2026-09-08T21:38:33.711Z INFO webdriver: [POST] http://127.0.0.1:4459/session/73d1ae20-d07b-4899-bca8-5e3083d4ce91/execute/sync
2026-09-08T21:38:33.711Z INFO webdriver: DATA {"script":"\n            function webdriverioPolyfill() {\n  var __defProp = Object.defineProperty;\n  var __name = function(target, _value) {\n    return __defProp(target, \"name\", { value: _value, configurable: true });\n  };\n  var __globalThis = typeof globalThis === \"object\" && globalThis || typeof window === \"object\" && window;\n  __globalThis.__name = __name;\n}\n            webdriverioPolyfill();\n            return (id=>window.__AIO_E2E_TAURI_RESULTS__?.[id]).apply(null, arguments)\n        ","args":["tauri-command-1788903512603-12"]}
2026-09-08T21:38:33.718Z INFO webdriver: RESULT { status: 'pending' }
2026-09-08T21:38:33.811Z DEBUG @wdio/utils:shim: Finished to run "beforeCommand" hook in 1ms
2026-09-08T21:38:33.811Z DEBUG @wdio/utils:shim: Finished to run "beforeCommand" hook in 0ms
2026-09-08T21:38:33.811Z INFO webdriver: COMMAND executeScript(<fn>, <object>)
2026-09-08T21:38:33.811Z INFO webdriver: [POST] http://127.0.0.1:4459/session/73d1ae20-d07b-4899-bca8-5e3083d4ce91/execute/sync
2026-09-08T21:38:33.811Z INFO webdriver: DATA {"script":"\n            function webdriverioPolyfill() {\n  var __defProp = Object.defineProperty;\n  var __name = function(target, _value) {\n    return __defProp(target, \"name\", { value: _value, configurable: true });\n  };\n  var __globalThis = typeof globalThis === \"object\" && globalThis || typeof window === \"object\" && window;\n  __globalThis.__name = __name;\n}\n            webdriverioPolyfill();\n            return (id=>window.__AIO_E2E_TAURI_RESULTS__?.[id]).apply(null, arguments)\n        ","args":["tauri-command-1788903512603-12"]}
2026-09-08T21:38:33.818Z INFO webdriver: RESULT { status: 'pending' }
2026-09-08T21:38:33.910Z DEBUG @wdio/utils:shim: Finished to run "beforeCommand" hook in 0ms
2026-09-08T21:38:33.910Z DEBUG @wdio/utils:shim: Finished to run "beforeCommand" hook in 0ms
2026-09-08T21:38:33.910Z INFO webdriver: COMMAND executeScript(<fn>, <object>)
2026-09-08T21:38:33.911Z INFO webdriver: [POST] http://127.0.0.1:4459/session/73d1ae20-d07b-4899-bca8-5e3083d4ce91/execute/sync
2026-09-08T21:38:33.911Z INFO webdriver: DATA {"script":"\n            function webdriverioPolyfill() {\n  var __defProp = Object.defineProperty;\n  var __name = function(target, _value) {\n    return __defProp(target, \"name\", { value: _value, configurable: true });\n  };\n  var __globalThis = typeof globalThis === \"object\" && globalThis || typeof window === \"object\" && window;\n  __globalThis.__name = __name;\n}\n            webdriverioPolyfill();\n            return (id=>window.__AIO_E2E_TAURI_RESULTS__?.[id]).apply(null, arguments)\n        ","args":["tauri-command-1788903512603-12"]}
2026-09-08T21:38:33.919Z INFO webdriver: RESULT { status: 'pending' }
2026-09-08T21:38:34.011Z DEBUG @wdio/utils:shim: Finished to run "beforeCommand" hook in 0ms
2026-09-08T21:38:34.011Z DEBUG @wdio/utils:shim: Finished to run "beforeCommand" hook in 0ms
2026-09-08T21:38:34.012Z INFO webdriver: COMMAND executeScript(<fn>, <object>)
2026-09-08T21:38:34.012Z INFO webdriver: [POST] http://127.0.0.1:4459/session/73d1ae20-d07b-4899-bca8-5e3083d4ce91/execute/sync
2026-09-08T21:38:34.012Z INFO webdriver: DATA {"script":"\n            function webdriverioPolyfill() {\n  var __defProp = Object.defineProperty;\n  var __name = function(target, _value) {\n    return __defProp(target, \"name\", { value: _value, configurable: true });\n  };\n  var __globalThis = typeof globalThis === \"object\" && globalThis || typeof window === \"object\" && window;\n  __globalThis.__name = __name;\n}\n            webdriverioPolyfill();\n            return (id=>window.__AIO_E2E_TAURI_RESULTS__?.[id]).apply(null, arguments)\n        ","args":["tauri-command-1788903512603-12"]}
2026-09-08T21:38:34.019Z INFO webdriver: RESULT { status: 'pending' }
2026-09-08T21:38:34.110Z DEBUG @wdio/utils:shim: Finished to run "beforeCommand" hook in 0ms
2026-09-08T21:38:34.110Z DEBUG @wdio/utils:shim: Finished to run "beforeCommand" hook in 0ms
2026-09-08T21:38:34.110Z INFO webdriver: COMMAND executeScript(<fn>, <object>)
2026-09-08T21:38:34.111Z INFO webdriver: [POST] http://127.0.0.1:4459/session/73d1ae20-d07b-4899-bca8-5e3083d4ce91/execute/sync
2026-09-08T21:38:34.111Z INFO webdriver: DATA {"script":"\n            function webdriverioPolyfill() {\n  var __defProp = Object.defineProperty;\n  var __name = function(target, _value) {\n    return __defProp(target, \"name\", { value: _value, configurable: true });\n  };\n  var __globalThis = typeof globalThis === \"object\" && globalThis || typeof window === \"object\" && window;\n  __globalThis.__name = __name;\n}\n            webdriverioPolyfill();\n            return (id=>window.__AIO_E2E_TAURI_RESULTS__?.[id]).apply(null, arguments)\n        ","args":["tauri-command-1788903512603-12"]}
2026-09-08T21:38:34.117Z INFO webdriver: RESULT { status: 'pending' }
2026-09-08T21:38:34.210Z DEBUG @wdio/utils:shim: Finished to run "beforeCommand" hook in 0ms
2026-09-08T21:38:34.210Z DEBUG @wdio/utils:shim: Finished to run "beforeCommand" hook in 0ms
2026-09-08T21:38:34.211Z INFO webdriver: COMMAND executeScript(<fn>, <object>)
2026-09-08T21:38:34.211Z INFO webdriver: [POST] http://127.0.0.1:4459/session/73d1ae20-d07b-4899-bca8-5e3083d4ce91/execute/sync
2026-09-08T21:38:34.211Z INFO webdriver: DATA {"script":"\n            function webdriverioPolyfill() {\n  var __defProp = Object.defineProperty;\n  var __name = function(target, _value) {\n    return __defProp(target, \"name\", { value: _value, configurable: true });\n  };\n  var __globalThis = typeof globalThis === \"object\" && globalThis || typeof window === \"object\" && window;\n  __globalThis.__name = __name;\n}\n            webdriverioPolyfill();\n            return (id=>window.__AIO_E2E_TAURI_RESULTS__?.[id]).apply(null, arguments)\n        ","args":["tauri-command-1788903512603-12"]}
2026-09-08T21:38:34.218Z INFO webdriver: RESULT {
  status: 'resolved',
  value: '{"data":{"capabilities":["attachment.limits","interaction.approval","session","session.cancel","session.create","session.fork","session.history","session.list","session.open","session.rename","session.resume","session.search","session.select-model","session.snapshot","session.submit-prompt","session.subscribe","session.update-queue","snapshot","terminal.close","terminal.open","terminal.read","terminal.send","workspace.archive-session","workspace.create","workspace.delete","workspace.follow","workspace.rename"],"contractHash":"96af8af6cdb538da2cd13c53eb4dd640f0ca233aab68b209d82fc744e01da519","domainGenerationId":"dsh-generation-8260-1788903512603088600-1","sandbox":{"backend":"restricted-token","level":"full"},"state":"ready"},"id":1,"type":"result"}'
}
2026-09-08T21:38:34.218Z DEBUG @wdio/utils:shim: Finished to run "beforeCommand" hook in 0ms
2026-09-08T21:38:34.218Z DEBUG @wdio/utils:shim: Finished to run "beforeCommand" hook in 0ms
2026-09-08T21:38:34.218Z INFO webdriver: COMMAND executeScript(<fn>, <object>)
2026-09-08T21:38:34.218Z INFO webdriver: [POST] http://127.0.0.1:4459/session/73d1ae20-d07b-4899-bca8-5e3083d4ce91/execute/sync
2026-09-08T21:38:34.218Z INFO webdriver: DATA {"script":"\n            function webdriverioPolyfill() {\n  var __defProp = Object.defineProperty;\n  var __name = function(target, _value) {\n    return __defProp(target, \"name\", { value: _value, configurable: true });\n  };\n  var __globalThis = typeof globalThis === \"object\" && globalThis || typeof window === \"object\" && window;\n  __globalThis.__name = __name;\n}\n            webdriverioPolyfill();\n            return (id=>{const results=window.__AIO_E2E_TAURI_RESULTS__;const value=results?.[id];if(results)delete results[id];return value}).apply(null, arguments)\n        ","args":["tauri-command-1788903512603-12"]}
2026-09-08T21:38:34.223Z INFO webdriver: RESULT {
  status: 'resolved',
  value: '{"data":{"capabilities":["attachment.limits","interaction.approval","session","session.cancel","session.create","session.fork","session.history","session.list","session.open","session.rename","session.resume","session.search","session.select-model","session.snapshot","session.submit-prompt","session.subscribe","session.update-queue","snapshot","terminal.close","terminal.open","terminal.read","terminal.send","workspace.archive-session","workspace.create","workspace.delete","workspace.follow","workspace.rename"],"contractHash":"96af8af6cdb538da2cd13c53eb4dd640f0ca233aab68b209d82fc744e01da519","domainGenerationId":"dsh-generation-8260-1788903512603088600-1","sandbox":{"backend":"restricted-token","level":"full"},"state":"ready"},"id":1,"type":"result"}'
}
2026-09-08T21:38:34.223Z DEBUG @wdio/utils:shim: Finished to run "beforeCommand" hook in 0ms
2026-09-08T21:38:34.223Z DEBUG @wdio/utils:shim: Finished to run "beforeCommand" hook in 0ms
2026-09-08T21:38:34.224Z INFO webdriver: COMMAND executeScript(<fn>, <object>)
2026-09-08T21:38:34.224Z INFO webdriver: [POST] http://127.0.0.1:4459/session/73d1ae20-d07b-4899-bca8-5e3083d4ce91/execute/sync
2026-09-08T21:38:34.224Z INFO webdriver: DATA {"script":"\n            function webdriverioPolyfill() {\n  var __defProp = Object.defineProperty;\n  var __name = function(target, _value) {\n    return __defProp(target, \"name\", { value: _value, configurable: true });\n  };\n  var __globalThis = typeof globalThis === \"object\" && globalThis || typeof window === \"object\" && window;\n  __globalThis.__name = __name;\n}\n            webdriverioPolyfill();\n            return (()=>{const isVisible=__name(element=>{const style=window.getComputedStyle(element);return style.display!==\"none\"&&style.visibility!==\"hidden\"},\"isVisible\");const editorCancel=document.querySelector('[data-testid=\"agent-editor-cancel\"]');if(editorCancel&&isVisible(editorCancel))editorCancel.click();for(const closeButton of document.querySelectorAll(\".base-dialog-backdrop .dialog-close-btn\")){if(isVisible(closeButton))closeButton.click()}document.dispatchEvent(new KeyboardEvent(\"keydown\",{key:\"Escape\",bubbles:true}))}).apply(null, arguments)\n        ","args":[]}
2026-09-08T21:38:34.229Z INFO webdriver: RESULT null
2026-09-08T21:38:34.230Z DEBUG @wdio/utils:shim: Finished to run "beforeCommand" hook in 0ms
2026-09-08T21:38:34.230Z DEBUG @wdio/utils:shim: Finished to run "beforeCommand" hook in 0ms
2026-09-08T21:38:34.230Z DEBUG @wdio/utils:shim: Finished to run "beforeCommand" hook in 0ms
2026-09-08T21:38:34.230Z INFO webdriver: COMMAND executeScript(<fn>, <object>)
2026-09-08T21:38:34.230Z INFO webdriver: [POST] http://127.0.0.1:4459/session/73d1ae20-d07b-4899-bca8-5e3083d4ce91/execute/sync
2026-09-08T21:38:34.230Z INFO webdriver: DATA {"script":"\n            function webdriverioPolyfill() {\n  var __defProp = Object.defineProperty;\n  var __name = function(target, _value) {\n    return __defProp(target, \"name\", { value: _value, configurable: true });\n  };\n  var __globalThis = typeof globalThis === \"object\" && globalThis || typeof window === \"object\" && window;\n  __globalThis.__name = __name;\n}\n            webdriverioPolyfill();\n            return (()=>{const isVisible=__name(element=>{const style=window.getComputedStyle(element);return style.display!==\"none\"&&style.visibility!==\"hidden\"},\"isVisible\");return Array.from(document.querySelectorAll(\".base-dialog-backdrop\")).some(isVisible)}).apply(null, arguments)\n        ","args":[]}
2026-09-08T21:38:34.235Z INFO webdriver: RESULT false
2026-09-08T21:38:34.235Z DEBUG @wdio/utils:shim: Finished to run "afterTest" hook in 12ms
2026-09-08T21:38:34.236Z DEBUG @wdio/utils:shim: Finished to run "beforeTest" hook in 0ms
2026-09-08T21:38:34.237Z DEBUG @wdio/utils:shim: Finished to run "beforeCommand" hook in 0ms
2026-09-08T21:38:34.237Z DEBUG @wdio/utils:shim: Finished to run "beforeCommand" hook in 0ms
2026-09-08T21:38:34.237Z DEBUG @wdio/utils:shim: Finished to run "beforeCommand" hook in 0ms
2026-09-08T21:38:34.237Z INFO webdriver: COMMAND executeScript(<fn>, <object>)
2026-09-08T21:38:34.237Z INFO webdriver: [POST] http://127.0.0.1:4459/session/73d1ae20-d07b-4899-bca8-5e3083d4ce91/execute/sync
2026-09-08T21:38:34.237Z INFO webdriver: DATA {"script":"\n            function webdriverioPolyfill() {\n  var __defProp = Object.defineProperty;\n  var __name = function(target, _value) {\n    return __defProp(target, \"name\", { value: _value, configurable: true });\n  };\n  var __globalThis = typeof globalThis === \"object\" && globalThis || typeof window === \"object\" && window;\n  __globalThis.__name = __name;\n}\n            webdriverioPolyfill();\n            return (()=>!!window.__TAURI_INTERNALS__).apply(null, arguments)\n        ","args":[]}
2026-09-08T21:38:34.243Z INFO webdriver: RESULT true
2026-09-08T21:38:34.243Z DEBUG @wdio/utils:shim: Finished to run "beforeCommand" hook in 0ms
2026-09-08T21:38:34.243Z DEBUG @wdio/utils:shim: Finished to run "beforeCommand" hook in 0ms
2026-09-08T21:38:34.243Z INFO webdriver: COMMAND executeScript(<fn>, <object>)
2026-09-08T21:38:34.244Z INFO webdriver: [POST] http://127.0.0.1:4459/session/73d1ae20-d07b-4899-bca8-5e3083d4ce91/execute/sync
2026-09-08T21:38:34.244Z INFO webdriver: DATA {"script":"\n            function webdriverioPolyfill() {\n  var __defProp = Object.defineProperty;\n  var __name = function(target, _value) {\n    return __defProp(target, \"name\", { value: _value, configurable: true });\n  };\n  var __globalThis = typeof globalThis === \"object\" && globalThis || typeof window === \"object\" && window;\n  __globalThis.__name = __name;\n}\n            webdriverioPolyfill();\n            return ((id,commandName,commandArgs)=>{const e2eWindow=window;const results=e2eWindow.__AIO_E2E_TAURI_RESULTS__??={};const bridge=e2eWindow.__TAURI_INTERNALS__;if(!bridge){results[id]={status:\"failed\",error:\"Tauri IPC internals are unavailable in the E2E window.\"};return}results[id]={status:\"pending\"};void bridge.invoke(commandName,commandArgs).then(value=>{results[id]={status:\"resolved\",value}}).catch(error=>{results[id]={status:\"failed\",error:String(error)}})}).apply(null, arguments)\n        ","args":["tauri-command-1788903514243-13","sidecar_send_command",{"pluginId":"dsh-coding-workspace","method":"session.acquire","params":{"sessionId":"crash-recovery-session","viewId":"coding-workstation","mode":"controller"}}]}
2026-09-08T21:38:34.252Z INFO webdriver: RESULT null
2026-09-08T21:38:34.252Z DEBUG @wdio/utils:shim: Finished to run "beforeCommand" hook in 0ms
2026-09-08T21:38:34.252Z DEBUG @wdio/utils:shim: Finished to run "beforeCommand" hook in 0ms
2026-09-08T21:38:34.252Z DEBUG @wdio/utils:shim: Finished to run "beforeCommand" hook in 0ms
2026-09-08T21:38:34.252Z INFO webdriver: COMMAND executeScript(<fn>, <object>)
2026-09-08T21:38:34.252Z INFO webdriver: [POST] http://127.0.0.1:4459/session/73d1ae20-d07b-4899-bca8-5e3083d4ce91/execute/sync
2026-09-08T21:38:34.253Z INFO webdriver: DATA {"script":"\n            function webdriverioPolyfill() {\n  var __defProp = Object.defineProperty;\n  var __name = function(target, _value) {\n    return __defProp(target, \"name\", { value: _value, configurable: true });\n  };\n  var __globalThis = typeof globalThis === \"object\" && globalThis || typeof window === \"object\" && window;\n  __globalThis.__name = __name;\n}\n            webdriverioPolyfill();\n            return (id=>window.__AIO_E2E_TAURI_RESULTS__?.[id]).apply(null, arguments)\n        ","args":["tauri-command-1788903514243-13"]}
2026-09-08T21:38:34.259Z INFO webdriver: RESULT {
  status: 'resolved',
  value: '{"data":{"domainGenerationId":"dsh-generation-8260-1788903512603088600-1","lease":{"contractHash":"96af8af6cdb538da2cd13c53eb4dd640f0ca233aab68b209d82fc744e01da519","domainGenerationId":"dsh-generation-8260-1788903512603088600-1","leaseId":"lease-1","mode":"controller","sessionId":"crash-recovery-session"}},"id":2,"type":"result"}'
}
2026-09-08T21:38:34.259Z DEBUG @wdio/utils:shim: Finished to run "beforeCommand" hook in 0ms
2026-09-08T21:38:34.259Z DEBUG @wdio/utils:shim: Finished to run "beforeCommand" hook in 0ms
2026-09-08T21:38:34.259Z INFO webdriver: COMMAND executeScript(<fn>, <object>)
2026-09-08T21:38:34.259Z INFO webdriver: [POST] http://127.0.0.1:4459/session/73d1ae20-d07b-4899-bca8-5e3083d4ce91/execute/sync
2026-09-08T21:38:34.259Z INFO webdriver: DATA {"script":"\n            function webdriverioPolyfill() {\n  var __defProp = Object.defineProperty;\n  var __name = function(target, _value) {\n    return __defProp(target, \"name\", { value: _value, configurable: true });\n  };\n  var __globalThis = typeof globalThis === \"object\" && globalThis || typeof window === \"object\" && window;\n  __globalThis.__name = __name;\n}\n            webdriverioPolyfill();\n            return (id=>{const results=window.__AIO_E2E_TAURI_RESULTS__;const value=results?.[id];if(results)delete results[id];return value}).apply(null, arguments)\n        ","args":["tauri-command-1788903514243-13"]}
2026-09-08T21:38:34.266Z INFO webdriver: RESULT {
  status: 'resolved',
  value: '{"data":{"domainGenerationId":"dsh-generation-8260-1788903512603088600-1","lease":{"contractHash":"96af8af6cdb538da2cd13c53eb4dd640f0ca233aab68b209d82fc744e01da519","domainGenerationId":"dsh-generation-8260-1788903512603088600-1","leaseId":"lease-1","mode":"controller","sessionId":"crash-recovery-session"}},"id":2,"type":"result"}'
}
2026-09-08T21:38:34.266Z DEBUG @wdio/utils:shim: Finished to run "beforeCommand" hook in 0ms
2026-09-08T21:38:34.266Z DEBUG @wdio/utils:shim: Finished to run "beforeCommand" hook in 0ms
2026-09-08T21:38:34.266Z DEBUG @wdio/utils:shim: Finished to run "beforeCommand" hook in 0ms
2026-09-08T21:38:34.266Z INFO webdriver: COMMAND executeScript(<fn>, <object>)
2026-09-08T21:38:34.266Z INFO webdriver: [POST] http://127.0.0.1:4459/session/73d1ae20-d07b-4899-bca8-5e3083d4ce91/execute/sync
2026-09-08T21:38:34.266Z INFO webdriver: DATA {"script":"\n            function webdriverioPolyfill() {\n  var __defProp = Object.defineProperty;\n  var __name = function(target, _value) {\n    return __defProp(target, \"name\", { value: _value, configurable: true });\n  };\n  var __globalThis = typeof globalThis === \"object\" && globalThis || typeof window === \"object\" && window;\n  __globalThis.__name = __name;\n}\n            webdriverioPolyfill();\n            return (()=>!!window.__TAURI_INTERNALS__).apply(null, arguments)\n        ","args":[]}
2026-09-08T21:38:34.272Z INFO webdriver: RESULT true
2026-09-08T21:38:34.272Z DEBUG @wdio/utils:shim: Finished to run "beforeCommand" hook in 0ms
2026-09-08T21:38:34.272Z DEBUG @wdio/utils:shim: Finished to run "beforeCommand" hook in 0ms
2026-09-08T21:38:34.272Z INFO webdriver: COMMAND executeScript(<fn>, <object>)
2026-09-08T21:38:34.272Z INFO webdriver: [POST] http://127.0.0.1:4459/session/73d1ae20-d07b-4899-bca8-5e3083d4ce91/execute/sync
2026-09-08T21:38:34.273Z INFO webdriver: DATA {"script":"\n            function webdriverioPolyfill() {\n  var __defProp = Object.defineProperty;\n  var __name = function(target, _value) {\n    return __defProp(target, \"name\", { value: _value, configurable: true });\n  };\n  var __globalThis = typeof globalThis === \"object\" && globalThis || typeof window === \"object\" && window;\n  __globalThis.__name = __name;\n}\n            webdriverioPolyfill();\n            return ((id,commandName,commandArgs)=>{const e2eWindow=window;const results=e2eWindow.__AIO_E2E_TAURI_RESULTS__??={};const bridge=e2eWindow.__TAURI_INTERNALS__;if(!bridge){results[id]={status:\"failed\",error:\"Tauri IPC internals are unavailable in the E2E window.\"};return}results[id]={status:\"pending\"};void bridge.invoke(commandName,commandArgs).then(value=>{results[id]={status:\"resolved\",value}}).catch(error=>{results[id]={status:\"failed\",error:String(error)}})}).apply(null, arguments)\n        ","args":["tauri-command-1788903514272-14","sidecar_send_command",{"pluginId":"dsh-coding-workspace","method":"session.submitPrompt","params":{"sessionId":"crash-recovery-session","leaseId":"lease-1","turnId":"crash-turn-1","input":{"crashToken":"ed50fe9c78c94a7b9eb620b1123a4cbe"}}}]}
2026-09-08T21:38:34.281Z INFO webdriver: RESULT null
2026-09-08T21:38:34.281Z DEBUG @wdio/utils:shim: Finished to run "beforeCommand" hook in 0ms
2026-09-08T21:38:34.281Z DEBUG @wdio/utils:shim: Finished to run "beforeCommand" hook in 0ms
2026-09-08T21:38:34.281Z DEBUG @wdio/utils:shim: Finished to run "beforeCommand" hook in 0ms
2026-09-08T21:38:34.282Z INFO webdriver: COMMAND executeScript(<fn>, <object>)
2026-09-08T21:38:34.282Z INFO webdriver: [POST] http://127.0.0.1:4459/session/73d1ae20-d07b-4899-bca8-5e3083d4ce91/execute/sync
2026-09-08T21:38:34.283Z INFO webdriver: DATA {"script":"\n            function webdriverioPolyfill() {\n  var __defProp = Object.defineProperty;\n  var __name = function(target, _value) {\n    return __defProp(target, \"name\", { value: _value, configurable: true });\n  };\n  var __globalThis = typeof globalThis === \"object\" && globalThis || typeof window === \"object\" && window;\n  __globalThis.__name = __name;\n}\n            webdriverioPolyfill();\n            return (id=>window.__AIO_E2E_TAURI_RESULTS__?.[id]).apply(null, arguments)\n        ","args":["tauri-command-1788903514272-14"]}
2026-09-08T21:38:34.291Z INFO webdriver: RESULT {
  status: 'resolved',
  value: '{"data":{"capabilities":["attachment.limits","interaction.approval","session","session.cancel","session.create","session.fork","session.history","session.list","session.open","session.rename","session.resume","session.search","session.select-model","session.snapshot","session.submit-prompt","session.subscribe","session.update-queue","snapshot","terminal.close","terminal.open","terminal.read","terminal.send","workspace.archive-session","workspace.create","workspace.delete","workspace.follow","workspace.rename"],"contractHash":"96af8af6cdb538da2cd13c53eb4dd640f0ca233aab68b209d82fc744e01da519","domainGenerationId":"dsh-generation-8260-1788903512603088600-1","sandbox":{"backend":"restricted-token","level":"full"},"state":"crashed"},"id":3,"type":"result"}'
}
2026-09-08T21:38:34.292Z DEBUG @wdio/utils:shim: Finished to run "beforeCommand" hook in 0ms
2026-09-08T21:38:34.292Z DEBUG @wdio/utils:shim: Finished to run "beforeCommand" hook in 0ms
2026-09-08T21:38:34.292Z INFO webdriver: COMMAND executeScript(<fn>, <object>)
2026-09-08T21:38:34.292Z INFO webdriver: [POST] http://127.0.0.1:4459/session/73d1ae20-d07b-4899-bca8-5e3083d4ce91/execute/sync
2026-09-08T21:38:34.292Z INFO webdriver: DATA {"script":"\n            function webdriverioPolyfill() {\n  var __defProp = Object.defineProperty;\n  var __name = function(target, _value) {\n    return __defProp(target, \"name\", { value: _value, configurable: true });\n  };\n  var __globalThis = typeof globalThis === \"object\" && globalThis || typeof window === \"object\" && window;\n  __globalThis.__name = __name;\n}\n            webdriverioPolyfill();\n            return (id=>{const results=window.__AIO_E2E_TAURI_RESULTS__;const value=results?.[id];if(results)delete results[id];return value}).apply(null, arguments)\n        ","args":["tauri-command-1788903514272-14"]}
2026-09-08T21:38:34.300Z INFO webdriver: RESULT {
  status: 'resolved',
  value: '{"data":{"capabilities":["attachment.limits","interaction.approval","session","session.cancel","session.create","session.fork","session.history","session.list","session.open","session.rename","session.resume","session.search","session.select-model","session.snapshot","session.submit-prompt","session.subscribe","session.update-queue","snapshot","terminal.close","terminal.open","terminal.read","terminal.send","workspace.archive-session","workspace.create","workspace.delete","workspace.follow","workspace.rename"],"contractHash":"96af8af6cdb538da2cd13c53eb4dd640f0ca233aab68b209d82fc744e01da519","domainGenerationId":"dsh-generation-8260-1788903512603088600-1","sandbox":{"backend":"restricted-token","level":"full"},"state":"crashed"},"id":3,"type":"result"}'
}
2026-09-08T21:38:34.551Z DEBUG @wdio/utils:shim: Finished to run "beforeCommand" hook in 0ms
2026-09-08T21:38:34.551Z DEBUG @wdio/utils:shim: Finished to run "beforeCommand" hook in 0ms
2026-09-08T21:38:34.551Z DEBUG @wdio/utils:shim: Finished to run "beforeCommand" hook in 0ms
2026-09-08T21:38:34.551Z INFO webdriver: COMMAND executeScript(<fn>, <object>)
2026-09-08T21:38:34.551Z INFO webdriver: [POST] http://127.0.0.1:4459/session/73d1ae20-d07b-4899-bca8-5e3083d4ce91/execute/sync
2026-09-08T21:38:34.551Z INFO webdriver: DATA {"script":"\n            function webdriverioPolyfill() {\n  var __defProp = Object.defineProperty;\n  var __name = function(target, _value) {\n    return __defProp(target, \"name\", { value: _value, configurable: true });\n  };\n  var __globalThis = typeof globalThis === \"object\" && globalThis || typeof window === \"object\" && window;\n  __globalThis.__name = __name;\n}\n            webdriverioPolyfill();\n            return (()=>!!window.__TAURI_INTERNALS__).apply(null, arguments)\n        ","args":[]}
2026-09-08T21:38:34.558Z INFO webdriver: RESULT true
2026-09-08T21:38:34.558Z DEBUG @wdio/utils:shim: Finished to run "beforeCommand" hook in 0ms
2026-09-08T21:38:34.558Z DEBUG @wdio/utils:shim: Finished to run "beforeCommand" hook in 0ms
2026-09-08T21:38:34.558Z INFO webdriver: COMMAND executeScript(<fn>, <object>)
2026-09-08T21:38:34.558Z INFO webdriver: [POST] http://127.0.0.1:4459/session/73d1ae20-d07b-4899-bca8-5e3083d4ce91/execute/sync
2026-09-08T21:38:34.558Z INFO webdriver: DATA {"script":"\n            function webdriverioPolyfill() {\n  var __defProp = Object.defineProperty;\n  var __name = function(target, _value) {\n    return __defProp(target, \"name\", { value: _value, configurable: true });\n  };\n  var __globalThis = typeof globalThis === \"object\" && globalThis || typeof window === \"object\" && window;\n  __globalThis.__name = __name;\n}\n            webdriverioPolyfill();\n            return ((id,commandName,commandArgs)=>{const e2eWindow=window;const results=e2eWindow.__AIO_E2E_TAURI_RESULTS__??={};const bridge=e2eWindow.__TAURI_INTERNALS__;if(!bridge){results[id]={status:\"failed\",error:\"Tauri IPC internals are unavailable in the E2E window.\"};return}results[id]={status:\"pending\"};void bridge.invoke(commandName,commandArgs).then(value=>{results[id]={status:\"resolved\",value}}).catch(error=>{results[id]={status:\"failed\",error:String(error)}})}).apply(null, arguments)\n        ","args":["tauri-command-1788903514558-15","sidecar_kill_resident",{"pluginId":"dsh-coding-workspace"}]}
2026-09-08T21:38:34.565Z INFO webdriver: RESULT null
2026-09-08T21:38:34.566Z DEBUG @wdio/utils:shim: Finished to run "beforeCommand" hook in 0ms
2026-09-08T21:38:34.566Z DEBUG @wdio/utils:shim: Finished to run "beforeCommand" hook in 0ms
2026-09-08T21:38:34.566Z DEBUG @wdio/utils:shim: Finished to run "beforeCommand" hook in 0ms
2026-09-08T21:38:34.566Z INFO webdriver: COMMAND executeScript(<fn>, <object>)
2026-09-08T21:38:34.566Z INFO webdriver: [POST] http://127.0.0.1:4459/session/73d1ae20-d07b-4899-bca8-5e3083d4ce91/execute/sync
2026-09-08T21:38:34.566Z INFO webdriver: DATA {"script":"\n            function webdriverioPolyfill() {\n  var __defProp = Object.defineProperty;\n  var __name = function(target, _value) {\n    return __defProp(target, \"name\", { value: _value, configurable: true });\n  };\n  var __globalThis = typeof globalThis === \"object\" && globalThis || typeof window === \"object\" && window;\n  __globalThis.__name = __name;\n}\n            webdriverioPolyfill();\n            return (id=>window.__AIO_E2E_TAURI_RESULTS__?.[id]).apply(null, arguments)\n        ","args":["tauri-command-1788903514558-15"]}
2026-09-08T21:38:34.572Z INFO webdriver: RESULT { status: 'resolved', value: null }
2026-09-08T21:38:34.573Z DEBUG @wdio/utils:shim: Finished to run "beforeCommand" hook in 0ms
2026-09-08T21:38:34.573Z DEBUG @wdio/utils:shim: Finished to run "beforeCommand" hook in 0ms
2026-09-08T21:38:34.573Z INFO webdriver: COMMAND executeScript(<fn>, <object>)
2026-09-08T21:38:34.573Z INFO webdriver: [POST] http://127.0.0.1:4459/session/73d1ae20-d07b-4899-bca8-5e3083d4ce91/execute/sync
2026-09-08T21:38:34.573Z INFO webdriver: DATA {"script":"\n            function webdriverioPolyfill() {\n  var __defProp = Object.defineProperty;\n  var __name = function(target, _value) {\n    return __defProp(target, \"name\", { value: _value, configurable: true });\n  };\n  var __globalThis = typeof globalThis === \"object\" && globalThis || typeof window === \"object\" && window;\n  __globalThis.__name = __name;\n}\n            webdriverioPolyfill();\n            return (id=>{const results=window.__AIO_E2E_TAURI_RESULTS__;const value=results?.[id];if(results)delete results[id];return value}).apply(null, arguments)\n        ","args":["tauri-command-1788903514558-15"]}
2026-09-08T21:38:34.580Z INFO webdriver: RESULT { status: 'resolved', value: null }
2026-09-08T21:38:34.580Z DEBUG @wdio/utils:shim: Finished to run "beforeCommand" hook in 0ms
2026-09-08T21:38:34.580Z DEBUG @wdio/utils:shim: Finished to run "beforeCommand" hook in 0ms
2026-09-08T21:38:34.580Z DEBUG @wdio/utils:shim: Finished to run "beforeCommand" hook in 0ms
2026-09-08T21:38:34.580Z INFO webdriver: COMMAND executeScript(<fn>, <object>)
2026-09-08T21:38:34.580Z INFO webdriver: [POST] http://127.0.0.1:4459/session/73d1ae20-d07b-4899-bca8-5e3083d4ce91/execute/sync
2026-09-08T21:38:34.580Z INFO webdriver: DATA {"script":"\n            function webdriverioPolyfill() {\n  var __defProp = Object.defineProperty;\n  var __name = function(target, _value) {\n    return __defProp(target, \"name\", { value: _value, configurable: true });\n  };\n  var __globalThis = typeof globalThis === \"object\" && globalThis || typeof window === \"object\" && window;\n  __globalThis.__name = __name;\n}\n            webdriverioPolyfill();\n            return (()=>!!window.__TAURI_INTERNALS__).apply(null, arguments)\n        ","args":[]}
2026-09-08T21:38:34.585Z INFO webdriver: RESULT true
2026-09-08T21:38:34.585Z DEBUG @wdio/utils:shim: Finished to run "beforeCommand" hook in 0ms
2026-09-08T21:38:34.585Z DEBUG @wdio/utils:shim: Finished to run "beforeCommand" hook in 0ms
2026-09-08T21:38:34.585Z INFO webdriver: COMMAND executeScript(<fn>, <object>)
2026-09-08T21:38:34.585Z INFO webdriver: [POST] http://127.0.0.1:4459/session/73d1ae20-d07b-4899-bca8-5e3083d4ce91/execute/sync
2026-09-08T21:38:34.585Z INFO webdriver: DATA {"script":"\n            function webdriverioPolyfill() {\n  var __defProp = Object.defineProperty;\n  var __name = function(target, _value) {\n    return __defProp(target, \"name\", { value: _value, configurable: true });\n  };\n  var __globalThis = typeof globalThis === \"object\" && globalThis || typeof window === \"object\" && window;\n  __globalThis.__name = __name;\n}\n            webdriverioPolyfill();\n            return ((id,commandName,commandArgs)=>{const e2eWindow=window;const results=e2eWindow.__AIO_E2E_TAURI_RESULTS__??={};const bridge=e2eWindow.__TAURI_INTERNALS__;if(!bridge){results[id]={status:\"failed\",error:\"Tauri IPC internals are unavailable in the E2E window.\"};return}results[id]={status:\"pending\"};void bridge.invoke(commandName,commandArgs).then(value=>{results[id]={status:\"resolved\",value}}).catch(error=>{results[id]={status:\"failed\",error:String(error)}})}).apply(null, arguments)\n        ","args":["tauri-command-1788903514585-16","sidecar_spawn_resident",{"pluginId":"dsh-coding-workspace","executablePath":"D:\\a\\aio-hub\\aio-hub\\.e2e-data\\dsh-native\\plugins\\dsh-coding-workspace\\bin\\win32-x64\\aio-dsh-supervisor.exe","args":[],"installPath":"D:\\a\\aio-hub\\aio-hub\\.e2e-data\\dsh-native\\plugins\\dsh-coding-workspace"}]}
2026-09-08T21:38:34.592Z INFO webdriver: RESULT null
2026-09-08T21:38:34.592Z DEBUG @wdio/utils:shim: Finished to run "beforeCommand" hook in 0ms
2026-09-08T21:38:34.592Z DEBUG @wdio/utils:shim: Finished to run "beforeCommand" hook in 0ms
2026-09-08T21:38:34.592Z DEBUG @wdio/utils:shim: Finished to run "beforeCommand" hook in 0ms
2026-09-08T21:38:34.592Z INFO webdriver: COMMAND executeScript(<fn>, <object>)
2026-09-08T21:38:34.593Z INFO webdriver: [POST] http://127.0.0.1:4459/session/73d1ae20-d07b-4899-bca8-5e3083d4ce91/execute/sync
2026-09-08T21:38:34.593Z INFO webdriver: DATA {"script":"\n            function webdriverioPolyfill() {\n  var __defProp = Object.defineProperty;\n  var __name = function(target, _value) {\n    return __defProp(target, \"name\", { value: _value, configurable: true });\n  };\n  var __globalThis = typeof globalThis === \"object\" && globalThis || typeof window === \"object\" && window;\n  __globalThis.__name = __name;\n}\n            webdriverioPolyfill();\n            return (id=>window.__AIO_E2E_TAURI_RESULTS__?.[id]).apply(null, arguments)\n        ","args":["tauri-command-1788903514585-16"]}
2026-09-08T21:38:34.599Z INFO webdriver: RESULT { status: 'pending' }
2026-09-08T21:38:34.692Z DEBUG @wdio/utils:shim: Finished to run "beforeCommand" hook in 0ms
2026-09-08T21:38:34.693Z DEBUG @wdio/utils:shim: Finished to run "beforeCommand" hook in 0ms
2026-09-08T21:38:34.693Z INFO webdriver: COMMAND executeScript(<fn>, <object>)
2026-09-08T21:38:34.693Z INFO webdriver: [POST] http://127.0.0.1:4459/session/73d1ae20-d07b-4899-bca8-5e3083d4ce91/execute/sync
2026-09-08T21:38:34.693Z INFO webdriver: DATA {"script":"\n            function webdriverioPolyfill() {\n  var __defProp = Object.defineProperty;\n  var __name = function(target, _value) {\n    return __defProp(target, \"name\", { value: _value, configurable: true });\n  };\n  var __globalThis = typeof globalThis === \"object\" && globalThis || typeof window === \"object\" && window;\n  __globalThis.__name = __name;\n}\n            webdriverioPolyfill();\n            return (id=>window.__AIO_E2E_TAURI_RESULTS__?.[id]).apply(null, arguments)\n        ","args":["tauri-command-1788903514585-16"]}
2026-09-08T21:38:34.699Z INFO webdriver: RESULT { status: 'resolved', value: 'eb1e0a85-afc0-492d-8828-1b5844351d0c' }
2026-09-08T21:38:34.700Z DEBUG @wdio/utils:shim: Finished to run "beforeCommand" hook in 0ms
2026-09-08T21:38:34.700Z DEBUG @wdio/utils:shim: Finished to run "beforeCommand" hook in 0ms
2026-09-08T21:38:34.700Z INFO webdriver: COMMAND executeScript(<fn>, <object>)
2026-09-08T21:38:34.700Z INFO webdriver: [POST] http://127.0.0.1:4459/session/73d1ae20-d07b-4899-bca8-5e3083d4ce91/execute/sync
2026-09-08T21:38:34.700Z INFO webdriver: DATA {"script":"\n            function webdriverioPolyfill() {\n  var __defProp = Object.defineProperty;\n  var __name = function(target, _value) {\n    return __defProp(target, \"name\", { value: _value, configurable: true });\n  };\n  var __globalThis = typeof globalThis === \"object\" && globalThis || typeof window === \"object\" && window;\n  __globalThis.__name = __name;\n}\n            webdriverioPolyfill();\n            return (id=>{const results=window.__AIO_E2E_TAURI_RESULTS__;const value=results?.[id];if(results)delete results[id];return value}).apply(null, arguments)\n        ","args":["tauri-command-1788903514585-16"]}
2026-09-08T21:38:34.708Z INFO webdriver: RESULT { status: 'resolved', value: 'eb1e0a85-afc0-492d-8828-1b5844351d0c' }
2026-09-08T21:38:34.708Z DEBUG @wdio/utils:shim: Finished to run "beforeCommand" hook in 0ms
2026-09-08T21:38:34.708Z DEBUG @wdio/utils:shim: Finished to run "beforeCommand" hook in 0ms
2026-09-08T21:38:34.708Z DEBUG @wdio/utils:shim: Finished to run "beforeCommand" hook in 0ms
2026-09-08T21:38:34.708Z INFO webdriver: COMMAND executeScript(<fn>, <object>)
2026-09-08T21:38:34.708Z INFO webdriver: [POST] http://127.0.0.1:4459/session/73d1ae20-d07b-4899-bca8-5e3083d4ce91/execute/sync
2026-09-08T21:38:34.708Z INFO webdriver: DATA {"script":"\n            function webdriverioPolyfill() {\n  var __defProp = Object.defineProperty;\n  var __name = function(target, _value) {\n    return __defProp(target, \"name\", { value: _value, configurable: true });\n  };\n  var __globalThis = typeof globalThis === \"object\" && globalThis || typeof window === \"object\" && window;\n  __globalThis.__name = __name;\n}\n            webdriverioPolyfill();\n            return (()=>!!window.__TAURI_INTERNALS__).apply(null, arguments)\n        ","args":[]}
2026-09-08T21:38:34.713Z INFO webdriver: RESULT true
2026-09-08T21:38:34.713Z DEBUG @wdio/utils:shim: Finished to run "beforeCommand" hook in 0ms
2026-09-08T21:38:34.713Z DEBUG @wdio/utils:shim: Finished to run "beforeCommand" hook in 0ms
2026-09-08T21:38:34.713Z INFO webdriver: COMMAND executeScript(<fn>, <object>)
2026-09-08T21:38:34.713Z INFO webdriver: [POST] http://127.0.0.1:4459/session/73d1ae20-d07b-4899-bca8-5e3083d4ce91/execute/sync
2026-09-08T21:38:34.713Z INFO webdriver: DATA {"script":"\n            function webdriverioPolyfill() {\n  var __defProp = Object.defineProperty;\n  var __name = function(target, _value) {\n    return __defProp(target, \"name\", { value: _value, configurable: true });\n  };\n  var __globalThis = typeof globalThis === \"object\" && globalThis || typeof window === \"object\" && window;\n  __globalThis.__name = __name;\n}\n            webdriverioPolyfill();\n            return ((id,commandName,commandArgs)=>{const e2eWindow=window;const results=e2eWindow.__AIO_E2E_TAURI_RESULTS__??={};const bridge=e2eWindow.__TAURI_INTERNALS__;if(!bridge){results[id]={status:\"failed\",error:\"Tauri IPC internals are unavailable in the E2E window.\"};return}results[id]={status:\"pending\"};void bridge.invoke(commandName,commandArgs).then(value=>{results[id]={status:\"resolved\",value}}).catch(error=>{results[id]={status:\"failed\",error:String(error)}})}).apply(null, arguments)\n        ","args":["tauri-command-1788903514713-17","sidecar_send_command",{"pluginId":"dsh-coding-workspace","method":"initialize","params":{"hostContext":{"apiVersion":3,"sidecarProtocolVersion":3},"provider":{"baseUrl":"http://127.0.0.1:59796","apiKey":"native-e2e-secret"}}}]}
2026-09-08T21:38:34.720Z INFO webdriver: RESULT null
2026-09-08T21:38:34.720Z DEBUG @wdio/utils:shim: Finished to run "beforeCommand" hook in 0ms
2026-09-08T21:38:34.720Z DEBUG @wdio/utils:shim: Finished to run "beforeCommand" hook in 0ms
2026-09-08T21:38:34.720Z DEBUG @wdio/utils:shim: Finished to run "beforeCommand" hook in 0ms
2026-09-08T21:38:34.720Z INFO webdriver: COMMAND executeScript(<fn>, <object>)
2026-09-08T21:38:34.720Z INFO webdriver: [POST] http://127.0.0.1:4459/session/73d1ae20-d07b-4899-bca8-5e3083d4ce91/execute/sync
2026-09-08T21:38:34.721Z INFO webdriver: DATA {"script":"\n            function webdriverioPolyfill() {\n  var __defProp = Object.defineProperty;\n  var __name = function(target, _value) {\n    return __defProp(target, \"name\", { value: _value, configurable: true });\n  };\n  var __globalThis = typeof globalThis === \"object\" && globalThis || typeof window === \"object\" && window;\n  __globalThis.__name = __name;\n}\n            webdriverioPolyfill();\n            return (id=>window.__AIO_E2E_TAURI_RESULTS__?.[id]).apply(null, arguments)\n        ","args":["tauri-command-1788903514713-17"]}
2026-09-08T21:38:34.727Z INFO webdriver: RESULT { status: 'pending' }
2026-09-08T21:38:34.821Z DEBUG @wdio/utils:shim: Finished to run "beforeCommand" hook in 0ms
2026-09-08T21:38:34.821Z DEBUG @wdio/utils:shim: Finished to run "beforeCommand" hook in 0ms
2026-09-08T21:38:34.821Z INFO webdriver: COMMAND executeScript(<fn>, <object>)
2026-09-08T21:38:34.822Z INFO webdriver: [POST] http://127.0.0.1:4459/session/73d1ae20-d07b-4899-bca8-5e3083d4ce91/execute/sync
2026-09-08T21:38:34.822Z INFO webdriver: DATA {"script":"\n            function webdriverioPolyfill() {\n  var __defProp = Object.defineProperty;\n  var __name = function(target, _value) {\n    return __defProp(target, \"name\", { value: _value, configurable: true });\n  };\n  var __globalThis = typeof globalThis === \"object\" && globalThis || typeof window === \"object\" && window;\n  __globalThis.__name = __name;\n}\n            webdriverioPolyfill();\n            return (id=>window.__AIO_E2E_TAURI_RESULTS__?.[id]).apply(null, arguments)\n        ","args":["tauri-command-1788903514713-17"]}
2026-09-08T21:38:34.829Z INFO webdriver: RESULT { status: 'pending' }
2026-09-08T21:38:34.922Z DEBUG @wdio/utils:shim: Finished to run "beforeCommand" hook in 0ms
2026-09-08T21:38:34.922Z DEBUG @wdio/utils:shim: Finished to run "beforeCommand" hook in 0ms
2026-09-08T21:38:34.922Z INFO webdriver: COMMAND executeScript(<fn>, <object>)
2026-09-08T21:38:34.922Z INFO webdriver: [POST] http://127.0.0.1:4459/session/73d1ae20-d07b-4899-bca8-5e3083d4ce91/execute/sync
2026-09-08T21:38:34.922Z INFO webdriver: DATA {"script":"\n            function webdriverioPolyfill() {\n  var __defProp = Object.defineProperty;\n  var __name = function(target, _value) {\n    return __defProp(target, \"name\", { value: _value, configurable: true });\n  };\n  var __globalThis = typeof globalThis === \"object\" && globalThis || typeof window === \"object\" && window;\n  __globalThis.__name = __name;\n}\n            webdriverioPolyfill();\n            return (id=>window.__AIO_E2E_TAURI_RESULTS__?.[id]).apply(null, arguments)\n        ","args":["tauri-command-1788903514713-17"]}
2026-09-08T21:38:34.928Z INFO webdriver: RESULT { status: 'pending' }
2026-09-08T21:38:35.021Z DEBUG @wdio/utils:shim: Finished to run "beforeCommand" hook in 0ms
2026-09-08T21:38:35.021Z DEBUG @wdio/utils:shim: Finished to run "beforeCommand" hook in 0ms
2026-09-08T21:38:35.021Z INFO webdriver: COMMAND executeScript(<fn>, <object>)
2026-09-08T21:38:35.022Z INFO webdriver: [POST] http://127.0.0.1:4459/session/73d1ae20-d07b-4899-bca8-5e3083d4ce91/execute/sync
2026-09-08T21:38:35.022Z INFO webdriver: DATA {"script":"\n            function webdriverioPolyfill() {\n  var __defProp = Object.defineProperty;\n  var __name = function(target, _value) {\n    return __defProp(target, \"name\", { value: _value, configurable: true });\n  };\n  var __globalThis = typeof globalThis === \"object\" && globalThis || typeof window === \"object\" && window;\n  __globalThis.__name = __name;\n}\n            webdriverioPolyfill();\n            return (id=>window.__AIO_E2E_TAURI_RESULTS__?.[id]).apply(null, arguments)\n        ","args":["tauri-command-1788903514713-17"]}
2026-09-08T21:38:35.029Z INFO webdriver: RESULT { status: 'pending' }
2026-09-08T21:38:35.120Z DEBUG @wdio/utils:shim: Finished to run "beforeCommand" hook in 0ms
2026-09-08T21:38:35.120Z DEBUG @wdio/utils:shim: Finished to run "beforeCommand" hook in 0ms
2026-09-08T21:38:35.121Z INFO webdriver: COMMAND executeScript(<fn>, <object>)
2026-09-08T21:38:35.121Z INFO webdriver: [POST] http://127.0.0.1:4459/session/73d1ae20-d07b-4899-bca8-5e3083d4ce91/execute/sync
2026-09-08T21:38:35.121Z INFO webdriver: DATA {"script":"\n            function webdriverioPolyfill() {\n  var __defProp = Object.defineProperty;\n  var __name = function(target, _value) {\n    return __defProp(target, \"name\", { value: _value, configurable: true });\n  };\n  var __globalThis = typeof globalThis === \"object\" && globalThis || typeof window === \"object\" && window;\n  __globalThis.__name = __name;\n}\n            webdriverioPolyfill();\n            return (id=>window.__AIO_E2E_TAURI_RESULTS__?.[id]).apply(null, arguments)\n        ","args":["tauri-command-1788903514713-17"]}
2026-09-08T21:38:35.129Z INFO webdriver: RESULT { status: 'pending' }
2026-09-08T21:38:35.220Z DEBUG @wdio/utils:shim: Finished to run "beforeCommand" hook in 0ms
2026-09-08T21:38:35.220Z DEBUG @wdio/utils:shim: Finished to run "beforeCommand" hook in 0ms
2026-09-08T21:38:35.220Z INFO webdriver: COMMAND executeScript(<fn>, <object>)
2026-09-08T21:38:35.220Z INFO webdriver: [POST] http://127.0.0.1:4459/session/73d1ae20-d07b-4899-bca8-5e3083d4ce91/execute/sync
2026-09-08T21:38:35.221Z INFO webdriver: DATA {"script":"\n            function webdriverioPolyfill() {\n  var __defProp = Object.defineProperty;\n  var __name = function(target, _value) {\n    return __defProp(target, \"name\", { value: _value, configurable: true });\n  };\n  var __globalThis = typeof globalThis === \"object\" && globalThis || typeof window === \"object\" && window;\n  __globalThis.__name = __name;\n}\n            webdriverioPolyfill();\n            return (id=>window.__AIO_E2E_TAURI_RESULTS__?.[id]).apply(null, arguments)\n        ","args":["tauri-command-1788903514713-17"]}
2026-09-08T21:38:35.227Z INFO webdriver: RESULT { status: 'pending' }
2026-09-08T21:38:35.320Z DEBUG @wdio/utils:shim: Finished to run "beforeCommand" hook in 0ms
2026-09-08T21:38:35.320Z DEBUG @wdio/utils:shim: Finished to run "beforeCommand" hook in 0ms
2026-09-08T21:38:35.321Z INFO webdriver: COMMAND executeScript(<fn>, <object>)
2026-09-08T21:38:35.321Z INFO webdriver: [POST] http://127.0.0.1:4459/session/73d1ae20-d07b-4899-bca8-5e3083d4ce91/execute/sync
2026-09-08T21:38:35.321Z INFO webdriver: DATA {"script":"\n            function webdriverioPolyfill() {\n  var __defProp = Object.defineProperty;\n  var __name = function(target, _value) {\n    return __defProp(target, \"name\", { value: _value, configurable: true });\n  };\n  var __globalThis = typeof globalThis === \"object\" && globalThis || typeof window === \"object\" && window;\n  __globalThis.__name = __name;\n}\n            webdriverioPolyfill();\n            return (id=>window.__AIO_E2E_TAURI_RESULTS__?.[id]).apply(null, arguments)\n        ","args":["tauri-command-1788903514713-17"]}
2026-09-08T21:38:35.328Z INFO webdriver: RESULT { status: 'pending' }
2026-09-08T21:38:35.421Z DEBUG @wdio/utils:shim: Finished to run "beforeCommand" hook in 1ms
2026-09-08T21:38:35.421Z DEBUG @wdio/utils:shim: Finished to run "beforeCommand" hook in 0ms
2026-09-08T21:38:35.421Z INFO webdriver: COMMAND executeScript(<fn>, <object>)
2026-09-08T21:38:35.421Z INFO webdriver: [POST] http://127.0.0.1:4459/session/73d1ae20-d07b-4899-bca8-5e3083d4ce91/execute/sync
2026-09-08T21:38:35.421Z INFO webdriver: DATA {"script":"\n            function webdriverioPolyfill() {\n  var __defProp = Object.defineProperty;\n  var __name = function(target, _value) {\n    return __defProp(target, \"name\", { value: _value, configurable: true });\n  };\n  var __globalThis = typeof globalThis === \"object\" && globalThis || typeof window === \"object\" && window;\n  __globalThis.__name = __name;\n}\n            webdriverioPolyfill();\n            return (id=>window.__AIO_E2E_TAURI_RESULTS__?.[id]).apply(null, arguments)\n        ","args":["tauri-command-1788903514713-17"]}
2026-09-08T21:38:35.431Z INFO webdriver: RESULT { status: 'pending' }
2026-09-08T21:38:35.520Z DEBUG @wdio/utils:shim: Finished to run "beforeCommand" hook in 0ms
2026-09-08T21:38:35.521Z DEBUG @wdio/utils:shim: Finished to run "beforeCommand" hook in 0ms
2026-09-08T21:38:35.521Z INFO webdriver: COMMAND executeScript(<fn>, <object>)
2026-09-08T21:38:35.521Z INFO webdriver: [POST] http://127.0.0.1:4459/session/73d1ae20-d07b-4899-bca8-5e3083d4ce91/execute/sync
2026-09-08T21:38:35.521Z INFO webdriver: DATA {"script":"\n            function webdriverioPolyfill() {\n  var __defProp = Object.defineProperty;\n  var __name = function(target, _value) {\n    return __defProp(target, \"name\", { value: _value, configurable: true });\n  };\n  var __globalThis = typeof globalThis === \"object\" && globalThis || typeof window === \"object\" && window;\n  __globalThis.__name = __name;\n}\n            webdriverioPolyfill();\n            return (id=>window.__AIO_E2E_TAURI_RESULTS__?.[id]).apply(null, arguments)\n        ","args":["tauri-command-1788903514713-17"]}
2026-09-08T21:38:35.528Z INFO webdriver: RESULT { status: 'pending' }
2026-09-08T21:38:35.620Z DEBUG @wdio/utils:shim: Finished to run "beforeCommand" hook in 0ms
2026-09-08T21:38:35.620Z DEBUG @wdio/utils:shim: Finished to run "beforeCommand" hook in 0ms
2026-09-08T21:38:35.621Z INFO webdriver: COMMAND executeScript(<fn>, <object>)
2026-09-08T21:38:35.621Z INFO webdriver: [POST] http://127.0.0.1:4459/session/73d1ae20-d07b-4899-bca8-5e3083d4ce91/execute/sync
2026-09-08T21:38:35.621Z INFO webdriver: DATA {"script":"\n            function webdriverioPolyfill() {\n  var __defProp = Object.defineProperty;\n  var __name = function(target, _value) {\n    return __defProp(target, \"name\", { value: _value, configurable: true });\n  };\n  var __globalThis = typeof globalThis === \"object\" && globalThis || typeof window === \"object\" && window;\n  __globalThis.__name = __name;\n}\n            webdriverioPolyfill();\n            return (id=>window.__AIO_E2E_TAURI_RESULTS__?.[id]).apply(null, arguments)\n        ","args":["tauri-command-1788903514713-17"]}
2026-09-08T21:38:35.628Z INFO webdriver: RESULT { status: 'pending' }
2026-09-08T21:38:35.719Z DEBUG @wdio/utils:shim: Finished to run "beforeCommand" hook in 0ms
2026-09-08T21:38:35.720Z DEBUG @wdio/utils:shim: Finished to run "beforeCommand" hook in 0ms
2026-09-08T21:38:35.720Z INFO webdriver: COMMAND executeScript(<fn>, <object>)
2026-09-08T21:38:35.720Z INFO webdriver: [POST] http://127.0.0.1:4459/session/73d1ae20-d07b-4899-bca8-5e3083d4ce91/execute/sync
2026-09-08T21:38:35.720Z INFO webdriver: DATA {"script":"\n            function webdriverioPolyfill() {\n  var __defProp = Object.defineProperty;\n  var __name = function(target, _value) {\n    return __defProp(target, \"name\", { value: _value, configurable: true });\n  };\n  var __globalThis = typeof globalThis === \"object\" && globalThis || typeof window === \"object\" && window;\n  __globalThis.__name = __name;\n}\n            webdriverioPolyfill();\n            return (id=>window.__AIO_E2E_TAURI_RESULTS__?.[id]).apply(null, arguments)\n        ","args":["tauri-command-1788903514713-17"]}
2026-09-08T21:38:35.726Z INFO webdriver: RESULT { status: 'pending' }
2026-09-08T21:38:35.820Z DEBUG @wdio/utils:shim: Finished to run "beforeCommand" hook in 0ms
2026-09-08T21:38:35.820Z DEBUG @wdio/utils:shim: Finished to run "beforeCommand" hook in 0ms
2026-09-08T21:38:35.821Z INFO webdriver: COMMAND executeScript(<fn>, <object>)
2026-09-08T21:38:35.821Z INFO webdriver: [POST] http://127.0.0.1:4459/session/73d1ae20-d07b-4899-bca8-5e3083d4ce91/execute/sync
2026-09-08T21:38:35.821Z INFO webdriver: DATA {"script":"\n            function webdriverioPolyfill() {\n  var __defProp = Object.defineProperty;\n  var __name = function(target, _value) {\n    return __defProp(target, \"name\", { value: _value, configurable: true });\n  };\n  var __globalThis = typeof globalThis === \"object\" && globalThis || typeof window === \"object\" && window;\n  __globalThis.__name = __name;\n}\n            webdriverioPolyfill();\n            return (id=>window.__AIO_E2E_TAURI_RESULTS__?.[id]).apply(null, arguments)\n        ","args":["tauri-command-1788903514713-17"]}
2026-09-08T21:38:35.829Z INFO webdriver: RESULT { status: 'pending' }
2026-09-08T21:38:35.926Z DEBUG @wdio/utils:shim: Finished to run "beforeCommand" hook in 0ms
2026-09-08T21:38:35.926Z DEBUG @wdio/utils:shim: Finished to run "beforeCommand" hook in 0ms
2026-09-08T21:38:35.926Z INFO webdriver: COMMAND executeScript(<fn>, <object>)
2026-09-08T21:38:35.926Z INFO webdriver: [POST] http://127.0.0.1:4459/session/73d1ae20-d07b-4899-bca8-5e3083d4ce91/execute/sync
2026-09-08T21:38:35.926Z INFO webdriver: DATA {"script":"\n            function webdriverioPolyfill() {\n  var __defProp = Object.defineProperty;\n  var __name = function(target, _value) {\n    return __defProp(target, \"name\", { value: _value, configurable: true });\n  };\n  var __globalThis = typeof globalThis === \"object\" && globalThis || typeof window === \"object\" && window;\n  __globalThis.__name = __name;\n}\n            webdriverioPolyfill();\n            return (id=>window.__AIO_E2E_TAURI_RESULTS__?.[id]).apply(null, arguments)\n        ","args":["tauri-command-1788903514713-17"]}
2026-09-08T21:38:35.934Z INFO webdriver: RESULT { status: 'pending' }
2026-09-08T21:38:36.021Z DEBUG @wdio/utils:shim: Finished to run "beforeCommand" hook in 0ms
2026-09-08T21:38:36.021Z DEBUG @wdio/utils:shim: Finished to run "beforeCommand" hook in 0ms
2026-09-08T21:38:36.022Z INFO webdriver: COMMAND executeScript(<fn>, <object>)
2026-09-08T21:38:36.022Z INFO webdriver: [POST] http://127.0.0.1:4459/session/73d1ae20-d07b-4899-bca8-5e3083d4ce91/execute/sync
2026-09-08T21:38:36.022Z INFO webdriver: DATA {"script":"\n            function webdriverioPolyfill() {\n  var __defProp = Object.defineProperty;\n  var __name = function(target, _value) {\n    return __defProp(target, \"name\", { value: _value, configurable: true });\n  };\n  var __globalThis = typeof globalThis === \"object\" && globalThis || typeof window === \"object\" && window;\n  __globalThis.__name = __name;\n}\n            webdriverioPolyfill();\n            return (id=>window.__AIO_E2E_TAURI_RESULTS__?.[id]).apply(null, arguments)\n        ","args":["tauri-command-1788903514713-17"]}
2026-09-08T21:38:36.032Z INFO webdriver: RESULT { status: 'pending' }
2026-09-08T21:38:36.123Z DEBUG @wdio/utils:shim: Finished to run "beforeCommand" hook in 0ms
2026-09-08T21:38:36.123Z DEBUG @wdio/utils:shim: Finished to run "beforeCommand" hook in 0ms
2026-09-08T21:38:36.123Z INFO webdriver: COMMAND executeScript(<fn>, <object>)
2026-09-08T21:38:36.123Z INFO webdriver: [POST] http://127.0.0.1:4459/session/73d1ae20-d07b-4899-bca8-5e3083d4ce91/execute/sync
2026-09-08T21:38:36.123Z INFO webdriver: DATA {"script":"\n            function webdriverioPolyfill() {\n  var __defProp = Object.defineProperty;\n  var __name = function(target, _value) {\n    return __defProp(target, \"name\", { value: _value, configurable: true });\n  };\n  var __globalThis = typeof globalThis === \"object\" && globalThis || typeof window === \"object\" && window;\n  __globalThis.__name = __name;\n}\n            webdriverioPolyfill();\n            return (id=>window.__AIO_E2E_TAURI_RESULTS__?.[id]).apply(null, arguments)\n        ","args":["tauri-command-1788903514713-17"]}
2026-09-08T21:38:36.131Z INFO webdriver: RESULT { status: 'pending' }
2026-09-08T21:38:36.221Z DEBUG @wdio/utils:shim: Finished to run "beforeCommand" hook in 0ms
2026-09-08T21:38:36.221Z DEBUG @wdio/utils:shim: Finished to run "beforeCommand" hook in 0ms
2026-09-08T21:38:36.221Z INFO webdriver: COMMAND executeScript(<fn>, <object>)
2026-09-08T21:38:36.222Z INFO webdriver: [POST] http://127.0.0.1:4459/session/73d1ae20-d07b-4899-bca8-5e3083d4ce91/execute/sync
2026-09-08T21:38:36.222Z INFO webdriver: DATA {"script":"\n            function webdriverioPolyfill() {\n  var __defProp = Object.defineProperty;\n  var __name = function(target, _value) {\n    return __defProp(target, \"name\", { value: _value, configurable: true });\n  };\n  var __globalThis = typeof globalThis === \"object\" && globalThis || typeof window === \"object\" && window;\n  __globalThis.__name = __name;\n}\n            webdriverioPolyfill();\n            return (id=>window.__AIO_E2E_TAURI_RESULTS__?.[id]).apply(null, arguments)\n        ","args":["tauri-command-1788903514713-17"]}
2026-09-08T21:38:36.230Z INFO webdriver: RESULT { status: 'pending' }
2026-09-08T21:38:36.320Z DEBUG @wdio/utils:shim: Finished to run "beforeCommand" hook in 0ms
2026-09-08T21:38:36.320Z DEBUG @wdio/utils:shim: Finished to run "beforeCommand" hook in 0ms
2026-09-08T21:38:36.321Z INFO webdriver: COMMAND executeScript(<fn>, <object>)
2026-09-08T21:38:36.321Z INFO webdriver: [POST] http://127.0.0.1:4459/session/73d1ae20-d07b-4899-bca8-5e3083d4ce91/execute/sync
2026-09-08T21:38:36.321Z INFO webdriver: DATA {"script":"\n            function webdriverioPolyfill() {\n  var __defProp = Object.defineProperty;\n  var __name = function(target, _value) {\n    return __defProp(target, \"name\", { value: _value, configurable: true });\n  };\n  var __globalThis = typeof globalThis === \"object\" && globalThis || typeof window === \"object\" && window;\n  __globalThis.__name = __name;\n}\n            webdriverioPolyfill();\n            return (id=>window.__AIO_E2E_TAURI_RESULTS__?.[id]).apply(null, arguments)\n        ","args":["tauri-command-1788903514713-17"]}
2026-09-08T21:38:36.330Z INFO webdriver: RESULT { status: 'pending' }
2026-09-08T21:38:36.421Z DEBUG @wdio/utils:shim: Finished to run "beforeCommand" hook in 0ms
2026-09-08T21:38:36.421Z DEBUG @wdio/utils:shim: Finished to run "beforeCommand" hook in 0ms
2026-09-08T21:38:36.421Z INFO webdriver: COMMAND executeScript(<fn>, <object>)
2026-09-08T21:38:36.422Z INFO webdriver: [POST] http://127.0.0.1:4459/session/73d1ae20-d07b-4899-bca8-5e3083d4ce91/execute/sync
2026-09-08T21:38:36.422Z INFO webdriver: DATA {"script":"\n            function webdriverioPolyfill() {\n  var __defProp = Object.defineProperty;\n  var __name = function(target, _value) {\n    return __defProp(target, \"name\", { value: _value, configurable: true });\n  };\n  var __globalThis = typeof globalThis === \"object\" && globalThis || typeof window === \"object\" && window;\n  __globalThis.__name = __name;\n}\n            webdriverioPolyfill();\n            return (id=>window.__AIO_E2E_TAURI_RESULTS__?.[id]).apply(null, arguments)\n        ","args":["tauri-command-1788903514713-17"]}
2026-09-08T21:38:36.429Z INFO webdriver: RESULT {
  status: 'resolved',
  value: '{"data":{"capabilities":["attachment.limits","interaction.approval","session","session.cancel","session.create","session.fork","session.history","session.list","session.open","session.rename","session.resume","session.search","session.select-model","session.snapshot","session.submit-prompt","session.subscribe","session.update-queue","snapshot","terminal.close","terminal.open","terminal.read","terminal.send","workspace.archive-session","workspace.create","workspace.delete","workspace.follow","workspace.rename"],"contractHash":"96af8af6cdb538da2cd13c53eb4dd640f0ca233aab68b209d82fc744e01da519","domainGenerationId":"dsh-generation-8128-1788903514611483900-1","sandbox":{"backend":"restricted-token","level":"full"},"state":"ready"},"id":1,"type":"result"}'
}
2026-09-08T21:38:36.429Z DEBUG @wdio/utils:shim: Finished to run "beforeCommand" hook in 0ms
2026-09-08T21:38:36.429Z DEBUG @wdio/utils:shim: Finished to run "beforeCommand" hook in 0ms
2026-09-08T21:38:36.429Z INFO webdriver: COMMAND executeScript(<fn>, <object>)
2026-09-08T21:38:36.429Z INFO webdriver: [POST] http://127.0.0.1:4459/session/73d1ae20-d07b-4899-bca8-5e3083d4ce91/execute/sync
2026-09-08T21:38:36.429Z INFO webdriver: DATA {"script":"\n            function webdriverioPolyfill() {\n  var __defProp = Object.defineProperty;\n  var __name = function(target, _value) {\n    return __defProp(target, \"name\", { value: _value, configurable: true });\n  };\n  var __globalThis = typeof globalThis === \"object\" && globalThis || typeof window === \"object\" && window;\n  __globalThis.__name = __name;\n}\n            webdriverioPolyfill();\n            return (id=>{const results=window.__AIO_E2E_TAURI_RESULTS__;const value=results?.[id];if(results)delete results[id];return value}).apply(null, arguments)\n        ","args":["tauri-command-1788903514713-17"]}
2026-09-08T21:38:36.435Z INFO webdriver: RESULT {
  status: 'resolved',
  value: '{"data":{"capabilities":["attachment.limits","interaction.approval","session","session.cancel","session.create","session.fork","session.history","session.list","session.open","session.rename","session.resume","session.search","session.select-model","session.snapshot","session.submit-prompt","session.subscribe","session.update-queue","snapshot","terminal.close","terminal.open","terminal.read","terminal.send","workspace.archive-session","workspace.create","workspace.delete","workspace.follow","workspace.rename"],"contractHash":"96af8af6cdb538da2cd13c53eb4dd640f0ca233aab68b209d82fc744e01da519","domainGenerationId":"dsh-generation-8128-1788903514611483900-1","sandbox":{"backend":"restricted-token","level":"full"},"state":"ready"},"id":1,"type":"result"}'
}
2026-09-08T21:38:36.436Z DEBUG @wdio/utils:shim: Finished to run "beforeCommand" hook in 0ms
2026-09-08T21:38:36.436Z DEBUG @wdio/utils:shim: Finished to run "beforeCommand" hook in 0ms
2026-09-08T21:38:36.436Z DEBUG @wdio/utils:shim: Finished to run "beforeCommand" hook in 0ms
2026-09-08T21:38:36.436Z INFO webdriver: COMMAND executeScript(<fn>, <object>)
2026-09-08T21:38:36.436Z INFO webdriver: [POST] http://127.0.0.1:4459/session/73d1ae20-d07b-4899-bca8-5e3083d4ce91/execute/sync
2026-09-08T21:38:36.436Z INFO webdriver: DATA {"script":"\n            function webdriverioPolyfill() {\n  var __defProp = Object.defineProperty;\n  var __name = function(target, _value) {\n    return __defProp(target, \"name\", { value: _value, configurable: true });\n  };\n  var __globalThis = typeof globalThis === \"object\" && globalThis || typeof window === \"object\" && window;\n  __globalThis.__name = __name;\n}\n            webdriverioPolyfill();\n            return (()=>!!window.__TAURI_INTERNALS__).apply(null, arguments)\n        ","args":[]}
2026-09-08T21:38:36.441Z INFO webdriver: RESULT true
2026-09-08T21:38:36.442Z DEBUG @wdio/utils:shim: Finished to run "beforeCommand" hook in 0ms
2026-09-08T21:38:36.442Z DEBUG @wdio/utils:shim: Finished to run "beforeCommand" hook in 0ms
2026-09-08T21:38:36.442Z INFO webdriver: COMMAND executeScript(<fn>, <object>)
2026-09-08T21:38:36.442Z INFO webdriver: [POST] http://127.0.0.1:4459/session/73d1ae20-d07b-4899-bca8-5e3083d4ce91/execute/sync
2026-09-08T21:38:36.442Z INFO webdriver: DATA {"script":"\n            function webdriverioPolyfill() {\n  var __defProp = Object.defineProperty;\n  var __name = function(target, _value) {\n    return __defProp(target, \"name\", { value: _value, configurable: true });\n  };\n  var __globalThis = typeof globalThis === \"object\" && globalThis || typeof window === \"object\" && window;\n  __globalThis.__name = __name;\n}\n            webdriverioPolyfill();\n            return ((id,commandName,commandArgs)=>{const e2eWindow=window;const results=e2eWindow.__AIO_E2E_TAURI_RESULTS__??={};const bridge=e2eWindow.__TAURI_INTERNALS__;if(!bridge){results[id]={status:\"failed\",error:\"Tauri IPC internals are unavailable in the E2E window.\"};return}results[id]={status:\"pending\"};void bridge.invoke(commandName,commandArgs).then(value=>{results[id]={status:\"resolved\",value}}).catch(error=>{results[id]={status:\"failed\",error:String(error)}})}).apply(null, arguments)\n        ","args":["tauri-command-1788903516442-18","sidecar_send_command",{"pluginId":"dsh-coding-workspace","method":"session.acquire","params":{"sessionId":"crash-recovery-session","viewId":"coding-workstation","mode":"controller"}}]}
2026-09-08T21:38:36.448Z INFO webdriver: RESULT null
2026-09-08T21:38:36.449Z DEBUG @wdio/utils:shim: Finished to run "beforeCommand" hook in 0ms
2026-09-08T21:38:36.449Z DEBUG @wdio/utils:shim: Finished to run "beforeCommand" hook in 0ms
2026-09-08T21:38:36.449Z DEBUG @wdio/utils:shim: Finished to run "beforeCommand" hook in 0ms
2026-09-08T21:38:36.449Z INFO webdriver: COMMAND executeScript(<fn>, <object>)
2026-09-08T21:38:36.449Z INFO webdriver: [POST] http://127.0.0.1:4459/session/73d1ae20-d07b-4899-bca8-5e3083d4ce91/execute/sync
2026-09-08T21:38:36.449Z INFO webdriver: DATA {"script":"\n            function webdriverioPolyfill() {\n  var __defProp = Object.defineProperty;\n  var __name = function(target, _value) {\n    return __defProp(target, \"name\", { value: _value, configurable: true });\n  };\n  var __globalThis = typeof globalThis === \"object\" && globalThis || typeof window === \"object\" && window;\n  __globalThis.__name = __name;\n}\n            webdriverioPolyfill();\n            return (id=>window.__AIO_E2E_TAURI_RESULTS__?.[id]).apply(null, arguments)\n        ","args":["tauri-command-1788903516442-18"]}
2026-09-08T21:38:36.454Z INFO webdriver: RESULT {
  status: 'resolved',
  value: '{"data":{"domainGenerationId":"dsh-generation-8128-1788903514611483900-1","lease":{"contractHash":"96af8af6cdb538da2cd13c53eb4dd640f0ca233aab68b209d82fc744e01da519","domainGenerationId":"dsh-generation-8128-1788903514611483900-1","leaseId":"lease-1","mode":"controller","sessionId":"crash-recovery-session"}},"id":2,"type":"result"}'
}
2026-09-08T21:38:36.454Z DEBUG @wdio/utils:shim: Finished to run "beforeCommand" hook in 0ms
2026-09-08T21:38:36.454Z DEBUG @wdio/utils:shim: Finished to run "beforeCommand" hook in 0ms
2026-09-08T21:38:36.454Z INFO webdriver: COMMAND executeScript(<fn>, <object>)
2026-09-08T21:38:36.454Z INFO webdriver: [POST] http://127.0.0.1:4459/session/73d1ae20-d07b-4899-bca8-5e3083d4ce91/execute/sync
2026-09-08T21:38:36.454Z INFO webdriver: DATA {"script":"\n            function webdriverioPolyfill() {\n  var __defProp = Object.defineProperty;\n  var __name = function(target, _value) {\n    return __defProp(target, \"name\", { value: _value, configurable: true });\n  };\n  var __globalThis = typeof globalThis === \"object\" && globalThis || typeof window === \"object\" && window;\n  __globalThis.__name = __name;\n}\n            webdriverioPolyfill();\n            return (id=>{const results=window.__AIO_E2E_TAURI_RESULTS__;const value=results?.[id];if(results)delete results[id];return value}).apply(null, arguments)\n        ","args":["tauri-command-1788903516442-18"]}
2026-09-08T21:38:36.460Z INFO webdriver: RESULT {
  status: 'resolved',
  value: '{"data":{"domainGenerationId":"dsh-generation-8128-1788903514611483900-1","lease":{"contractHash":"96af8af6cdb538da2cd13c53eb4dd640f0ca233aab68b209d82fc744e01da519","domainGenerationId":"dsh-generation-8128-1788903514611483900-1","leaseId":"lease-1","mode":"controller","sessionId":"crash-recovery-session"}},"id":2,"type":"result"}'
}
2026-09-08T21:38:36.461Z DEBUG @wdio/utils:shim: Finished to run "beforeCommand" hook in 0ms
2026-09-08T21:38:36.461Z DEBUG @wdio/utils:shim: Finished to run "beforeCommand" hook in 0ms
2026-09-08T21:38:36.461Z DEBUG @wdio/utils:shim: Finished to run "beforeCommand" hook in 0ms
2026-09-08T21:38:36.461Z INFO webdriver: COMMAND executeScript(<fn>, <object>)
2026-09-08T21:38:36.461Z INFO webdriver: [POST] http://127.0.0.1:4459/session/73d1ae20-d07b-4899-bca8-5e3083d4ce91/execute/sync
2026-09-08T21:38:36.461Z INFO webdriver: DATA {"script":"\n            function webdriverioPolyfill() {\n  var __defProp = Object.defineProperty;\n  var __name = function(target, _value) {\n    return __defProp(target, \"name\", { value: _value, configurable: true });\n  };\n  var __globalThis = typeof globalThis === \"object\" && globalThis || typeof window === \"object\" && window;\n  __globalThis.__name = __name;\n}\n            webdriverioPolyfill();\n            return (()=>!!window.__TAURI_INTERNALS__).apply(null, arguments)\n        ","args":[]}
2026-09-08T21:38:36.466Z INFO webdriver: RESULT true
2026-09-08T21:38:36.467Z DEBUG @wdio/utils:shim: Finished to run "beforeCommand" hook in 0ms
2026-09-08T21:38:36.467Z DEBUG @wdio/utils:shim: Finished to run "beforeCommand" hook in 0ms
2026-09-08T21:38:36.467Z INFO webdriver: COMMAND executeScript(<fn>, <object>)
2026-09-08T21:38:36.467Z INFO webdriver: [POST] http://127.0.0.1:4459/session/73d1ae20-d07b-4899-bca8-5e3083d4ce91/execute/sync
2026-09-08T21:38:36.467Z INFO webdriver: DATA {"script":"\n            function webdriverioPolyfill() {\n  var __defProp = Object.defineProperty;\n  var __name = function(target, _value) {\n    return __defProp(target, \"name\", { value: _value, configurable: true });\n  };\n  var __globalThis = typeof globalThis === \"object\" && globalThis || typeof window === \"object\" && window;\n  __globalThis.__name = __name;\n}\n            webdriverioPolyfill();\n            return ((id,commandName,commandArgs)=>{const e2eWindow=window;const results=e2eWindow.__AIO_E2E_TAURI_RESULTS__??={};const bridge=e2eWindow.__TAURI_INTERNALS__;if(!bridge){results[id]={status:\"failed\",error:\"Tauri IPC internals are unavailable in the E2E window.\"};return}results[id]={status:\"pending\"};void bridge.invoke(commandName,commandArgs).then(value=>{results[id]={status:\"resolved\",value}}).catch(error=>{results[id]={status:\"failed\",error:String(error)}})}).apply(null, arguments)\n        ","args":["tauri-command-1788903516467-19","sidecar_send_command",{"pluginId":"dsh-coding-workspace","method":"session.submitPrompt","params":{"sessionId":"crash-recovery-session","leaseId":"lease-1","turnId":"crash-turn-1","input":{"crashToken":"ed50fe9c78c94a7b9eb620b1123a4cbe"}}}]}
2026-09-08T21:38:36.474Z INFO webdriver: RESULT null
2026-09-08T21:38:36.475Z DEBUG @wdio/utils:shim: Finished to run "beforeCommand" hook in 0ms
2026-09-08T21:38:36.475Z DEBUG @wdio/utils:shim: Finished to run "beforeCommand" hook in 0ms
2026-09-08T21:38:36.475Z DEBUG @wdio/utils:shim: Finished to run "beforeCommand" hook in 0ms
2026-09-08T21:38:36.475Z INFO webdriver: COMMAND executeScript(<fn>, <object>)
2026-09-08T21:38:36.475Z INFO webdriver: [POST] http://127.0.0.1:4459/session/73d1ae20-d07b-4899-bca8-5e3083d4ce91/execute/sync
2026-09-08T21:38:36.475Z INFO webdriver: DATA {"script":"\n            function webdriverioPolyfill() {\n  var __defProp = Object.defineProperty;\n  var __name = function(target, _value) {\n    return __defProp(target, \"name\", { value: _value, configurable: true });\n  };\n  var __globalThis = typeof globalThis === \"object\" && globalThis || typeof window === \"object\" && window;\n  __globalThis.__name = __name;\n}\n            webdriverioPolyfill();\n            return (id=>window.__AIO_E2E_TAURI_RESULTS__?.[id]).apply(null, arguments)\n        ","args":["tauri-command-1788903516467-19"]}
2026-09-08T21:38:36.480Z INFO webdriver: RESULT {
  status: 'resolved',
  value: '{"data":{"accepted":false,"domainGenerationId":"dsh-generation-8128-1788903514611483900-1","rejection":{"code":"interrupted-turn"}},"id":3,"type":"result"}'
}
2026-09-08T21:38:36.480Z DEBUG @wdio/utils:shim: Finished to run "beforeCommand" hook in 0ms
2026-09-08T21:38:36.480Z DEBUG @wdio/utils:shim: Finished to run "beforeCommand" hook in 0ms
2026-09-08T21:38:36.480Z INFO webdriver: COMMAND executeScript(<fn>, <object>)
2026-09-08T21:38:36.480Z INFO webdriver: [POST] http://127.0.0.1:4459/session/73d1ae20-d07b-4899-bca8-5e3083d4ce91/execute/sync
2026-09-08T21:38:36.480Z INFO webdriver: DATA {"script":"\n            function webdriverioPolyfill() {\n  var __defProp = Object.defineProperty;\n  var __name = function(target, _value) {\n    return __defProp(target, \"name\", { value: _value, configurable: true });\n  };\n  var __globalThis = typeof globalThis === \"object\" && globalThis || typeof window === \"object\" && window;\n  __globalThis.__name = __name;\n}\n            webdriverioPolyfill();\n            return (id=>{const results=window.__AIO_E2E_TAURI_RESULTS__;const value=results?.[id];if(results)delete results[id];return value}).apply(null, arguments)\n        ","args":["tauri-command-1788903516467-19"]}
2026-09-08T21:38:36.485Z INFO webdriver: RESULT {
  status: 'resolved',
  value: '{"data":{"accepted":false,"domainGenerationId":"dsh-generation-8128-1788903514611483900-1","rejection":{"code":"interrupted-turn"}},"id":3,"type":"result"}'
}
2026-09-08T21:38:36.486Z DEBUG @wdio/utils:shim: Finished to run "beforeCommand" hook in 0ms
2026-09-08T21:38:36.486Z DEBUG @wdio/utils:shim: Finished to run "beforeCommand" hook in 0ms
2026-09-08T21:38:36.486Z INFO webdriver: COMMAND executeScript(<fn>, <object>)
2026-09-08T21:38:36.486Z INFO webdriver: [POST] http://127.0.0.1:4459/session/73d1ae20-d07b-4899-bca8-5e3083d4ce91/execute/sync
2026-09-08T21:38:36.486Z INFO webdriver: DATA {"script":"\n            function webdriverioPolyfill() {\n  var __defProp = Object.defineProperty;\n  var __name = function(target, _value) {\n    return __defProp(target, \"name\", { value: _value, configurable: true });\n  };\n  var __globalThis = typeof globalThis === \"object\" && globalThis || typeof window === \"object\" && window;\n  __globalThis.__name = __name;\n}\n            webdriverioPolyfill();\n            return (()=>{const isVisible=__name(element=>{const style=window.getComputedStyle(element);return style.display!==\"none\"&&style.visibility!==\"hidden\"},\"isVisible\");const editorCancel=document.querySelector('[data-testid=\"agent-editor-cancel\"]');if(editorCancel&&isVisible(editorCancel))editorCancel.click();for(const closeButton of document.querySelectorAll(\".base-dialog-backdrop .dialog-close-btn\")){if(isVisible(closeButton))closeButton.click()}document.dispatchEvent(new KeyboardEvent(\"keydown\",{key:\"Escape\",bubbles:true}))}).apply(null, arguments)\n        ","args":[]}
2026-09-08T21:38:36.492Z INFO webdriver: RESULT null
2026-09-08T21:38:36.492Z DEBUG @wdio/utils:shim: Finished to run "beforeCommand" hook in 0ms
2026-09-08T21:38:36.492Z DEBUG @wdio/utils:shim: Finished to run "beforeCommand" hook in 0ms
2026-09-08T21:38:36.492Z DEBUG @wdio/utils:shim: Finished to run "beforeCommand" hook in 0ms
2026-09-08T21:38:36.492Z INFO webdriver: COMMAND executeScript(<fn>, <object>)
2026-09-08T21:38:36.492Z INFO webdriver: [POST] http://127.0.0.1:4459/session/73d1ae20-d07b-4899-bca8-5e3083d4ce91/execute/sync
2026-09-08T21:38:36.492Z INFO webdriver: DATA {"script":"\n            function webdriverioPolyfill() {\n  var __defProp = Object.defineProperty;\n  var __name = function(target, _value) {\n    return __defProp(target, \"name\", { value: _value, configurable: true });\n  };\n  var __globalThis = typeof globalThis === \"object\" && globalThis || typeof window === \"object\" && window;\n  __globalThis.__name = __name;\n}\n            webdriverioPolyfill();\n            return (()=>{const isVisible=__name(element=>{const style=window.getComputedStyle(element);return style.display!==\"none\"&&style.visibility!==\"hidden\"},\"isVisible\");return Array.from(document.querySelectorAll(\".base-dialog-backdrop\")).some(isVisible)}).apply(null, arguments)\n        ","args":[]}
2026-09-08T21:38:36.497Z INFO webdriver: RESULT false
2026-09-08T21:38:36.497Z DEBUG @wdio/utils:shim: Finished to run "afterTest" hook in 11ms
2026-09-08T21:38:36.498Z DEBUG @wdio/utils:shim: Finished to run "beforeTest" hook in 0ms
2026-09-08T21:38:36.498Z DEBUG @wdio/utils:shim: Finished to run "beforeCommand" hook in 0ms
2026-09-08T21:38:36.498Z DEBUG @wdio/utils:shim: Finished to run "beforeCommand" hook in 0ms
2026-09-08T21:38:36.498Z DEBUG @wdio/utils:shim: Finished to run "beforeCommand" hook in 0ms
2026-09-08T21:38:36.498Z INFO webdriver: COMMAND executeScript(<fn>, <object>)
2026-09-08T21:38:36.498Z INFO webdriver: [POST] http://127.0.0.1:4459/session/73d1ae20-d07b-4899-bca8-5e3083d4ce91/execute/sync
2026-09-08T21:38:36.498Z INFO webdriver: DATA {"script":"\n            function webdriverioPolyfill() {\n  var __defProp = Object.defineProperty;\n  var __name = function(target, _value) {\n    return __defProp(target, \"name\", { value: _value, configurable: true });\n  };\n  var __globalThis = typeof globalThis === \"object\" && globalThis || typeof window === \"object\" && window;\n  __globalThis.__name = __name;\n}\n            webdriverioPolyfill();\n            return (()=>!!window.__TAURI_INTERNALS__).apply(null, arguments)\n        ","args":[]}
2026-09-08T21:38:36.504Z INFO webdriver: RESULT true
2026-09-08T21:38:36.504Z DEBUG @wdio/utils:shim: Finished to run "beforeCommand" hook in 0ms
2026-09-08T21:38:36.504Z DEBUG @wdio/utils:shim: Finished to run "beforeCommand" hook in 0ms
2026-09-08T21:38:36.504Z INFO webdriver: COMMAND executeScript(<fn>, <object>)
2026-09-08T21:38:36.504Z INFO webdriver: [POST] http://127.0.0.1:4459/session/73d1ae20-d07b-4899-bca8-5e3083d4ce91/execute/sync
2026-09-08T21:38:36.504Z INFO webdriver: DATA {"script":"\n            function webdriverioPolyfill() {\n  var __defProp = Object.defineProperty;\n  var __name = function(target, _value) {\n    return __defProp(target, \"name\", { value: _value, configurable: true });\n  };\n  var __globalThis = typeof globalThis === \"object\" && globalThis || typeof window === \"object\" && window;\n  __globalThis.__name = __name;\n}\n            webdriverioPolyfill();\n            return ((id,commandName,commandArgs)=>{const e2eWindow=window;const results=e2eWindow.__AIO_E2E_TAURI_RESULTS__??={};const bridge=e2eWindow.__TAURI_INTERNALS__;if(!bridge){results[id]={status:\"failed\",error:\"Tauri IPC internals are unavailable in the E2E window.\"};return}results[id]={status:\"pending\"};void bridge.invoke(commandName,commandArgs).then(value=>{results[id]={status:\"resolved\",value}}).catch(error=>{results[id]={status:\"failed\",error:String(error)}})}).apply(null, arguments)\n        ","args":["tauri-command-1788903516504-20","sidecar_kill_resident",{"pluginId":"dsh-coding-workspace"}]}
2026-09-08T21:38:36.511Z INFO webdriver: RESULT null
2026-09-08T21:38:36.511Z DEBUG @wdio/utils:shim: Finished to run "beforeCommand" hook in 0ms
2026-09-08T21:38:36.511Z DEBUG @wdio/utils:shim: Finished to run "beforeCommand" hook in 0ms
2026-09-08T21:38:36.511Z DEBUG @wdio/utils:shim: Finished to run "beforeCommand" hook in 0ms
2026-09-08T21:38:36.511Z INFO webdriver: COMMAND executeScript(<fn>, <object>)
2026-09-08T21:38:36.511Z INFO webdriver: [POST] http://127.0.0.1:4459/session/73d1ae20-d07b-4899-bca8-5e3083d4ce91/execute/sync
2026-09-08T21:38:36.511Z INFO webdriver: DATA {"script":"\n            function webdriverioPolyfill() {\n  var __defProp = Object.defineProperty;\n  var __name = function(target, _value) {\n    return __defProp(target, \"name\", { value: _value, configurable: true });\n  };\n  var __globalThis = typeof globalThis === \"object\" && globalThis || typeof window === \"object\" && window;\n  __globalThis.__name = __name;\n}\n            webdriverioPolyfill();\n            return (id=>window.__AIO_E2E_TAURI_RESULTS__?.[id]).apply(null, arguments)\n        ","args":["tauri-command-1788903516504-20"]}
2026-09-08T21:38:36.516Z INFO webdriver: RESULT { status: 'pending' }
2026-09-08T21:38:36.611Z DEBUG @wdio/utils:shim: Finished to run "beforeCommand" hook in 0ms
2026-09-08T21:38:36.612Z DEBUG @wdio/utils:shim: Finished to run "beforeCommand" hook in 0ms
2026-09-08T21:38:36.612Z INFO webdriver: COMMAND executeScript(<fn>, <object>)
2026-09-08T21:38:36.612Z INFO webdriver: [POST] http://127.0.0.1:4459/session/73d1ae20-d07b-4899-bca8-5e3083d4ce91/execute/sync
2026-09-08T21:38:36.612Z INFO webdriver: DATA {"script":"\n            function webdriverioPolyfill() {\n  var __defProp = Object.defineProperty;\n  var __name = function(target, _value) {\n    return __defProp(target, \"name\", { value: _value, configurable: true });\n  };\n  var __globalThis = typeof globalThis === \"object\" && globalThis || typeof window === \"object\" && window;\n  __globalThis.__name = __name;\n}\n            webdriverioPolyfill();\n            return (id=>window.__AIO_E2E_TAURI_RESULTS__?.[id]).apply(null, arguments)\n        ","args":["tauri-command-1788903516504-20"]}
2026-09-08T21:38:36.619Z INFO webdriver: RESULT { status: 'resolved', value: null }
2026-09-08T21:38:36.619Z DEBUG @wdio/utils:shim: Finished to run "beforeCommand" hook in 0ms
2026-09-08T21:38:36.619Z DEBUG @wdio/utils:shim: Finished to run "beforeCommand" hook in 0ms
2026-09-08T21:38:36.619Z INFO webdriver: COMMAND executeScript(<fn>, <object>)
2026-09-08T21:38:36.619Z INFO webdriver: [POST] http://127.0.0.1:4459/session/73d1ae20-d07b-4899-bca8-5e3083d4ce91/execute/sync
2026-09-08T21:38:36.619Z INFO webdriver: DATA {"script":"\n            function webdriverioPolyfill() {\n  var __defProp = Object.defineProperty;\n  var __name = function(target, _value) {\n    return __defProp(target, \"name\", { value: _value, configurable: true });\n  };\n  var __globalThis = typeof globalThis === \"object\" && globalThis || typeof window === \"object\" && window;\n  __globalThis.__name = __name;\n}\n            webdriverioPolyfill();\n            return (id=>{const results=window.__AIO_E2E_TAURI_RESULTS__;const value=results?.[id];if(results)delete results[id];return value}).apply(null, arguments)\n        ","args":["tauri-command-1788903516504-20"]}
2026-09-08T21:38:36.624Z INFO webdriver: RESULT { status: 'resolved', value: null }
2026-09-08T21:38:36.624Z DEBUG @wdio/utils:shim: Finished to run "beforeCommand" hook in 0ms
2026-09-08T21:38:36.624Z DEBUG @wdio/utils:shim: Finished to run "beforeCommand" hook in 0ms
2026-09-08T21:38:36.624Z DEBUG @wdio/utils:shim: Finished to run "beforeCommand" hook in 0ms
2026-09-08T21:38:36.624Z INFO webdriver: COMMAND executeScript(<fn>, <object>)
2026-09-08T21:38:36.624Z INFO webdriver: [POST] http://127.0.0.1:4459/session/73d1ae20-d07b-4899-bca8-5e3083d4ce91/execute/sync
2026-09-08T21:38:36.624Z INFO webdriver: DATA {"script":"\n            function webdriverioPolyfill() {\n  var __defProp = Object.defineProperty;\n  var __name = function(target, _value) {\n    return __defProp(target, \"name\", { value: _value, configurable: true });\n  };\n  var __globalThis = typeof globalThis === \"object\" && globalThis || typeof window === \"object\" && window;\n  __globalThis.__name = __name;\n}\n            webdriverioPolyfill();\n            return (()=>!!window.__TAURI_INTERNALS__).apply(null, arguments)\n        ","args":[]}
2026-09-08T21:38:36.630Z INFO webdriver: RESULT true
2026-09-08T21:38:36.630Z DEBUG @wdio/utils:shim: Finished to run "beforeCommand" hook in 0ms
2026-09-08T21:38:36.630Z DEBUG @wdio/utils:shim: Finished to run "beforeCommand" hook in 0ms
2026-09-08T21:38:36.630Z INFO webdriver: COMMAND executeScript(<fn>, <object>)
2026-09-08T21:38:36.630Z INFO webdriver: [POST] http://127.0.0.1:4459/session/73d1ae20-d07b-4899-bca8-5e3083d4ce91/execute/sync
2026-09-08T21:38:36.630Z INFO webdriver: DATA {"script":"\n            function webdriverioPolyfill() {\n  var __defProp = Object.defineProperty;\n  var __name = function(target, _value) {\n    return __defProp(target, \"name\", { value: _value, configurable: true });\n  };\n  var __globalThis = typeof globalThis === \"object\" && globalThis || typeof window === \"object\" && window;\n  __globalThis.__name = __name;\n}\n            webdriverioPolyfill();\n            return ((id,commandName,commandArgs)=>{const e2eWindow=window;const results=e2eWindow.__AIO_E2E_TAURI_RESULTS__??={};const bridge=e2eWindow.__TAURI_INTERNALS__;if(!bridge){results[id]={status:\"failed\",error:\"Tauri IPC internals are unavailable in the E2E window.\"};return}results[id]={status:\"pending\"};void bridge.invoke(commandName,commandArgs).then(value=>{results[id]={status:\"resolved\",value}}).catch(error=>{results[id]={status:\"failed\",error:String(error)}})}).apply(null, arguments)\n        ","args":["tauri-command-1788903516630-21","sidecar_spawn_resident",{"pluginId":"dsh-coding-workspace","executablePath":"D:\\a\\aio-hub\\aio-hub\\.e2e-data\\dsh-native\\plugins\\dsh-coding-workspace\\bin\\win32-x64\\aio-dsh-supervisor.exe","args":[],"installPath":"D:\\a\\aio-hub\\aio-hub\\.e2e-data\\dsh-native\\plugins\\dsh-coding-workspace"}]}
2026-09-08T21:38:36.637Z INFO webdriver: RESULT null
2026-09-08T21:38:36.637Z DEBUG @wdio/utils:shim: Finished to run "beforeCommand" hook in 0ms
2026-09-08T21:38:36.637Z DEBUG @wdio/utils:shim: Finished to run "beforeCommand" hook in 0ms
2026-09-08T21:38:36.637Z DEBUG @wdio/utils:shim: Finished to run "beforeCommand" hook in 0ms
2026-09-08T21:38:36.637Z INFO webdriver: COMMAND executeScript(<fn>, <object>)
2026-09-08T21:38:36.637Z INFO webdriver: [POST] http://127.0.0.1:4459/session/73d1ae20-d07b-4899-bca8-5e3083d4ce91/execute/sync
2026-09-08T21:38:36.637Z INFO webdriver: DATA {"script":"\n            function webdriverioPolyfill() {\n  var __defProp = Object.defineProperty;\n  var __name = function(target, _value) {\n    return __defProp(target, \"name\", { value: _value, configurable: true });\n  };\n  var __globalThis = typeof globalThis === \"object\" && globalThis || typeof window === \"object\" && window;\n  __globalThis.__name = __name;\n}\n            webdriverioPolyfill();\n            return (id=>window.__AIO_E2E_TAURI_RESULTS__?.[id]).apply(null, arguments)\n        ","args":["tauri-command-1788903516630-21"]}
2026-09-08T21:38:36.643Z INFO webdriver: RESULT { status: 'pending' }
2026-09-08T21:38:36.737Z DEBUG @wdio/utils:shim: Finished to run "beforeCommand" hook in 0ms
2026-09-08T21:38:36.737Z DEBUG @wdio/utils:shim: Finished to run "beforeCommand" hook in 0ms
2026-09-08T21:38:36.738Z INFO webdriver: COMMAND executeScript(<fn>, <object>)
2026-09-08T21:38:36.738Z INFO webdriver: [POST] http://127.0.0.1:4459/session/73d1ae20-d07b-4899-bca8-5e3083d4ce91/execute/sync
2026-09-08T21:38:36.738Z INFO webdriver: DATA {"script":"\n            function webdriverioPolyfill() {\n  var __defProp = Object.defineProperty;\n  var __name = function(target, _value) {\n    return __defProp(target, \"name\", { value: _value, configurable: true });\n  };\n  var __globalThis = typeof globalThis === \"object\" && globalThis || typeof window === \"object\" && window;\n  __globalThis.__name = __name;\n}\n            webdriverioPolyfill();\n            return (id=>window.__AIO_E2E_TAURI_RESULTS__?.[id]).apply(null, arguments)\n        ","args":["tauri-command-1788903516630-21"]}
2026-09-08T21:38:36.745Z INFO webdriver: RESULT { status: 'resolved', value: '2a514869-2b23-4c44-b5b2-7cc80c8d6fae' }
2026-09-08T21:38:36.745Z DEBUG @wdio/utils:shim: Finished to run "beforeCommand" hook in 0ms
2026-09-08T21:38:36.745Z DEBUG @wdio/utils:shim: Finished to run "beforeCommand" hook in 0ms
2026-09-08T21:38:36.745Z INFO webdriver: COMMAND executeScript(<fn>, <object>)
2026-09-08T21:38:36.745Z INFO webdriver: [POST] http://127.0.0.1:4459/session/73d1ae20-d07b-4899-bca8-5e3083d4ce91/execute/sync
2026-09-08T21:38:36.745Z INFO webdriver: DATA {"script":"\n            function webdriverioPolyfill() {\n  var __defProp = Object.defineProperty;\n  var __name = function(target, _value) {\n    return __defProp(target, \"name\", { value: _value, configurable: true });\n  };\n  var __globalThis = typeof globalThis === \"object\" && globalThis || typeof window === \"object\" && window;\n  __globalThis.__name = __name;\n}\n            webdriverioPolyfill();\n            return (id=>{const results=window.__AIO_E2E_TAURI_RESULTS__;const value=results?.[id];if(results)delete results[id];return value}).apply(null, arguments)\n        ","args":["tauri-command-1788903516630-21"]}
2026-09-08T21:38:36.750Z INFO webdriver: RESULT { status: 'resolved', value: '2a514869-2b23-4c44-b5b2-7cc80c8d6fae' }
2026-09-08T21:38:36.750Z DEBUG @wdio/utils:shim: Finished to run "beforeCommand" hook in 0ms
2026-09-08T21:38:36.750Z DEBUG @wdio/utils:shim: Finished to run "beforeCommand" hook in 0ms
2026-09-08T21:38:36.750Z DEBUG @wdio/utils:shim: Finished to run "beforeCommand" hook in 0ms
2026-09-08T21:38:36.750Z INFO webdriver: COMMAND executeScript(<fn>, <object>)
2026-09-08T21:38:36.750Z INFO webdriver: [POST] http://127.0.0.1:4459/session/73d1ae20-d07b-4899-bca8-5e3083d4ce91/execute/sync
2026-09-08T21:38:36.750Z INFO webdriver: DATA {"script":"\n            function webdriverioPolyfill() {\n  var __defProp = Object.defineProperty;\n  var __name = function(target, _value) {\n    return __defProp(target, \"name\", { value: _value, configurable: true });\n  };\n  var __globalThis = typeof globalThis === \"object\" && globalThis || typeof window === \"object\" && window;\n  __globalThis.__name = __name;\n}\n            webdriverioPolyfill();\n            return (()=>!!window.__TAURI_INTERNALS__).apply(null, arguments)\n        ","args":[]}
2026-09-08T21:38:36.755Z INFO webdriver: RESULT true
2026-09-08T21:38:36.755Z DEBUG @wdio/utils:shim: Finished to run "beforeCommand" hook in 0ms
2026-09-08T21:38:36.755Z DEBUG @wdio/utils:shim: Finished to run "beforeCommand" hook in 0ms
2026-09-08T21:38:36.755Z INFO webdriver: COMMAND executeScript(<fn>, <object>)
2026-09-08T21:38:36.755Z INFO webdriver: [POST] http://127.0.0.1:4459/session/73d1ae20-d07b-4899-bca8-5e3083d4ce91/execute/sync
2026-09-08T21:38:36.755Z INFO webdriver: DATA {"script":"\n            function webdriverioPolyfill() {\n  var __defProp = Object.defineProperty;\n  var __name = function(target, _value) {\n    return __defProp(target, \"name\", { value: _value, configurable: true });\n  };\n  var __globalThis = typeof globalThis === \"object\" && globalThis || typeof window === \"object\" && window;\n  __globalThis.__name = __name;\n}\n            webdriverioPolyfill();\n            return ((id,commandName,commandArgs)=>{const e2eWindow=window;const results=e2eWindow.__AIO_E2E_TAURI_RESULTS__??={};const bridge=e2eWindow.__TAURI_INTERNALS__;if(!bridge){results[id]={status:\"failed\",error:\"Tauri IPC internals are unavailable in the E2E window.\"};return}results[id]={status:\"pending\"};void bridge.invoke(commandName,commandArgs).then(value=>{results[id]={status:\"resolved\",value}}).catch(error=>{results[id]={status:\"failed\",error:String(error)}})}).apply(null, arguments)\n        ","args":["tauri-command-1788903516755-22","sidecar_send_command",{"pluginId":"dsh-coding-workspace","method":"initialize","params":{"hostContext":{"apiVersion":3,"sidecarProtocolVersion":3},"provider":{"baseUrl":"http://127.0.0.1:59796","apiKey":"native-e2e-secret"}}}]}
2026-09-08T21:38:36.762Z INFO webdriver: RESULT null
2026-09-08T21:38:36.762Z DEBUG @wdio/utils:shim: Finished to run "beforeCommand" hook in 0ms
2026-09-08T21:38:36.762Z DEBUG @wdio/utils:shim: Finished to run "beforeCommand" hook in 0ms
2026-09-08T21:38:36.762Z DEBUG @wdio/utils:shim: Finished to run "beforeCommand" hook in 0ms
2026-09-08T21:38:36.762Z INFO webdriver: COMMAND executeScript(<fn>, <object>)
2026-09-08T21:38:36.762Z INFO webdriver: [POST] http://127.0.0.1:4459/session/73d1ae20-d07b-4899-bca8-5e3083d4ce91/execute/sync
2026-09-08T21:38:36.763Z INFO webdriver: DATA {"script":"\n            function webdriverioPolyfill() {\n  var __defProp = Object.defineProperty;\n  var __name = function(target, _value) {\n    return __defProp(target, \"name\", { value: _value, configurable: true });\n  };\n  var __globalThis = typeof globalThis === \"object\" && globalThis || typeof window === \"object\" && window;\n  __globalThis.__name = __name;\n}\n            webdriverioPolyfill();\n            return (id=>window.__AIO_E2E_TAURI_RESULTS__?.[id]).apply(null, arguments)\n        ","args":["tauri-command-1788903516755-22"]}
2026-09-08T21:38:36.770Z INFO webdriver: RESULT { status: 'pending' }
2026-09-08T21:38:36.864Z DEBUG @wdio/utils:shim: Finished to run "beforeCommand" hook in 0ms
2026-09-08T21:38:36.864Z DEBUG @wdio/utils:shim: Finished to run "beforeCommand" hook in 0ms
2026-09-08T21:38:36.864Z INFO webdriver: COMMAND executeScript(<fn>, <object>)
2026-09-08T21:38:36.865Z INFO webdriver: [POST] http://127.0.0.1:4459/session/73d1ae20-d07b-4899-bca8-5e3083d4ce91/execute/sync
2026-09-08T21:38:36.865Z INFO webdriver: DATA {"script":"\n            function webdriverioPolyfill() {\n  var __defProp = Object.defineProperty;\n  var __name = function(target, _value) {\n    return __defProp(target, \"name\", { value: _value, configurable: true });\n  };\n  var __globalThis = typeof globalThis === \"object\" && globalThis || typeof window === \"object\" && window;\n  __globalThis.__name = __name;\n}\n            webdriverioPolyfill();\n            return (id=>window.__AIO_E2E_TAURI_RESULTS__?.[id]).apply(null, arguments)\n        ","args":["tauri-command-1788903516755-22"]}
2026-09-08T21:38:36.871Z INFO webdriver: RESULT { status: 'pending' }
2026-09-08T21:38:36.963Z DEBUG @wdio/utils:shim: Finished to run "beforeCommand" hook in 0ms
2026-09-08T21:38:36.963Z DEBUG @wdio/utils:shim: Finished to run "beforeCommand" hook in 0ms
2026-09-08T21:38:36.963Z INFO webdriver: COMMAND executeScript(<fn>, <object>)
2026-09-08T21:38:36.963Z INFO webdriver: [POST] http://127.0.0.1:4459/session/73d1ae20-d07b-4899-bca8-5e3083d4ce91/execute/sync
2026-09-08T21:38:36.963Z INFO webdriver: DATA {"script":"\n            function webdriverioPolyfill() {\n  var __defProp = Object.defineProperty;\n  var __name = function(target, _value) {\n    return __defProp(target, \"name\", { value: _value, configurable: true });\n  };\n  var __globalThis = typeof globalThis === \"object\" && globalThis || typeof window === \"object\" && window;\n  __globalThis.__name = __name;\n}\n            webdriverioPolyfill();\n            return (id=>window.__AIO_E2E_TAURI_RESULTS__?.[id]).apply(null, arguments)\n        ","args":["tauri-command-1788903516755-22"]}
2026-09-08T21:38:36.971Z INFO webdriver: RESULT { status: 'pending' }
2026-09-08T21:38:37.063Z DEBUG @wdio/utils:shim: Finished to run "beforeCommand" hook in 0ms
2026-09-08T21:38:37.063Z DEBUG @wdio/utils:shim: Finished to run "beforeCommand" hook in 0ms
2026-09-08T21:38:37.063Z INFO webdriver: COMMAND executeScript(<fn>, <object>)
2026-09-08T21:38:37.063Z INFO webdriver: [POST] http://127.0.0.1:4459/session/73d1ae20-d07b-4899-bca8-5e3083d4ce91/execute/sync
2026-09-08T21:38:37.063Z INFO webdriver: DATA {"script":"\n            function webdriverioPolyfill() {\n  var __defProp = Object.defineProperty;\n  var __name = function(target, _value) {\n    return __defProp(target, \"name\", { value: _value, configurable: true });\n  };\n  var __globalThis = typeof globalThis === \"object\" && globalThis || typeof window === \"object\" && window;\n  __globalThis.__name = __name;\n}\n            webdriverioPolyfill();\n            return (id=>window.__AIO_E2E_TAURI_RESULTS__?.[id]).apply(null, arguments)\n        ","args":["tauri-command-1788903516755-22"]}
2026-09-08T21:38:37.070Z INFO webdriver: RESULT { status: 'pending' }
2026-09-08T21:38:37.163Z DEBUG @wdio/utils:shim: Finished to run "beforeCommand" hook in 0ms
2026-09-08T21:38:37.163Z DEBUG @wdio/utils:shim: Finished to run "beforeCommand" hook in 0ms
2026-09-08T21:38:37.163Z INFO webdriver: COMMAND executeScript(<fn>, <object>)
2026-09-08T21:38:37.163Z INFO webdriver: [POST] http://127.0.0.1:4459/session/73d1ae20-d07b-4899-bca8-5e3083d4ce91/execute/sync
2026-09-08T21:38:37.163Z INFO webdriver: DATA {"script":"\n            function webdriverioPolyfill() {\n  var __defProp = Object.defineProperty;\n  var __name = function(target, _value) {\n    return __defProp(target, \"name\", { value: _value, configurable: true });\n  };\n  var __globalThis = typeof globalThis === \"object\" && globalThis || typeof window === \"object\" && window;\n  __globalThis.__name = __name;\n}\n            webdriverioPolyfill();\n            return (id=>window.__AIO_E2E_TAURI_RESULTS__?.[id]).apply(null, arguments)\n        ","args":["tauri-command-1788903516755-22"]}
2026-09-08T21:38:37.169Z INFO webdriver: RESULT { status: 'pending' }
2026-09-08T21:38:37.262Z DEBUG @wdio/utils:shim: Finished to run "beforeCommand" hook in 0ms
2026-09-08T21:38:37.263Z DEBUG @wdio/utils:shim: Finished to run "beforeCommand" hook in 0ms
2026-09-08T21:38:37.263Z INFO webdriver: COMMAND executeScript(<fn>, <object>)
2026-09-08T21:38:37.263Z INFO webdriver: [POST] http://127.0.0.1:4459/session/73d1ae20-d07b-4899-bca8-5e3083d4ce91/execute/sync
2026-09-08T21:38:37.263Z INFO webdriver: DATA {"script":"\n            function webdriverioPolyfill() {\n  var __defProp = Object.defineProperty;\n  var __name = function(target, _value) {\n    return __defProp(target, \"name\", { value: _value, configurable: true });\n  };\n  var __globalThis = typeof globalThis === \"object\" && globalThis || typeof window === \"object\" && window;\n  __globalThis.__name = __name;\n}\n            webdriverioPolyfill();\n            return (id=>window.__AIO_E2E_TAURI_RESULTS__?.[id]).apply(null, arguments)\n        ","args":["tauri-command-1788903516755-22"]}
2026-09-08T21:38:37.271Z INFO webdriver: RESULT { status: 'pending' }
2026-09-08T21:38:37.361Z DEBUG @wdio/utils:shim: Finished to run "beforeCommand" hook in 0ms
2026-09-08T21:38:37.362Z DEBUG @wdio/utils:shim: Finished to run "beforeCommand" hook in 0ms
2026-09-08T21:38:37.362Z INFO webdriver: COMMAND executeScript(<fn>, <object>)
2026-09-08T21:38:37.362Z INFO webdriver: [POST] http://127.0.0.1:4459/session/73d1ae20-d07b-4899-bca8-5e3083d4ce91/execute/sync
2026-09-08T21:38:37.362Z INFO webdriver: DATA {"script":"\n            function webdriverioPolyfill() {\n  var __defProp = Object.defineProperty;\n  var __name = function(target, _value) {\n    return __defProp(target, \"name\", { value: _value, configurable: true });\n  };\n  var __globalThis = typeof globalThis === \"object\" && globalThis || typeof window === \"object\" && window;\n  __globalThis.__name = __name;\n}\n            webdriverioPolyfill();\n            return (id=>window.__AIO_E2E_TAURI_RESULTS__?.[id]).apply(null, arguments)\n        ","args":["tauri-command-1788903516755-22"]}
2026-09-08T21:38:37.370Z INFO webdriver: RESULT { status: 'pending' }
2026-09-08T21:38:37.463Z DEBUG @wdio/utils:shim: Finished to run "beforeCommand" hook in 0ms
2026-09-08T21:38:37.463Z DEBUG @wdio/utils:shim: Finished to run "beforeCommand" hook in 0ms
2026-09-08T21:38:37.463Z INFO webdriver: COMMAND executeScript(<fn>, <object>)
2026-09-08T21:38:37.463Z INFO webdriver: [POST] http://127.0.0.1:4459/session/73d1ae20-d07b-4899-bca8-5e3083d4ce91/execute/sync
2026-09-08T21:38:37.463Z INFO webdriver: DATA {"script":"\n            function webdriverioPolyfill() {\n  var __defProp = Object.defineProperty;\n  var __name = function(target, _value) {\n    return __defProp(target, \"name\", { value: _value, configurable: true });\n  };\n  var __globalThis = typeof globalThis === \"object\" && globalThis || typeof window === \"object\" && window;\n  __globalThis.__name = __name;\n}\n            webdriverioPolyfill();\n            return (id=>window.__AIO_E2E_TAURI_RESULTS__?.[id]).apply(null, arguments)\n        ","args":["tauri-command-1788903516755-22"]}
2026-09-08T21:38:37.470Z INFO webdriver: RESULT { status: 'pending' }
2026-09-08T21:38:37.562Z DEBUG @wdio/utils:shim: Finished to run "beforeCommand" hook in 1ms
2026-09-08T21:38:37.562Z DEBUG @wdio/utils:shim: Finished to run "beforeCommand" hook in 0ms
2026-09-08T21:38:37.562Z INFO webdriver: COMMAND executeScript(<fn>, <object>)
2026-09-08T21:38:37.562Z INFO webdriver: [POST] http://127.0.0.1:4459/session/73d1ae20-d07b-4899-bca8-5e3083d4ce91/execute/sync
2026-09-08T21:38:37.562Z INFO webdriver: DATA {"script":"\n            function webdriverioPolyfill() {\n  var __defProp = Object.defineProperty;\n  var __name = function(target, _value) {\n    return __defProp(target, \"name\", { value: _value, configurable: true });\n  };\n  var __globalThis = typeof globalThis === \"object\" && globalThis || typeof window === \"object\" && window;\n  __globalThis.__name = __name;\n}\n            webdriverioPolyfill();\n            return (id=>window.__AIO_E2E_TAURI_RESULTS__?.[id]).apply(null, arguments)\n        ","args":["tauri-command-1788903516755-22"]}
2026-09-08T21:38:37.569Z INFO webdriver: RESULT { status: 'pending' }
2026-09-08T21:38:37.662Z DEBUG @wdio/utils:shim: Finished to run "beforeCommand" hook in 0ms
2026-09-08T21:38:37.663Z DEBUG @wdio/utils:shim: Finished to run "beforeCommand" hook in 0ms
2026-09-08T21:38:37.663Z INFO webdriver: COMMAND executeScript(<fn>, <object>)
2026-09-08T21:38:37.663Z INFO webdriver: [POST] http://127.0.0.1:4459/session/73d1ae20-d07b-4899-bca8-5e3083d4ce91/execute/sync
2026-09-08T21:38:37.663Z INFO webdriver: DATA {"script":"\n            function webdriverioPolyfill() {\n  var __defProp = Object.defineProperty;\n  var __name = function(target, _value) {\n    return __defProp(target, \"name\", { value: _value, configurable: true });\n  };\n  var __globalThis = typeof globalThis === \"object\" && globalThis || typeof window === \"object\" && window;\n  __globalThis.__name = __name;\n}\n            webdriverioPolyfill();\n            return (id=>window.__AIO_E2E_TAURI_RESULTS__?.[id]).apply(null, arguments)\n        ","args":["tauri-command-1788903516755-22"]}
2026-09-08T21:38:37.671Z INFO webdriver: RESULT { status: 'pending' }
2026-09-08T21:38:37.762Z DEBUG @wdio/utils:shim: Finished to run "beforeCommand" hook in 0ms
2026-09-08T21:38:37.762Z DEBUG @wdio/utils:shim: Finished to run "beforeCommand" hook in 0ms
2026-09-08T21:38:37.763Z INFO webdriver: COMMAND executeScript(<fn>, <object>)
2026-09-08T21:38:37.763Z INFO webdriver: [POST] http://127.0.0.1:4459/session/73d1ae20-d07b-4899-bca8-5e3083d4ce91/execute/sync
2026-09-08T21:38:37.763Z INFO webdriver: DATA {"script":"\n            function webdriverioPolyfill() {\n  var __defProp = Object.defineProperty;\n  var __name = function(target, _value) {\n    return __defProp(target, \"name\", { value: _value, configurable: true });\n  };\n  var __globalThis = typeof globalThis === \"object\" && globalThis || typeof window === \"object\" && window;\n  __globalThis.__name = __name;\n}\n            webdriverioPolyfill();\n            return (id=>window.__AIO_E2E_TAURI_RESULTS__?.[id]).apply(null, arguments)\n        ","args":["tauri-command-1788903516755-22"]}
2026-09-08T21:38:37.771Z INFO webdriver: RESULT { status: 'pending' }
2026-09-08T21:38:37.863Z DEBUG @wdio/utils:shim: Finished to run "beforeCommand" hook in 0ms
2026-09-08T21:38:37.863Z DEBUG @wdio/utils:shim: Finished to run "beforeCommand" hook in 0ms
2026-09-08T21:38:37.863Z INFO webdriver: COMMAND executeScript(<fn>, <object>)
2026-09-08T21:38:37.863Z INFO webdriver: [POST] http://127.0.0.1:4459/session/73d1ae20-d07b-4899-bca8-5e3083d4ce91/execute/sync
2026-09-08T21:38:37.864Z INFO webdriver: DATA {"script":"\n            function webdriverioPolyfill() {\n  var __defProp = Object.defineProperty;\n  var __name = function(target, _value) {\n    return __defProp(target, \"name\", { value: _value, configurable: true });\n  };\n  var __globalThis = typeof globalThis === \"object\" && globalThis || typeof window === \"object\" && window;\n  __globalThis.__name = __name;\n}\n            webdriverioPolyfill();\n            return (id=>window.__AIO_E2E_TAURI_RESULTS__?.[id]).apply(null, arguments)\n        ","args":["tauri-command-1788903516755-22"]}
2026-09-08T21:38:37.871Z INFO webdriver: RESULT { status: 'pending' }
2026-09-08T21:38:37.965Z DEBUG @wdio/utils:shim: Finished to run "beforeCommand" hook in 0ms
2026-09-08T21:38:37.965Z DEBUG @wdio/utils:shim: Finished to run "beforeCommand" hook in 0ms
2026-09-08T21:38:37.965Z INFO webdriver: COMMAND executeScript(<fn>, <object>)
2026-09-08T21:38:37.966Z INFO webdriver: [POST] http://127.0.0.1:4459/session/73d1ae20-d07b-4899-bca8-5e3083d4ce91/execute/sync
2026-09-08T21:38:37.966Z INFO webdriver: DATA {"script":"\n            function webdriverioPolyfill() {\n  var __defProp = Object.defineProperty;\n  var __name = function(target, _value) {\n    return __defProp(target, \"name\", { value: _value, configurable: true });\n  };\n  var __globalThis = typeof globalThis === \"object\" && globalThis || typeof window === \"object\" && window;\n  __globalThis.__name = __name;\n}\n            webdriverioPolyfill();\n            return (id=>window.__AIO_E2E_TAURI_RESULTS__?.[id]).apply(null, arguments)\n        ","args":["tauri-command-1788903516755-22"]}
2026-09-08T21:38:37.974Z INFO webdriver: RESULT { status: 'pending' }
2026-09-08T21:38:38.064Z DEBUG @wdio/utils:shim: Finished to run "beforeCommand" hook in 0ms
2026-09-08T21:38:38.064Z DEBUG @wdio/utils:shim: Finished to run "beforeCommand" hook in 0ms
2026-09-08T21:38:38.064Z INFO webdriver: COMMAND executeScript(<fn>, <object>)
2026-09-08T21:38:38.064Z INFO webdriver: [POST] http://127.0.0.1:4459/session/73d1ae20-d07b-4899-bca8-5e3083d4ce91/execute/sync
2026-09-08T21:38:38.064Z INFO webdriver: DATA {"script":"\n            function webdriverioPolyfill() {\n  var __defProp = Object.defineProperty;\n  var __name = function(target, _value) {\n    return __defProp(target, \"name\", { value: _value, configurable: true });\n  };\n  var __globalThis = typeof globalThis === \"object\" && globalThis || typeof window === \"object\" && window;\n  __globalThis.__name = __name;\n}\n            webdriverioPolyfill();\n            return (id=>window.__AIO_E2E_TAURI_RESULTS__?.[id]).apply(null, arguments)\n        ","args":["tauri-command-1788903516755-22"]}
2026-09-08T21:38:38.074Z INFO webdriver: RESULT { status: 'pending' }
2026-09-08T21:38:38.163Z DEBUG @wdio/utils:shim: Finished to run "beforeCommand" hook in 0ms
2026-09-08T21:38:38.163Z DEBUG @wdio/utils:shim: Finished to run "beforeCommand" hook in 0ms
2026-09-08T21:38:38.163Z INFO webdriver: COMMAND executeScript(<fn>, <object>)
2026-09-08T21:38:38.163Z INFO webdriver: [POST] http://127.0.0.1:4459/session/73d1ae20-d07b-4899-bca8-5e3083d4ce91/execute/sync
2026-09-08T21:38:38.163Z INFO webdriver: DATA {"script":"\n            function webdriverioPolyfill() {\n  var __defProp = Object.defineProperty;\n  var __name = function(target, _value) {\n    return __defProp(target, \"name\", { value: _value, configurable: true });\n  };\n  var __globalThis = typeof globalThis === \"object\" && globalThis || typeof window === \"object\" && window;\n  __globalThis.__name = __name;\n}\n            webdriverioPolyfill();\n            return (id=>window.__AIO_E2E_TAURI_RESULTS__?.[id]).apply(null, arguments)\n        ","args":["tauri-command-1788903516755-22"]}
2026-09-08T21:38:38.171Z INFO webdriver: RESULT { status: 'pending' }
2026-09-08T21:38:38.263Z DEBUG @wdio/utils:shim: Finished to run "beforeCommand" hook in 0ms
2026-09-08T21:38:38.263Z DEBUG @wdio/utils:shim: Finished to run "beforeCommand" hook in 0ms
2026-09-08T21:38:38.263Z INFO webdriver: COMMAND executeScript(<fn>, <object>)
2026-09-08T21:38:38.264Z INFO webdriver: [POST] http://127.0.0.1:4459/session/73d1ae20-d07b-4899-bca8-5e3083d4ce91/execute/sync
2026-09-08T21:38:38.264Z INFO webdriver: DATA {"script":"\n            function webdriverioPolyfill() {\n  var __defProp = Object.defineProperty;\n  var __name = function(target, _value) {\n    return __defProp(target, \"name\", { value: _value, configurable: true });\n  };\n  var __globalThis = typeof globalThis === \"object\" && globalThis || typeof window === \"object\" && window;\n  __globalThis.__name = __name;\n}\n            webdriverioPolyfill();\n            return (id=>window.__AIO_E2E_TAURI_RESULTS__?.[id]).apply(null, arguments)\n        ","args":["tauri-command-1788903516755-22"]}
2026-09-08T21:38:38.270Z INFO webdriver: RESULT { status: 'pending' }
2026-09-08T21:38:38.362Z DEBUG @wdio/utils:shim: Finished to run "beforeCommand" hook in 0ms
2026-09-08T21:38:38.362Z DEBUG @wdio/utils:shim: Finished to run "beforeCommand" hook in 0ms
2026-09-08T21:38:38.362Z INFO webdriver: COMMAND executeScript(<fn>, <object>)
2026-09-08T21:38:38.363Z INFO webdriver: [POST] http://127.0.0.1:4459/session/73d1ae20-d07b-4899-bca8-5e3083d4ce91/execute/sync
2026-09-08T21:38:38.363Z INFO webdriver: DATA {"script":"\n            function webdriverioPolyfill() {\n  var __defProp = Object.defineProperty;\n  var __name = function(target, _value) {\n    return __defProp(target, \"name\", { value: _value, configurable: true });\n  };\n  var __globalThis = typeof globalThis === \"object\" && globalThis || typeof window === \"object\" && window;\n  __globalThis.__name = __name;\n}\n            webdriverioPolyfill();\n            return (id=>window.__AIO_E2E_TAURI_RESULTS__?.[id]).apply(null, arguments)\n        ","args":["tauri-command-1788903516755-22"]}
2026-09-08T21:38:38.371Z INFO webdriver: RESULT { status: 'pending' }
2026-09-08T21:38:38.462Z DEBUG @wdio/utils:shim: Finished to run "beforeCommand" hook in 0ms
2026-09-08T21:38:38.463Z DEBUG @wdio/utils:shim: Finished to run "beforeCommand" hook in 0ms
2026-09-08T21:38:38.463Z INFO webdriver: COMMAND executeScript(<fn>, <object>)
2026-09-08T21:38:38.463Z INFO webdriver: [POST] http://127.0.0.1:4459/session/73d1ae20-d07b-4899-bca8-5e3083d4ce91/execute/sync
2026-09-08T21:38:38.463Z INFO webdriver: DATA {"script":"\n            function webdriverioPolyfill() {\n  var __defProp = Object.defineProperty;\n  var __name = function(target, _value) {\n    return __defProp(target, \"name\", { value: _value, configurable: true });\n  };\n  var __globalThis = typeof globalThis === \"object\" && globalThis || typeof window === \"object\" && window;\n  __globalThis.__name = __name;\n}\n            webdriverioPolyfill();\n            return (id=>window.__AIO_E2E_TAURI_RESULTS__?.[id]).apply(null, arguments)\n        ","args":["tauri-command-1788903516755-22"]}
2026-09-08T21:38:38.473Z INFO webdriver: RESULT {
  status: 'resolved',
  value: '{"data":{"capabilities":["attachment.limits","interaction.approval","session","session.cancel","session.create","session.fork","session.history","session.list","session.open","session.rename","session.resume","session.search","session.select-model","session.snapshot","session.submit-prompt","session.subscribe","session.update-queue","snapshot","terminal.close","terminal.open","terminal.read","terminal.send","workspace.archive-session","workspace.create","workspace.delete","workspace.follow","workspace.rename"],"contractHash":"96af8af6cdb538da2cd13c53eb4dd640f0ca233aab68b209d82fc744e01da519","domainGenerationId":"dsh-generation-5380-1788903516657536100-1","sandbox":{"backend":"restricted-token","level":"full"},"state":"ready"},"id":1,"type":"result"}'
}
2026-09-08T21:38:38.474Z DEBUG @wdio/utils:shim: Finished to run "beforeCommand" hook in 0ms
2026-09-08T21:38:38.474Z DEBUG @wdio/utils:shim: Finished to run "beforeCommand" hook in 0ms
2026-09-08T21:38:38.474Z INFO webdriver: COMMAND executeScript(<fn>, <object>)
2026-09-08T21:38:38.474Z INFO webdriver: [POST] http://127.0.0.1:4459/session/73d1ae20-d07b-4899-bca8-5e3083d4ce91/execute/sync
2026-09-08T21:38:38.474Z INFO webdriver: DATA {"script":"\n            function webdriverioPolyfill() {\n  var __defProp = Object.defineProperty;\n  var __name = function(target, _value) {\n    return __defProp(target, \"name\", { value: _value, configurable: true });\n  };\n  var __globalThis = typeof globalThis === \"object\" && globalThis || typeof window === \"object\" && window;\n  __globalThis.__name = __name;\n}\n            webdriverioPolyfill();\n            return (id=>{const results=window.__AIO_E2E_TAURI_RESULTS__;const value=results?.[id];if(results)delete results[id];return value}).apply(null, arguments)\n        ","args":["tauri-command-1788903516755-22"]}
2026-09-08T21:38:38.481Z INFO webdriver: RESULT {
  status: 'resolved',
  value: '{"data":{"capabilities":["attachment.limits","interaction.approval","session","session.cancel","session.create","session.fork","session.history","session.list","session.open","session.rename","session.resume","session.search","session.select-model","session.snapshot","session.submit-prompt","session.subscribe","session.update-queue","snapshot","terminal.close","terminal.open","terminal.read","terminal.send","workspace.archive-session","workspace.create","workspace.delete","workspace.follow","workspace.rename"],"contractHash":"96af8af6cdb538da2cd13c53eb4dd640f0ca233aab68b209d82fc744e01da519","domainGenerationId":"dsh-generation-5380-1788903516657536100-1","sandbox":{"backend":"restricted-token","level":"full"},"state":"ready"},"id":1,"type":"result"}'
}
2026-09-08T21:38:38.481Z DEBUG @wdio/utils:shim: Finished to run "beforeCommand" hook in 0ms
2026-09-08T21:38:38.482Z DEBUG @wdio/utils:shim: Finished to run "beforeCommand" hook in 0ms
2026-09-08T21:38:38.482Z INFO webdriver: COMMAND executeScript(<fn>, <object>)
2026-09-08T21:38:38.482Z INFO webdriver: [POST] http://127.0.0.1:4459/session/73d1ae20-d07b-4899-bca8-5e3083d4ce91/execute/sync
2026-09-08T21:38:38.482Z INFO webdriver: DATA {"script":"\n            function webdriverioPolyfill() {\n  var __defProp = Object.defineProperty;\n  var __name = function(target, _value) {\n    return __defProp(target, \"name\", { value: _value, configurable: true });\n  };\n  var __globalThis = typeof globalThis === \"object\" && globalThis || typeof window === \"object\" && window;\n  __globalThis.__name = __name;\n}\n            webdriverioPolyfill();\n            return (()=>{const isVisible=__name(element=>{const style=window.getComputedStyle(element);return style.display!==\"none\"&&style.visibility!==\"hidden\"},\"isVisible\");const editorCancel=document.querySelector('[data-testid=\"agent-editor-cancel\"]');if(editorCancel&&isVisible(editorCancel))editorCancel.click();for(const closeButton of document.querySelectorAll(\".base-dialog-backdrop .dialog-close-btn\")){if(isVisible(closeButton))closeButton.click()}document.dispatchEvent(new KeyboardEvent(\"keydown\",{key:\"Escape\",bubbles:true}))}).apply(null, arguments)\n        ","args":[]}
2026-09-08T21:38:38.488Z INFO webdriver: RESULT null
2026-09-08T21:38:38.488Z DEBUG @wdio/utils:shim: Finished to run "beforeCommand" hook in 0ms
2026-09-08T21:38:38.489Z DEBUG @wdio/utils:shim: Finished to run "beforeCommand" hook in 0ms
2026-09-08T21:38:38.489Z DEBUG @wdio/utils:shim: Finished to run "beforeCommand" hook in 0ms
2026-09-08T21:38:38.489Z INFO webdriver: COMMAND executeScript(<fn>, <object>)
2026-09-08T21:38:38.489Z INFO webdriver: [POST] http://127.0.0.1:4459/session/73d1ae20-d07b-4899-bca8-5e3083d4ce91/execute/sync
2026-09-08T21:38:38.489Z INFO webdriver: DATA {"script":"\n            function webdriverioPolyfill() {\n  var __defProp = Object.defineProperty;\n  var __name = function(target, _value) {\n    return __defProp(target, \"name\", { value: _value, configurable: true });\n  };\n  var __globalThis = typeof globalThis === \"object\" && globalThis || typeof window === \"object\" && window;\n  __globalThis.__name = __name;\n}\n            webdriverioPolyfill();\n            return (()=>{const isVisible=__name(element=>{const style=window.getComputedStyle(element);return style.display!==\"none\"&&style.visibility!==\"hidden\"},\"isVisible\");return Array.from(document.querySelectorAll(\".base-dialog-backdrop\")).some(isVisible)}).apply(null, arguments)\n        ","args":[]}
2026-09-08T21:38:38.495Z INFO webdriver: RESULT false
2026-09-08T21:38:38.496Z DEBUG @wdio/utils:shim: Finished to run "afterTest" hook in 15ms
2026-09-08T21:38:38.496Z DEBUG @wdio/utils:shim: Finished to run "beforeTest" hook in 0ms
2026-09-08T21:38:38.938Z DEBUG @wdio/utils:shim: Finished to run "beforeCommand" hook in 0ms
2026-09-08T21:38:38.939Z DEBUG @wdio/utils:shim: Finished to run "beforeCommand" hook in 0ms
2026-09-08T21:38:38.939Z DEBUG @wdio/utils:shim: Finished to run "beforeCommand" hook in 0ms
2026-09-08T21:38:38.939Z INFO webdriver: COMMAND executeScript(<fn>, <object>)
2026-09-08T21:38:38.939Z INFO webdriver: [POST] http://127.0.0.1:4459/session/73d1ae20-d07b-4899-bca8-5e3083d4ce91/execute/sync
2026-09-08T21:38:38.939Z INFO webdriver: DATA {"script":"\n            function webdriverioPolyfill() {\n  var __defProp = Object.defineProperty;\n  var __name = function(target, _value) {\n    return __defProp(target, \"name\", { value: _value, configurable: true });\n  };\n  var __globalThis = typeof globalThis === \"object\" && globalThis || typeof window === \"object\" && window;\n  __globalThis.__name = __name;\n}\n            webdriverioPolyfill();\n            return (()=>!!window.__TAURI_INTERNALS__).apply(null, arguments)\n        ","args":[]}
2026-09-08T21:38:38.946Z INFO webdriver: RESULT true
2026-09-08T21:38:38.946Z DEBUG @wdio/utils:shim: Finished to run "beforeCommand" hook in 0ms
2026-09-08T21:38:38.946Z DEBUG @wdio/utils:shim: Finished to run "beforeCommand" hook in 0ms
2026-09-08T21:38:38.947Z INFO webdriver: COMMAND executeScript(<fn>, <object>)
2026-09-08T21:38:38.947Z INFO webdriver: [POST] http://127.0.0.1:4459/session/73d1ae20-d07b-4899-bca8-5e3083d4ce91/execute/sync
2026-09-08T21:38:38.947Z INFO webdriver: DATA {"script":"\n            function webdriverioPolyfill() {\n  var __defProp = Object.defineProperty;\n  var __name = function(target, _value) {\n    return __defProp(target, \"name\", { value: _value, configurable: true });\n  };\n  var __globalThis = typeof globalThis === \"object\" && globalThis || typeof window === \"object\" && window;\n  __globalThis.__name = __name;\n}\n            webdriverioPolyfill();\n            return ((id,commandName,commandArgs)=>{const e2eWindow=window;const results=e2eWindow.__AIO_E2E_TAURI_RESULTS__??={};const bridge=e2eWindow.__TAURI_INTERNALS__;if(!bridge){results[id]={status:\"failed\",error:\"Tauri IPC internals are unavailable in the E2E window.\"};return}results[id]={status:\"pending\"};void bridge.invoke(commandName,commandArgs).then(value=>{results[id]={status:\"resolved\",value}}).catch(error=>{results[id]={status:\"failed\",error:String(error)}})}).apply(null, arguments)\n        ","args":["tauri-command-1788903518946-23","stage_plugin_upgrade_from_zip",{"zipPath":"D:\\a\\aio-hub\\aio-hub\\.e2e-artifacts\\dsh-native\\runtime-corrupt-upgrade.zip"}]}
2026-09-08T21:38:38.954Z INFO webdriver: RESULT null
2026-09-08T21:38:38.954Z DEBUG @wdio/utils:shim: Finished to run "beforeCommand" hook in 0ms
2026-09-08T21:38:38.954Z DEBUG @wdio/utils:shim: Finished to run "beforeCommand" hook in 0ms
2026-09-08T21:38:38.955Z DEBUG @wdio/utils:shim: Finished to run "beforeCommand" hook in 0ms
2026-09-08T21:38:38.955Z INFO webdriver: COMMAND executeScript(<fn>, <object>)
2026-09-08T21:38:38.955Z INFO webdriver: [POST] http://127.0.0.1:4459/session/73d1ae20-d07b-4899-bca8-5e3083d4ce91/execute/sync
2026-09-08T21:38:38.955Z INFO webdriver: DATA {"script":"\n            function webdriverioPolyfill() {\n  var __defProp = Object.defineProperty;\n  var __name = function(target, _value) {\n    return __defProp(target, \"name\", { value: _value, configurable: true });\n  };\n  var __globalThis = typeof globalThis === \"object\" && globalThis || typeof window === \"object\" && window;\n  __globalThis.__name = __name;\n}\n            webdriverioPolyfill();\n            return (id=>window.__AIO_E2E_TAURI_RESULTS__?.[id]).apply(null, arguments)\n        ","args":["tauri-command-1788903518946-23"]}
2026-09-08T21:38:38.969Z INFO webdriver: RESULT { status: 'pending' }
2026-09-08T21:38:39.055Z DEBUG @wdio/utils:shim: Finished to run "beforeCommand" hook in 0ms
2026-09-08T21:38:39.055Z DEBUG @wdio/utils:shim: Finished to run "beforeCommand" hook in 0ms
2026-09-08T21:38:39.056Z INFO webdriver: COMMAND executeScript(<fn>, <object>)
2026-09-08T21:38:39.056Z INFO webdriver: [POST] http://127.0.0.1:4459/session/73d1ae20-d07b-4899-bca8-5e3083d4ce91/execute/sync
2026-09-08T21:38:39.056Z INFO webdriver: DATA {"script":"\n            function webdriverioPolyfill() {\n  var __defProp = Object.defineProperty;\n  var __name = function(target, _value) {\n    return __defProp(target, \"name\", { value: _value, configurable: true });\n  };\n  var __globalThis = typeof globalThis === \"object\" && globalThis || typeof window === \"object\" && window;\n  __globalThis.__name = __name;\n}\n            webdriverioPolyfill();\n            return (id=>window.__AIO_E2E_TAURI_RESULTS__?.[id]).apply(null, arguments)\n        ","args":["tauri-command-1788903518946-23"]}
2026-09-08T21:38:39.062Z INFO webdriver: RESULT {
  status: 'resolved',
  value: {
    candidatePath: 'D:\\a\\aio-hub\\aio-hub\\.e2e-data\\dsh-native\\plugin-upgrade-staging\\f0ff4ca7-5f17-4dff-a342-ff50e546d45e\\candidate',
    currentPath: 'D:\\a\\aio-hub\\aio-hub\\.e2e-data\\dsh-native\\plugins\\dsh-coding-workspace',
    pluginId: 'dsh-coding-workspace',
    pluginName: 'Coding工作站',
    probePluginId: 'dsh-coding-workspace-upgrade-probe-f0ff4ca7-5f17-4dff-a342-ff50e546d45e',
    transactionId: 'f0ff4ca7-5f17-4dff-a342-ff50e546d45e',
    version: '0.1.0'
  }
}
2026-09-08T21:38:39.063Z DEBUG @wdio/utils:shim: Finished to run "beforeCommand" hook in 0ms
2026-09-08T21:38:39.063Z DEBUG @wdio/utils:shim: Finished to run "beforeCommand" hook in 0ms
2026-09-08T21:38:39.063Z INFO webdriver: COMMAND executeScript(<fn>, <object>)
2026-09-08T21:38:39.063Z INFO webdriver: [POST] http://127.0.0.1:4459/session/73d1ae20-d07b-4899-bca8-5e3083d4ce91/execute/sync
2026-09-08T21:38:39.063Z INFO webdriver: DATA {"script":"\n            function webdriverioPolyfill() {\n  var __defProp = Object.defineProperty;\n  var __name = function(target, _value) {\n    return __defProp(target, \"name\", { value: _value, configurable: true });\n  };\n  var __globalThis = typeof globalThis === \"object\" && globalThis || typeof window === \"object\" && window;\n  __globalThis.__name = __name;\n}\n            webdriverioPolyfill();\n            return (id=>{const results=window.__AIO_E2E_TAURI_RESULTS__;const value=results?.[id];if(results)delete results[id];return value}).apply(null, arguments)\n        ","args":["tauri-command-1788903518946-23"]}
2026-09-08T21:38:39.068Z INFO webdriver: RESULT {
  status: 'resolved',
  value: {
    candidatePath: 'D:\\a\\aio-hub\\aio-hub\\.e2e-data\\dsh-native\\plugin-upgrade-staging\\f0ff4ca7-5f17-4dff-a342-ff50e546d45e\\candidate',
    currentPath: 'D:\\a\\aio-hub\\aio-hub\\.e2e-data\\dsh-native\\plugins\\dsh-coding-workspace',
    pluginId: 'dsh-coding-workspace',
    pluginName: 'Coding工作站',
    probePluginId: 'dsh-coding-workspace-upgrade-probe-f0ff4ca7-5f17-4dff-a342-ff50e546d45e',
    transactionId: 'f0ff4ca7-5f17-4dff-a342-ff50e546d45e',
    version: '0.1.0'
  }
}
2026-09-08T21:38:39.068Z DEBUG @wdio/utils:shim: Finished to run "beforeCommand" hook in 0ms
2026-09-08T21:38:39.068Z DEBUG @wdio/utils:shim: Finished to run "beforeCommand" hook in 0ms
2026-09-08T21:38:39.069Z DEBUG @wdio/utils:shim: Finished to run "beforeCommand" hook in 0ms
2026-09-08T21:38:39.069Z INFO webdriver: COMMAND executeScript(<fn>, <object>)
2026-09-08T21:38:39.069Z INFO webdriver: [POST] http://127.0.0.1:4459/session/73d1ae20-d07b-4899-bca8-5e3083d4ce91/execute/sync
2026-09-08T21:38:39.069Z INFO webdriver: DATA {"script":"\n            function webdriverioPolyfill() {\n  var __defProp = Object.defineProperty;\n  var __name = function(target, _value) {\n    return __defProp(target, \"name\", { value: _value, configurable: true });\n  };\n  var __globalThis = typeof globalThis === \"object\" && globalThis || typeof window === \"object\" && window;\n  __globalThis.__name = __name;\n}\n            webdriverioPolyfill();\n            return (()=>!!window.__TAURI_INTERNALS__).apply(null, arguments)\n        ","args":[]}
2026-09-08T21:38:39.075Z INFO webdriver: RESULT true
2026-09-08T21:38:39.075Z DEBUG @wdio/utils:shim: Finished to run "beforeCommand" hook in 0ms
2026-09-08T21:38:39.076Z DEBUG @wdio/utils:shim: Finished to run "beforeCommand" hook in 0ms
2026-09-08T21:38:39.076Z INFO webdriver: COMMAND executeScript(<fn>, <object>)
2026-09-08T21:38:39.076Z INFO webdriver: [POST] http://127.0.0.1:4459/session/73d1ae20-d07b-4899-bca8-5e3083d4ce91/execute/sync
2026-09-08T21:38:39.076Z INFO webdriver: DATA {"script":"\n            function webdriverioPolyfill() {\n  var __defProp = Object.defineProperty;\n  var __name = function(target, _value) {\n    return __defProp(target, \"name\", { value: _value, configurable: true });\n  };\n  var __globalThis = typeof globalThis === \"object\" && globalThis || typeof window === \"object\" && window;\n  __globalThis.__name = __name;\n}\n            webdriverioPolyfill();\n            return ((id,commandName,commandArgs)=>{const e2eWindow=window;const results=e2eWindow.__AIO_E2E_TAURI_RESULTS__??={};const bridge=e2eWindow.__TAURI_INTERNALS__;if(!bridge){results[id]={status:\"failed\",error:\"Tauri IPC internals are unavailable in the E2E window.\"};return}results[id]={status:\"pending\"};void bridge.invoke(commandName,commandArgs).then(value=>{results[id]={status:\"resolved\",value}}).catch(error=>{results[id]={status:\"failed\",error:String(error)}})}).apply(null, arguments)\n        ","args":["tauri-command-1788903519075-24","sidecar_kill_resident",{"pluginId":"dsh-coding-workspace"}]}
2026-09-08T21:38:39.083Z INFO webdriver: RESULT null
2026-09-08T21:38:39.083Z DEBUG @wdio/utils:shim: Finished to run "beforeCommand" hook in 0ms
2026-09-08T21:38:39.083Z DEBUG @wdio/utils:shim: Finished to run "beforeCommand" hook in 0ms
2026-09-08T21:38:39.083Z DEBUG @wdio/utils:shim: Finished to run "beforeCommand" hook in 0ms
2026-09-08T21:38:39.083Z INFO webdriver: COMMAND executeScript(<fn>, <object>)
2026-09-08T21:38:39.083Z INFO webdriver: [POST] http://127.0.0.1:4459/session/73d1ae20-d07b-4899-bca8-5e3083d4ce91/execute/sync
2026-09-08T21:38:39.083Z INFO webdriver: DATA {"script":"\n            function webdriverioPolyfill() {\n  var __defProp = Object.defineProperty;\n  var __name = function(target, _value) {\n    return __defProp(target, \"name\", { value: _value, configurable: true });\n  };\n  var __globalThis = typeof globalThis === \"object\" && globalThis || typeof window === \"object\" && window;\n  __globalThis.__name = __name;\n}\n            webdriverioPolyfill();\n            return (id=>window.__AIO_E2E_TAURI_RESULTS__?.[id]).apply(null, arguments)\n        ","args":["tauri-command-1788903519075-24"]}
2026-09-08T21:38:39.092Z INFO webdriver: RESULT { status: 'pending' }
2026-09-08T21:38:39.183Z DEBUG @wdio/utils:shim: Finished to run "beforeCommand" hook in 0ms
2026-09-08T21:38:39.184Z DEBUG @wdio/utils:shim: Finished to run "beforeCommand" hook in 0ms
2026-09-08T21:38:39.184Z INFO webdriver: COMMAND executeScript(<fn>, <object>)
2026-09-08T21:38:39.184Z INFO webdriver: [POST] http://127.0.0.1:4459/session/73d1ae20-d07b-4899-bca8-5e3083d4ce91/execute/sync
2026-09-08T21:38:39.184Z INFO webdriver: DATA {"script":"\n            function webdriverioPolyfill() {\n  var __defProp = Object.defineProperty;\n  var __name = function(target, _value) {\n    return __defProp(target, \"name\", { value: _value, configurable: true });\n  };\n  var __globalThis = typeof globalThis === \"object\" && globalThis || typeof window === \"object\" && window;\n  __globalThis.__name = __name;\n}\n            webdriverioPolyfill();\n            return (id=>window.__AIO_E2E_TAURI_RESULTS__?.[id]).apply(null, arguments)\n        ","args":["tauri-command-1788903519075-24"]}
2026-09-08T21:38:39.192Z INFO webdriver: RESULT { status: 'resolved', value: null }
2026-09-08T21:38:39.193Z DEBUG @wdio/utils:shim: Finished to run "beforeCommand" hook in 0ms
2026-09-08T21:38:39.193Z DEBUG @wdio/utils:shim: Finished to run "beforeCommand" hook in 0ms
2026-09-08T21:38:39.193Z INFO webdriver: COMMAND executeScript(<fn>, <object>)
2026-09-08T21:38:39.193Z INFO webdriver: [POST] http://127.0.0.1:4459/session/73d1ae20-d07b-4899-bca8-5e3083d4ce91/execute/sync
2026-09-08T21:38:39.193Z INFO webdriver: DATA {"script":"\n            function webdriverioPolyfill() {\n  var __defProp = Object.defineProperty;\n  var __name = function(target, _value) {\n    return __defProp(target, \"name\", { value: _value, configurable: true });\n  };\n  var __globalThis = typeof globalThis === \"object\" && globalThis || typeof window === \"object\" && window;\n  __globalThis.__name = __name;\n}\n            webdriverioPolyfill();\n            return (id=>{const results=window.__AIO_E2E_TAURI_RESULTS__;const value=results?.[id];if(results)delete results[id];return value}).apply(null, arguments)\n        ","args":["tauri-command-1788903519075-24"]}
2026-09-08T21:38:39.199Z INFO webdriver: RESULT { status: 'resolved', value: null }
2026-09-08T21:38:39.200Z DEBUG @wdio/utils:shim: Finished to run "beforeCommand" hook in 0ms
2026-09-08T21:38:39.200Z DEBUG @wdio/utils:shim: Finished to run "beforeCommand" hook in 0ms
2026-09-08T21:38:39.200Z DEBUG @wdio/utils:shim: Finished to run "beforeCommand" hook in 0ms
2026-09-08T21:38:39.200Z INFO webdriver: COMMAND executeScript(<fn>, <object>)
2026-09-08T21:38:39.200Z INFO webdriver: [POST] http://127.0.0.1:4459/session/73d1ae20-d07b-4899-bca8-5e3083d4ce91/execute/sync
2026-09-08T21:38:39.200Z INFO webdriver: DATA {"script":"\n            function webdriverioPolyfill() {\n  var __defProp = Object.defineProperty;\n  var __name = function(target, _value) {\n    return __defProp(target, \"name\", { value: _value, configurable: true });\n  };\n  var __globalThis = typeof globalThis === \"object\" && globalThis || typeof window === \"object\" && window;\n  __globalThis.__name = __name;\n}\n            webdriverioPolyfill();\n            return (()=>!!window.__TAURI_INTERNALS__).apply(null, arguments)\n        ","args":[]}
2026-09-08T21:38:39.206Z INFO webdriver: RESULT true
2026-09-08T21:38:39.207Z DEBUG @wdio/utils:shim: Finished to run "beforeCommand" hook in 0ms
2026-09-08T21:38:39.207Z DEBUG @wdio/utils:shim: Finished to run "beforeCommand" hook in 0ms
2026-09-08T21:38:39.207Z INFO webdriver: COMMAND executeScript(<fn>, <object>)
2026-09-08T21:38:39.207Z INFO webdriver: [POST] http://127.0.0.1:4459/session/73d1ae20-d07b-4899-bca8-5e3083d4ce91/execute/sync
2026-09-08T21:38:39.207Z INFO webdriver: DATA {"script":"\n            function webdriverioPolyfill() {\n  var __defProp = Object.defineProperty;\n  var __name = function(target, _value) {\n    return __defProp(target, \"name\", { value: _value, configurable: true });\n  };\n  var __globalThis = typeof globalThis === \"object\" && globalThis || typeof window === \"object\" && window;\n  __globalThis.__name = __name;\n}\n            webdriverioPolyfill();\n            return ((id,commandName,commandArgs)=>{const e2eWindow=window;const results=e2eWindow.__AIO_E2E_TAURI_RESULTS__??={};const bridge=e2eWindow.__TAURI_INTERNALS__;if(!bridge){results[id]={status:\"failed\",error:\"Tauri IPC internals are unavailable in the E2E window.\"};return}results[id]={status:\"pending\"};void bridge.invoke(commandName,commandArgs).then(value=>{results[id]={status:\"resolved\",value}}).catch(error=>{results[id]={status:\"failed\",error:String(error)}})}).apply(null, arguments)\n        ","args":["tauri-command-1788903519207-25","sidecar_spawn_resident",{"pluginId":"dsh-coding-workspace-upgrade-probe-f0ff4ca7-5f17-4dff-a342-ff50e546d45e","executablePath":"D:\\a\\aio-hub\\aio-hub\\.e2e-data\\dsh-native\\plugin-upgrade-staging\\f0ff4ca7-5f17-4dff-a342-ff50e546d45e\\candidate\\bin\\win32-x64\\aio-dsh-supervisor.exe","args":[],"installPath":"D:\\a\\aio-hub\\aio-hub\\.e2e-data\\dsh-native\\plugin-upgrade-staging\\f0ff4ca7-5f17-4dff-a342-ff50e546d45e\\candidate"}]}
2026-09-08T21:38:39.215Z INFO webdriver: RESULT null
2026-09-08T21:38:39.215Z DEBUG @wdio/utils:shim: Finished to run "beforeCommand" hook in 0ms
2026-09-08T21:38:39.215Z DEBUG @wdio/utils:shim: Finished to run "beforeCommand" hook in 0ms
2026-09-08T21:38:39.215Z DEBUG @wdio/utils:shim: Finished to run "beforeCommand" hook in 0ms
2026-09-08T21:38:39.215Z INFO webdriver: COMMAND executeScript(<fn>, <object>)
2026-09-08T21:38:39.215Z INFO webdriver: [POST] http://127.0.0.1:4459/session/73d1ae20-d07b-4899-bca8-5e3083d4ce91/execute/sync
2026-09-08T21:38:39.215Z INFO webdriver: DATA {"script":"\n            function webdriverioPolyfill() {\n  var __defProp = Object.defineProperty;\n  var __name = function(target, _value) {\n    return __defProp(target, \"name\", { value: _value, configurable: true });\n  };\n  var __globalThis = typeof globalThis === \"object\" && globalThis || typeof window === \"object\" && window;\n  __globalThis.__name = __name;\n}\n            webdriverioPolyfill();\n            return (id=>window.__AIO_E2E_TAURI_RESULTS__?.[id]).apply(null, arguments)\n        ","args":["tauri-command-1788903519207-25"]}
2026-09-08T21:38:39.221Z INFO webdriver: RESULT { status: 'pending' }
2026-09-08T21:38:39.316Z DEBUG @wdio/utils:shim: Finished to run "beforeCommand" hook in 0ms
2026-09-08T21:38:39.316Z DEBUG @wdio/utils:shim: Finished to run "beforeCommand" hook in 0ms
2026-09-08T21:38:39.317Z INFO webdriver: COMMAND executeScript(<fn>, <object>)
2026-09-08T21:38:39.317Z INFO webdriver: [POST] http://127.0.0.1:4459/session/73d1ae20-d07b-4899-bca8-5e3083d4ce91/execute/sync
2026-09-08T21:38:39.317Z INFO webdriver: DATA {"script":"\n            function webdriverioPolyfill() {\n  var __defProp = Object.defineProperty;\n  var __name = function(target, _value) {\n    return __defProp(target, \"name\", { value: _value, configurable: true });\n  };\n  var __globalThis = typeof globalThis === \"object\" && globalThis || typeof window === \"object\" && window;\n  __globalThis.__name = __name;\n}\n            webdriverioPolyfill();\n            return (id=>window.__AIO_E2E_TAURI_RESULTS__?.[id]).apply(null, arguments)\n        ","args":["tauri-command-1788903519207-25"]}
2026-09-08T21:38:39.324Z INFO webdriver: RESULT { status: 'resolved', value: 'c67531b1-85c6-4cb4-8fdf-a933c296d255' }
2026-09-08T21:38:39.324Z DEBUG @wdio/utils:shim: Finished to run "beforeCommand" hook in 0ms
2026-09-08T21:38:39.324Z DEBUG @wdio/utils:shim: Finished to run "beforeCommand" hook in 0ms
2026-09-08T21:38:39.324Z INFO webdriver: COMMAND executeScript(<fn>, <object>)
2026-09-08T21:38:39.324Z INFO webdriver: [POST] http://127.0.0.1:4459/session/73d1ae20-d07b-4899-bca8-5e3083d4ce91/execute/sync
2026-09-08T21:38:39.324Z INFO webdriver: DATA {"script":"\n            function webdriverioPolyfill() {\n  var __defProp = Object.defineProperty;\n  var __name = function(target, _value) {\n    return __defProp(target, \"name\", { value: _value, configurable: true });\n  };\n  var __globalThis = typeof globalThis === \"object\" && globalThis || typeof window === \"object\" && window;\n  __globalThis.__name = __name;\n}\n            webdriverioPolyfill();\n            return (id=>{const results=window.__AIO_E2E_TAURI_RESULTS__;const value=results?.[id];if(results)delete results[id];return value}).apply(null, arguments)\n        ","args":["tauri-command-1788903519207-25"]}
2026-09-08T21:38:39.329Z INFO webdriver: RESULT { status: 'resolved', value: 'c67531b1-85c6-4cb4-8fdf-a933c296d255' }
2026-09-08T21:38:39.329Z DEBUG @wdio/utils:shim: Finished to run "beforeCommand" hook in 0ms
2026-09-08T21:38:39.329Z DEBUG @wdio/utils:shim: Finished to run "beforeCommand" hook in 0ms
2026-09-08T21:38:39.329Z DEBUG @wdio/utils:shim: Finished to run "beforeCommand" hook in 0ms
2026-09-08T21:38:39.329Z INFO webdriver: COMMAND executeScript(<fn>, <object>)
2026-09-08T21:38:39.329Z INFO webdriver: [POST] http://127.0.0.1:4459/session/73d1ae20-d07b-4899-bca8-5e3083d4ce91/execute/sync
2026-09-08T21:38:39.329Z INFO webdriver: DATA {"script":"\n            function webdriverioPolyfill() {\n  var __defProp = Object.defineProperty;\n  var __name = function(target, _value) {\n    return __defProp(target, \"name\", { value: _value, configurable: true });\n  };\n  var __globalThis = typeof globalThis === \"object\" && globalThis || typeof window === \"object\" && window;\n  __globalThis.__name = __name;\n}\n            webdriverioPolyfill();\n            return (()=>!!window.__TAURI_INTERNALS__).apply(null, arguments)\n        ","args":[]}
2026-09-08T21:38:39.335Z INFO webdriver: RESULT true
2026-09-08T21:38:39.335Z DEBUG @wdio/utils:shim: Finished to run "beforeCommand" hook in 0ms
2026-09-08T21:38:39.335Z DEBUG @wdio/utils:shim: Finished to run "beforeCommand" hook in 0ms
2026-09-08T21:38:39.335Z INFO webdriver: COMMAND executeScript(<fn>, <object>)
2026-09-08T21:38:39.335Z INFO webdriver: [POST] http://127.0.0.1:4459/session/73d1ae20-d07b-4899-bca8-5e3083d4ce91/execute/sync
2026-09-08T21:38:39.335Z INFO webdriver: DATA {"script":"\n            function webdriverioPolyfill() {\n  var __defProp = Object.defineProperty;\n  var __name = function(target, _value) {\n    return __defProp(target, \"name\", { value: _value, configurable: true });\n  };\n  var __globalThis = typeof globalThis === \"object\" && globalThis || typeof window === \"object\" && window;\n  __globalThis.__name = __name;\n}\n            webdriverioPolyfill();\n            return ((id,commandName,commandArgs)=>{const e2eWindow=window;const results=e2eWindow.__AIO_E2E_TAURI_RESULTS__??={};const bridge=e2eWindow.__TAURI_INTERNALS__;if(!bridge){results[id]={status:\"failed\",error:\"Tauri IPC internals are unavailable in the E2E window.\"};return}results[id]={status:\"pending\"};void bridge.invoke(commandName,commandArgs).then(value=>{results[id]={status:\"resolved\",value}}).catch(error=>{results[id]={status:\"failed\",error:String(error)}})}).apply(null, arguments)\n        ","args":["tauri-command-1788903519335-26","sidecar_send_command",{"pluginId":"dsh-coding-workspace-upgrade-probe-f0ff4ca7-5f17-4dff-a342-ff50e546d45e","method":"initialize","params":{"hostContext":{"apiVersion":3,"sidecarProtocolVersion":3},"provider":{"baseUrl":"http://127.0.0.1:59796","apiKey":"native-e2e-secret"}}}]}
2026-09-08T21:38:39.342Z INFO webdriver: RESULT null
2026-09-08T21:38:39.342Z DEBUG @wdio/utils:shim: Finished to run "beforeCommand" hook in 0ms
2026-09-08T21:38:39.342Z DEBUG @wdio/utils:shim: Finished to run "beforeCommand" hook in 0ms
2026-09-08T21:38:39.342Z DEBUG @wdio/utils:shim: Finished to run "beforeCommand" hook in 0ms
2026-09-08T21:38:39.342Z INFO webdriver: COMMAND executeScript(<fn>, <object>)
2026-09-08T21:38:39.342Z INFO webdriver: [POST] http://127.0.0.1:4459/session/73d1ae20-d07b-4899-bca8-5e3083d4ce91/execute/sync
2026-09-08T21:38:39.342Z INFO webdriver: DATA {"script":"\n            function webdriverioPolyfill() {\n  var __defProp = Object.defineProperty;\n  var __name = function(target, _value) {\n    return __defProp(target, \"name\", { value: _value, configurable: true });\n  };\n  var __globalThis = typeof globalThis === \"object\" && globalThis || typeof window === \"object\" && window;\n  __globalThis.__name = __name;\n}\n            webdriverioPolyfill();\n            return (id=>window.__AIO_E2E_TAURI_RESULTS__?.[id]).apply(null, arguments)\n        ","args":["tauri-command-1788903519335-26"]}
2026-09-08T21:38:39.348Z INFO webdriver: RESULT { status: 'pending' }
2026-09-08T21:38:39.443Z DEBUG @wdio/utils:shim: Finished to run "beforeCommand" hook in 0ms
2026-09-08T21:38:39.443Z DEBUG @wdio/utils:shim: Finished to run "beforeCommand" hook in 0ms
2026-09-08T21:38:39.443Z INFO webdriver: COMMAND executeScript(<fn>, <object>)
2026-09-08T21:38:39.443Z INFO webdriver: [POST] http://127.0.0.1:4459/session/73d1ae20-d07b-4899-bca8-5e3083d4ce91/execute/sync
2026-09-08T21:38:39.443Z INFO webdriver: DATA {"script":"\n            function webdriverioPolyfill() {\n  var __defProp = Object.defineProperty;\n  var __name = function(target, _value) {\n    return __defProp(target, \"name\", { value: _value, configurable: true });\n  };\n  var __globalThis = typeof globalThis === \"object\" && globalThis || typeof window === \"object\" && window;\n  __globalThis.__name = __name;\n}\n            webdriverioPolyfill();\n            return (id=>window.__AIO_E2E_TAURI_RESULTS__?.[id]).apply(null, arguments)\n        ","args":["tauri-command-1788903519335-26"]}
2026-09-08T21:38:39.450Z INFO webdriver: RESULT {
  status: 'resolved',
  value: `{"data":{"code":"host-initialize-failed","message":"io error: This version of %1 is not compatible with the version of Windows you're running. Check your computer's system information and then contact the software publisher. (os error 216)"},"id":1,"type":"error"}`
}
2026-09-08T21:38:39.451Z DEBUG @wdio/utils:shim: Finished to run "beforeCommand" hook in 0ms
2026-09-08T21:38:39.451Z DEBUG @wdio/utils:shim: Finished to run "beforeCommand" hook in 0ms
2026-09-08T21:38:39.451Z INFO webdriver: COMMAND executeScript(<fn>, <object>)
2026-09-08T21:38:39.451Z INFO webdriver: [POST] http://127.0.0.1:4459/session/73d1ae20-d07b-4899-bca8-5e3083d4ce91/execute/sync
2026-09-08T21:38:39.451Z INFO webdriver: DATA {"script":"\n            function webdriverioPolyfill() {\n  var __defProp = Object.defineProperty;\n  var __name = function(target, _value) {\n    return __defProp(target, \"name\", { value: _value, configurable: true });\n  };\n  var __globalThis = typeof globalThis === \"object\" && globalThis || typeof window === \"object\" && window;\n  __globalThis.__name = __name;\n}\n            webdriverioPolyfill();\n            return (id=>{const results=window.__AIO_E2E_TAURI_RESULTS__;const value=results?.[id];if(results)delete results[id];return value}).apply(null, arguments)\n        ","args":["tauri-command-1788903519335-26"]}
2026-09-08T21:38:39.457Z INFO webdriver: RESULT {
  status: 'resolved',
  value: `{"data":{"code":"host-initialize-failed","message":"io error: This version of %1 is not compatible with the version of Windows you're running. Check your computer's system information and then contact the software publisher. (os error 216)"},"id":1,"type":"error"}`
}
2026-09-08T21:38:39.458Z DEBUG @wdio/utils:shim: Finished to run "beforeCommand" hook in 0ms
2026-09-08T21:38:39.458Z DEBUG @wdio/utils:shim: Finished to run "beforeCommand" hook in 0ms
2026-09-08T21:38:39.458Z DEBUG @wdio/utils:shim: Finished to run "beforeCommand" hook in 0ms
2026-09-08T21:38:39.458Z INFO webdriver: COMMAND executeScript(<fn>, <object>)
2026-09-08T21:38:39.458Z INFO webdriver: [POST] http://127.0.0.1:4459/session/73d1ae20-d07b-4899-bca8-5e3083d4ce91/execute/sync
2026-09-08T21:38:39.458Z INFO webdriver: DATA {"script":"\n            function webdriverioPolyfill() {\n  var __defProp = Object.defineProperty;\n  var __name = function(target, _value) {\n    return __defProp(target, \"name\", { value: _value, configurable: true });\n  };\n  var __globalThis = typeof globalThis === \"object\" && globalThis || typeof window === \"object\" && window;\n  __globalThis.__name = __name;\n}\n            webdriverioPolyfill();\n            return (()=>!!window.__TAURI_INTERNALS__).apply(null, arguments)\n        ","args":[]}
2026-09-08T21:38:39.464Z INFO webdriver: RESULT true
2026-09-08T21:38:39.464Z DEBUG @wdio/utils:shim: Finished to run "beforeCommand" hook in 0ms
2026-09-08T21:38:39.464Z DEBUG @wdio/utils:shim: Finished to run "beforeCommand" hook in 0ms
2026-09-08T21:38:39.465Z INFO webdriver: COMMAND executeScript(<fn>, <object>)
2026-09-08T21:38:39.465Z INFO webdriver: [POST] http://127.0.0.1:4459/session/73d1ae20-d07b-4899-bca8-5e3083d4ce91/execute/sync
2026-09-08T21:38:39.465Z INFO webdriver: DATA {"script":"\n            function webdriverioPolyfill() {\n  var __defProp = Object.defineProperty;\n  var __name = function(target, _value) {\n    return __defProp(target, \"name\", { value: _value, configurable: true });\n  };\n  var __globalThis = typeof globalThis === \"object\" && globalThis || typeof window === \"object\" && window;\n  __globalThis.__name = __name;\n}\n            webdriverioPolyfill();\n            return ((id,commandName,commandArgs)=>{const e2eWindow=window;const results=e2eWindow.__AIO_E2E_TAURI_RESULTS__??={};const bridge=e2eWindow.__TAURI_INTERNALS__;if(!bridge){results[id]={status:\"failed\",error:\"Tauri IPC internals are unavailable in the E2E window.\"};return}results[id]={status:\"pending\"};void bridge.invoke(commandName,commandArgs).then(value=>{results[id]={status:\"resolved\",value}}).catch(error=>{results[id]={status:\"failed\",error:String(error)}})}).apply(null, arguments)\n        ","args":["tauri-command-1788903519464-27","sidecar_kill_resident",{"pluginId":"dsh-coding-workspace-upgrade-probe-f0ff4ca7-5f17-4dff-a342-ff50e546d45e"}]}
2026-09-08T21:38:39.471Z INFO webdriver: RESULT null
2026-09-08T21:38:39.472Z DEBUG @wdio/utils:shim: Finished to run "beforeCommand" hook in 0ms
2026-09-08T21:38:39.472Z DEBUG @wdio/utils:shim: Finished to run "beforeCommand" hook in 0ms
2026-09-08T21:38:39.472Z DEBUG @wdio/utils:shim: Finished to run "beforeCommand" hook in 0ms
2026-09-08T21:38:39.472Z INFO webdriver: COMMAND executeScript(<fn>, <object>)
2026-09-08T21:38:39.472Z INFO webdriver: [POST] http://127.0.0.1:4459/session/73d1ae20-d07b-4899-bca8-5e3083d4ce91/execute/sync
2026-09-08T21:38:39.472Z INFO webdriver: DATA {"script":"\n            function webdriverioPolyfill() {\n  var __defProp = Object.defineProperty;\n  var __name = function(target, _value) {\n    return __defProp(target, \"name\", { value: _value, configurable: true });\n  };\n  var __globalThis = typeof globalThis === \"object\" && globalThis || typeof window === \"object\" && window;\n  __globalThis.__name = __name;\n}\n            webdriverioPolyfill();\n            return (id=>window.__AIO_E2E_TAURI_RESULTS__?.[id]).apply(null, arguments)\n        ","args":["tauri-command-1788903519464-27"]}
2026-09-08T21:38:39.478Z INFO webdriver: RESULT { status: 'pending' }
2026-09-08T21:38:39.573Z DEBUG @wdio/utils:shim: Finished to run "beforeCommand" hook in 0ms
2026-09-08T21:38:39.573Z DEBUG @wdio/utils:shim: Finished to run "beforeCommand" hook in 0ms
2026-09-08T21:38:39.573Z INFO webdriver: COMMAND executeScript(<fn>, <object>)
2026-09-08T21:38:39.573Z INFO webdriver: [POST] http://127.0.0.1:4459/session/73d1ae20-d07b-4899-bca8-5e3083d4ce91/execute/sync
2026-09-08T21:38:39.574Z INFO webdriver: DATA {"script":"\n            function webdriverioPolyfill() {\n  var __defProp = Object.defineProperty;\n  var __name = function(target, _value) {\n    return __defProp(target, \"name\", { value: _value, configurable: true });\n  };\n  var __globalThis = typeof globalThis === \"object\" && globalThis || typeof window === \"object\" && window;\n  __globalThis.__name = __name;\n}\n            webdriverioPolyfill();\n            return (id=>window.__AIO_E2E_TAURI_RESULTS__?.[id]).apply(null, arguments)\n        ","args":["tauri-command-1788903519464-27"]}
2026-09-08T21:38:39.581Z INFO webdriver: RESULT { status: 'resolved', value: null }
2026-09-08T21:38:39.581Z DEBUG @wdio/utils:shim: Finished to run "beforeCommand" hook in 0ms
2026-09-08T21:38:39.581Z DEBUG @wdio/utils:shim: Finished to run "beforeCommand" hook in 0ms
2026-09-08T21:38:39.581Z INFO webdriver: COMMAND executeScript(<fn>, <object>)
2026-09-08T21:38:39.581Z INFO webdriver: [POST] http://127.0.0.1:4459/session/73d1ae20-d07b-4899-bca8-5e3083d4ce91/execute/sync
2026-09-08T21:38:39.581Z INFO webdriver: DATA {"script":"\n            function webdriverioPolyfill() {\n  var __defProp = Object.defineProperty;\n  var __name = function(target, _value) {\n    return __defProp(target, \"name\", { value: _value, configurable: true });\n  };\n  var __globalThis = typeof globalThis === \"object\" && globalThis || typeof window === \"object\" && window;\n  __globalThis.__name = __name;\n}\n            webdriverioPolyfill();\n            return (id=>{const results=window.__AIO_E2E_TAURI_RESULTS__;const value=results?.[id];if(results)delete results[id];return value}).apply(null, arguments)\n        ","args":["tauri-command-1788903519464-27"]}
2026-09-08T21:38:39.586Z INFO webdriver: RESULT { status: 'resolved', value: null }
2026-09-08T21:38:39.586Z DEBUG @wdio/utils:shim: Finished to run "beforeCommand" hook in 0ms
2026-09-08T21:38:39.586Z DEBUG @wdio/utils:shim: Finished to run "beforeCommand" hook in 0ms
2026-09-08T21:38:39.586Z DEBUG @wdio/utils:shim: Finished to run "beforeCommand" hook in 0ms
2026-09-08T21:38:39.586Z INFO webdriver: COMMAND executeScript(<fn>, <object>)
2026-09-08T21:38:39.586Z INFO webdriver: [POST] http://127.0.0.1:4459/session/73d1ae20-d07b-4899-bca8-5e3083d4ce91/execute/sync
2026-09-08T21:38:39.587Z INFO webdriver: DATA {"script":"\n            function webdriverioPolyfill() {\n  var __defProp = Object.defineProperty;\n  var __name = function(target, _value) {\n    return __defProp(target, \"name\", { value: _value, configurable: true });\n  };\n  var __globalThis = typeof globalThis === \"object\" && globalThis || typeof window === \"object\" && window;\n  __globalThis.__name = __name;\n}\n            webdriverioPolyfill();\n            return (()=>!!window.__TAURI_INTERNALS__).apply(null, arguments)\n        ","args":[]}
2026-09-08T21:38:39.593Z INFO webdriver: RESULT true
2026-09-08T21:38:39.594Z DEBUG @wdio/utils:shim: Finished to run "beforeCommand" hook in 0ms
2026-09-08T21:38:39.594Z DEBUG @wdio/utils:shim: Finished to run "beforeCommand" hook in 0ms
2026-09-08T21:38:39.594Z INFO webdriver: COMMAND executeScript(<fn>, <object>)
2026-09-08T21:38:39.594Z INFO webdriver: [POST] http://127.0.0.1:4459/session/73d1ae20-d07b-4899-bca8-5e3083d4ce91/execute/sync
2026-09-08T21:38:39.594Z INFO webdriver: DATA {"script":"\n            function webdriverioPolyfill() {\n  var __defProp = Object.defineProperty;\n  var __name = function(target, _value) {\n    return __defProp(target, \"name\", { value: _value, configurable: true });\n  };\n  var __globalThis = typeof globalThis === \"object\" && globalThis || typeof window === \"object\" && window;\n  __globalThis.__name = __name;\n}\n            webdriverioPolyfill();\n            return ((id,commandName,commandArgs)=>{const e2eWindow=window;const results=e2eWindow.__AIO_E2E_TAURI_RESULTS__??={};const bridge=e2eWindow.__TAURI_INTERNALS__;if(!bridge){results[id]={status:\"failed\",error:\"Tauri IPC internals are unavailable in the E2E window.\"};return}results[id]={status:\"pending\"};void bridge.invoke(commandName,commandArgs).then(value=>{results[id]={status:\"resolved\",value}}).catch(error=>{results[id]={status:\"failed\",error:String(error)}})}).apply(null, arguments)\n        ","args":["tauri-command-1788903519593-28","finalize_plugin_upgrade",{"transactionId":"f0ff4ca7-5f17-4dff-a342-ff50e546d45e","accept":false}]}
2026-09-08T21:38:39.602Z INFO webdriver: RESULT null
2026-09-08T21:38:39.602Z DEBUG @wdio/utils:shim: Finished to run "beforeCommand" hook in 0ms
2026-09-08T21:38:39.602Z DEBUG @wdio/utils:shim: Finished to run "beforeCommand" hook in 0ms
2026-09-08T21:38:39.602Z DEBUG @wdio/utils:shim: Finished to run "beforeCommand" hook in 0ms
2026-09-08T21:38:39.602Z INFO webdriver: COMMAND executeScript(<fn>, <object>)
2026-09-08T21:38:39.602Z INFO webdriver: [POST] http://127.0.0.1:4459/session/73d1ae20-d07b-4899-bca8-5e3083d4ce91/execute/sync
2026-09-08T21:38:39.602Z INFO webdriver: DATA {"script":"\n            function webdriverioPolyfill() {\n  var __defProp = Object.defineProperty;\n  var __name = function(target, _value) {\n    return __defProp(target, \"name\", { value: _value, configurable: true });\n  };\n  var __globalThis = typeof globalThis === \"object\" && globalThis || typeof window === \"object\" && window;\n  __globalThis.__name = __name;\n}\n            webdriverioPolyfill();\n            return (id=>window.__AIO_E2E_TAURI_RESULTS__?.[id]).apply(null, arguments)\n        ","args":["tauri-command-1788903519593-28"]}
2026-09-08T21:38:39.607Z INFO webdriver: RESULT { status: 'pending' }
2026-09-08T21:38:39.704Z DEBUG @wdio/utils:shim: Finished to run "beforeCommand" hook in 0ms
2026-09-08T21:38:39.705Z DEBUG @wdio/utils:shim: Finished to run "beforeCommand" hook in 0ms
2026-09-08T21:38:39.705Z INFO webdriver: COMMAND executeScript(<fn>, <object>)
2026-09-08T21:38:39.705Z INFO webdriver: [POST] http://127.0.0.1:4459/session/73d1ae20-d07b-4899-bca8-5e3083d4ce91/execute/sync
2026-09-08T21:38:39.705Z INFO webdriver: DATA {"script":"\n            function webdriverioPolyfill() {\n  var __defProp = Object.defineProperty;\n  var __name = function(target, _value) {\n    return __defProp(target, \"name\", { value: _value, configurable: true });\n  };\n  var __globalThis = typeof globalThis === \"object\" && globalThis || typeof window === \"object\" && window;\n  __globalThis.__name = __name;\n}\n            webdriverioPolyfill();\n            return (id=>window.__AIO_E2E_TAURI_RESULTS__?.[id]).apply(null, arguments)\n        ","args":["tauri-command-1788903519593-28"]}
2026-09-08T21:38:39.712Z INFO webdriver: RESULT {
  status: 'resolved',
  value: {
    installPath: 'D:\\a\\aio-hub\\aio-hub\\.e2e-data\\dsh-native\\plugins\\dsh-coding-workspace',
    pluginId: 'dsh-coding-workspace',
    pluginName: 'Coding工作站',
    version: '0.1.0'
  }
}
2026-09-08T21:38:39.712Z DEBUG @wdio/utils:shim: Finished to run "beforeCommand" hook in 0ms
2026-09-08T21:38:39.712Z DEBUG @wdio/utils:shim: Finished to run "beforeCommand" hook in 0ms
2026-09-08T21:38:39.712Z INFO webdriver: COMMAND executeScript(<fn>, <object>)
2026-09-08T21:38:39.712Z INFO webdriver: [POST] http://127.0.0.1:4459/session/73d1ae20-d07b-4899-bca8-5e3083d4ce91/execute/sync
2026-09-08T21:38:39.712Z INFO webdriver: DATA {"script":"\n            function webdriverioPolyfill() {\n  var __defProp = Object.defineProperty;\n  var __name = function(target, _value) {\n    return __defProp(target, \"name\", { value: _value, configurable: true });\n  };\n  var __globalThis = typeof globalThis === \"object\" && globalThis || typeof window === \"object\" && window;\n  __globalThis.__name = __name;\n}\n            webdriverioPolyfill();\n            return (id=>{const results=window.__AIO_E2E_TAURI_RESULTS__;const value=results?.[id];if(results)delete results[id];return value}).apply(null, arguments)\n        ","args":["tauri-command-1788903519593-28"]}
2026-09-08T21:38:39.717Z INFO webdriver: RESULT {
  status: 'resolved',
  value: {
    installPath: 'D:\\a\\aio-hub\\aio-hub\\.e2e-data\\dsh-native\\plugins\\dsh-coding-workspace',
    pluginId: 'dsh-coding-workspace',
    pluginName: 'Coding工作站',
    version: '0.1.0'
  }
}
2026-09-08T21:38:39.717Z DEBUG @wdio/utils:shim: Finished to run "beforeCommand" hook in 0ms
2026-09-08T21:38:39.717Z DEBUG @wdio/utils:shim: Finished to run "beforeCommand" hook in 0ms
2026-09-08T21:38:39.717Z DEBUG @wdio/utils:shim: Finished to run "beforeCommand" hook in 0ms
2026-09-08T21:38:39.717Z INFO webdriver: COMMAND executeScript(<fn>, <object>)
2026-09-08T21:38:39.717Z INFO webdriver: [POST] http://127.0.0.1:4459/session/73d1ae20-d07b-4899-bca8-5e3083d4ce91/execute/sync
2026-09-08T21:38:39.718Z INFO webdriver: DATA {"script":"\n            function webdriverioPolyfill() {\n  var __defProp = Object.defineProperty;\n  var __name = function(target, _value) {\n    return __defProp(target, \"name\", { value: _value, configurable: true });\n  };\n  var __globalThis = typeof globalThis === \"object\" && globalThis || typeof window === \"object\" && window;\n  __globalThis.__name = __name;\n}\n            webdriverioPolyfill();\n            return (()=>!!window.__TAURI_INTERNALS__).apply(null, arguments)\n        ","args":[]}
2026-09-08T21:38:39.722Z INFO webdriver: RESULT true
2026-09-08T21:38:39.722Z DEBUG @wdio/utils:shim: Finished to run "beforeCommand" hook in 0ms
2026-09-08T21:38:39.722Z DEBUG @wdio/utils:shim: Finished to run "beforeCommand" hook in 0ms
2026-09-08T21:38:39.723Z INFO webdriver: COMMAND executeScript(<fn>, <object>)
2026-09-08T21:38:39.723Z INFO webdriver: [POST] http://127.0.0.1:4459/session/73d1ae20-d07b-4899-bca8-5e3083d4ce91/execute/sync
2026-09-08T21:38:39.723Z INFO webdriver: DATA {"script":"\n            function webdriverioPolyfill() {\n  var __defProp = Object.defineProperty;\n  var __name = function(target, _value) {\n    return __defProp(target, \"name\", { value: _value, configurable: true });\n  };\n  var __globalThis = typeof globalThis === \"object\" && globalThis || typeof window === \"object\" && window;\n  __globalThis.__name = __name;\n}\n            webdriverioPolyfill();\n            return ((id,commandName,commandArgs)=>{const e2eWindow=window;const results=e2eWindow.__AIO_E2E_TAURI_RESULTS__??={};const bridge=e2eWindow.__TAURI_INTERNALS__;if(!bridge){results[id]={status:\"failed\",error:\"Tauri IPC internals are unavailable in the E2E window.\"};return}results[id]={status:\"pending\"};void bridge.invoke(commandName,commandArgs).then(value=>{results[id]={status:\"resolved\",value}}).catch(error=>{results[id]={status:\"failed\",error:String(error)}})}).apply(null, arguments)\n        ","args":["tauri-command-1788903519722-29","sidecar_spawn_resident",{"pluginId":"dsh-coding-workspace","executablePath":"D:\\a\\aio-hub\\aio-hub\\.e2e-data\\dsh-native\\plugins\\dsh-coding-workspace\\bin\\win32-x64\\aio-dsh-supervisor.exe","args":[],"installPath":"D:\\a\\aio-hub\\aio-hub\\.e2e-data\\dsh-native\\plugins\\dsh-coding-workspace"}]}
2026-09-08T21:38:39.730Z INFO webdriver: RESULT null
2026-09-08T21:38:39.730Z DEBUG @wdio/utils:shim: Finished to run "beforeCommand" hook in 0ms
2026-09-08T21:38:39.730Z DEBUG @wdio/utils:shim: Finished to run "beforeCommand" hook in 0ms
2026-09-08T21:38:39.730Z DEBUG @wdio/utils:shim: Finished to run "beforeCommand" hook in 0ms
2026-09-08T21:38:39.730Z INFO webdriver: COMMAND executeScript(<fn>, <object>)
2026-09-08T21:38:39.731Z INFO webdriver: [POST] http://127.0.0.1:4459/session/73d1ae20-d07b-4899-bca8-5e3083d4ce91/execute/sync
2026-09-08T21:38:39.731Z INFO webdriver: DATA {"script":"\n            function webdriverioPolyfill() {\n  var __defProp = Object.defineProperty;\n  var __name = function(target, _value) {\n    return __defProp(target, \"name\", { value: _value, configurable: true });\n  };\n  var __globalThis = typeof globalThis === \"object\" && globalThis || typeof window === \"object\" && window;\n  __globalThis.__name = __name;\n}\n            webdriverioPolyfill();\n            return (id=>window.__AIO_E2E_TAURI_RESULTS__?.[id]).apply(null, arguments)\n        ","args":["tauri-command-1788903519722-29"]}
2026-09-08T21:38:39.739Z INFO webdriver: RESULT { status: 'resolved', value: '70eec1d9-5d8e-4d06-91ab-7d26116b6609' }
2026-09-08T21:38:39.739Z DEBUG @wdio/utils:shim: Finished to run "beforeCommand" hook in 0ms
2026-09-08T21:38:39.739Z DEBUG @wdio/utils:shim: Finished to run "beforeCommand" hook in 0ms
2026-09-08T21:38:39.739Z INFO webdriver: COMMAND executeScript(<fn>, <object>)
2026-09-08T21:38:39.739Z INFO webdriver: [POST] http://127.0.0.1:4459/session/73d1ae20-d07b-4899-bca8-5e3083d4ce91/execute/sync
2026-09-08T21:38:39.739Z INFO webdriver: DATA {"script":"\n            function webdriverioPolyfill() {\n  var __defProp = Object.defineProperty;\n  var __name = function(target, _value) {\n    return __defProp(target, \"name\", { value: _value, configurable: true });\n  };\n  var __globalThis = typeof globalThis === \"object\" && globalThis || typeof window === \"object\" && window;\n  __globalThis.__name = __name;\n}\n            webdriverioPolyfill();\n            return (id=>{const results=window.__AIO_E2E_TAURI_RESULTS__;const value=results?.[id];if(results)delete results[id];return value}).apply(null, arguments)\n        ","args":["tauri-command-1788903519722-29"]}
2026-09-08T21:38:39.744Z INFO webdriver: RESULT { status: 'resolved', value: '70eec1d9-5d8e-4d06-91ab-7d26116b6609' }
2026-09-08T21:38:39.745Z DEBUG @wdio/utils:shim: Finished to run "beforeCommand" hook in 0ms
2026-09-08T21:38:39.745Z DEBUG @wdio/utils:shim: Finished to run "beforeCommand" hook in 0ms
2026-09-08T21:38:39.745Z DEBUG @wdio/utils:shim: Finished to run "beforeCommand" hook in 0ms
2026-09-08T21:38:39.745Z INFO webdriver: COMMAND executeScript(<fn>, <object>)
2026-09-08T21:38:39.745Z INFO webdriver: [POST] http://127.0.0.1:4459/session/73d1ae20-d07b-4899-bca8-5e3083d4ce91/execute/sync
2026-09-08T21:38:39.745Z INFO webdriver: DATA {"script":"\n            function webdriverioPolyfill() {\n  var __defProp = Object.defineProperty;\n  var __name = function(target, _value) {\n    return __defProp(target, \"name\", { value: _value, configurable: true });\n  };\n  var __globalThis = typeof globalThis === \"object\" && globalThis || typeof window === \"object\" && window;\n  __globalThis.__name = __name;\n}\n            webdriverioPolyfill();\n            return (()=>!!window.__TAURI_INTERNALS__).apply(null, arguments)\n        ","args":[]}
2026-09-08T21:38:39.750Z INFO webdriver: RESULT true
2026-09-08T21:38:39.751Z DEBUG @wdio/utils:shim: Finished to run "beforeCommand" hook in 0ms
2026-09-08T21:38:39.751Z DEBUG @wdio/utils:shim: Finished to run "beforeCommand" hook in 0ms
2026-09-08T21:38:39.751Z INFO webdriver: COMMAND executeScript(<fn>, <object>)
2026-09-08T21:38:39.751Z INFO webdriver: [POST] http://127.0.0.1:4459/session/73d1ae20-d07b-4899-bca8-5e3083d4ce91/execute/sync
2026-09-08T21:38:39.751Z INFO webdriver: DATA {"script":"\n            function webdriverioPolyfill() {\n  var __defProp = Object.defineProperty;\n  var __name = function(target, _value) {\n    return __defProp(target, \"name\", { value: _value, configurable: true });\n  };\n  var __globalThis = typeof globalThis === \"object\" && globalThis || typeof window === \"object\" && window;\n  __globalThis.__name = __name;\n}\n            webdriverioPolyfill();\n            return ((id,commandName,commandArgs)=>{const e2eWindow=window;const results=e2eWindow.__AIO_E2E_TAURI_RESULTS__??={};const bridge=e2eWindow.__TAURI_INTERNALS__;if(!bridge){results[id]={status:\"failed\",error:\"Tauri IPC internals are unavailable in the E2E window.\"};return}results[id]={status:\"pending\"};void bridge.invoke(commandName,commandArgs).then(value=>{results[id]={status:\"resolved\",value}}).catch(error=>{results[id]={status:\"failed\",error:String(error)}})}).apply(null, arguments)\n        ","args":["tauri-command-1788903519751-30","sidecar_send_command",{"pluginId":"dsh-coding-workspace","method":"initialize","params":{"hostContext":{"apiVersion":3,"sidecarProtocolVersion":3},"provider":{"baseUrl":"http://127.0.0.1:59796","apiKey":"native-e2e-secret"}}}]}
2026-09-08T21:38:39.758Z INFO webdriver: RESULT null
2026-09-08T21:38:39.758Z DEBUG @wdio/utils:shim: Finished to run "beforeCommand" hook in 0ms
2026-09-08T21:38:39.758Z DEBUG @wdio/utils:shim: Finished to run "beforeCommand" hook in 0ms
2026-09-08T21:38:39.758Z DEBUG @wdio/utils:shim: Finished to run "beforeCommand" hook in 0ms
2026-09-08T21:38:39.758Z INFO webdriver: COMMAND executeScript(<fn>, <object>)
2026-09-08T21:38:39.759Z INFO webdriver: [POST] http://127.0.0.1:4459/session/73d1ae20-d07b-4899-bca8-5e3083d4ce91/execute/sync
2026-09-08T21:38:39.759Z INFO webdriver: DATA {"script":"\n            function webdriverioPolyfill() {\n  var __defProp = Object.defineProperty;\n  var __name = function(target, _value) {\n    return __defProp(target, \"name\", { value: _value, configurable: true });\n  };\n  var __globalThis = typeof globalThis === \"object\" && globalThis || typeof window === \"object\" && window;\n  __globalThis.__name = __name;\n}\n            webdriverioPolyfill();\n            return (id=>window.__AIO_E2E_TAURI_RESULTS__?.[id]).apply(null, arguments)\n        ","args":["tauri-command-1788903519751-30"]}
2026-09-08T21:38:39.766Z INFO webdriver: RESULT { status: 'pending' }
2026-09-08T21:38:39.859Z DEBUG @wdio/utils:shim: Finished to run "beforeCommand" hook in 0ms
2026-09-08T21:38:39.860Z DEBUG @wdio/utils:shim: Finished to run "beforeCommand" hook in 0ms
2026-09-08T21:38:39.860Z INFO webdriver: COMMAND executeScript(<fn>, <object>)
2026-09-08T21:38:39.860Z INFO webdriver: [POST] http://127.0.0.1:4459/session/73d1ae20-d07b-4899-bca8-5e3083d4ce91/execute/sync
2026-09-08T21:38:39.860Z INFO webdriver: DATA {"script":"\n            function webdriverioPolyfill() {\n  var __defProp = Object.defineProperty;\n  var __name = function(target, _value) {\n    return __defProp(target, \"name\", { value: _value, configurable: true });\n  };\n  var __globalThis = typeof globalThis === \"object\" && globalThis || typeof window === \"object\" && window;\n  __globalThis.__name = __name;\n}\n            webdriverioPolyfill();\n            return (id=>window.__AIO_E2E_TAURI_RESULTS__?.[id]).apply(null, arguments)\n        ","args":["tauri-command-1788903519751-30"]}
2026-09-08T21:38:39.867Z INFO webdriver: RESULT { status: 'pending' }
2026-09-08T21:38:39.957Z DEBUG @wdio/utils:shim: Finished to run "beforeCommand" hook in 0ms
2026-09-08T21:38:39.958Z DEBUG @wdio/utils:shim: Finished to run "beforeCommand" hook in 0ms
2026-09-08T21:38:39.958Z INFO webdriver: COMMAND executeScript(<fn>, <object>)
2026-09-08T21:38:39.958Z INFO webdriver: [POST] http://127.0.0.1:4459/session/73d1ae20-d07b-4899-bca8-5e3083d4ce91/execute/sync
2026-09-08T21:38:39.958Z INFO webdriver: DATA {"script":"\n            function webdriverioPolyfill() {\n  var __defProp = Object.defineProperty;\n  var __name = function(target, _value) {\n    return __defProp(target, \"name\", { value: _value, configurable: true });\n  };\n  var __globalThis = typeof globalThis === \"object\" && globalThis || typeof window === \"object\" && window;\n  __globalThis.__name = __name;\n}\n            webdriverioPolyfill();\n            return (id=>window.__AIO_E2E_TAURI_RESULTS__?.[id]).apply(null, arguments)\n        ","args":["tauri-command-1788903519751-30"]}
2026-09-08T21:38:39.966Z INFO webdriver: RESULT { status: 'pending' }
2026-09-08T21:38:40.058Z DEBUG @wdio/utils:shim: Finished to run "beforeCommand" hook in 0ms
2026-09-08T21:38:40.058Z DEBUG @wdio/utils:shim: Finished to run "beforeCommand" hook in 0ms
2026-09-08T21:38:40.058Z INFO webdriver: COMMAND executeScript(<fn>, <object>)
2026-09-08T21:38:40.058Z INFO webdriver: [POST] http://127.0.0.1:4459/session/73d1ae20-d07b-4899-bca8-5e3083d4ce91/execute/sync
2026-09-08T21:38:40.058Z INFO webdriver: DATA {"script":"\n            function webdriverioPolyfill() {\n  var __defProp = Object.defineProperty;\n  var __name = function(target, _value) {\n    return __defProp(target, \"name\", { value: _value, configurable: true });\n  };\n  var __globalThis = typeof globalThis === \"object\" && globalThis || typeof window === \"object\" && window;\n  __globalThis.__name = __name;\n}\n            webdriverioPolyfill();\n            return (id=>window.__AIO_E2E_TAURI_RESULTS__?.[id]).apply(null, arguments)\n        ","args":["tauri-command-1788903519751-30"]}
2026-09-08T21:38:40.066Z INFO webdriver: RESULT { status: 'pending' }
2026-09-08T21:38:40.158Z DEBUG @wdio/utils:shim: Finished to run "beforeCommand" hook in 0ms
2026-09-08T21:38:40.159Z DEBUG @wdio/utils:shim: Finished to run "beforeCommand" hook in 0ms
2026-09-08T21:38:40.159Z INFO webdriver: COMMAND executeScript(<fn>, <object>)
2026-09-08T21:38:40.159Z INFO webdriver: [POST] http://127.0.0.1:4459/session/73d1ae20-d07b-4899-bca8-5e3083d4ce91/execute/sync
2026-09-08T21:38:40.159Z INFO webdriver: DATA {"script":"\n            function webdriverioPolyfill() {\n  var __defProp = Object.defineProperty;\n  var __name = function(target, _value) {\n    return __defProp(target, \"name\", { value: _value, configurable: true });\n  };\n  var __globalThis = typeof globalThis === \"object\" && globalThis || typeof window === \"object\" && window;\n  __globalThis.__name = __name;\n}\n            webdriverioPolyfill();\n            return (id=>window.__AIO_E2E_TAURI_RESULTS__?.[id]).apply(null, arguments)\n        ","args":["tauri-command-1788903519751-30"]}
2026-09-08T21:38:40.166Z INFO webdriver: RESULT { status: 'pending' }
2026-09-08T21:38:40.259Z DEBUG @wdio/utils:shim: Finished to run "beforeCommand" hook in 0ms
2026-09-08T21:38:40.259Z DEBUG @wdio/utils:shim: Finished to run "beforeCommand" hook in 0ms
2026-09-08T21:38:40.259Z INFO webdriver: COMMAND executeScript(<fn>, <object>)
2026-09-08T21:38:40.259Z INFO webdriver: [POST] http://127.0.0.1:4459/session/73d1ae20-d07b-4899-bca8-5e3083d4ce91/execute/sync
2026-09-08T21:38:40.259Z INFO webdriver: DATA {"script":"\n            function webdriverioPolyfill() {\n  var __defProp = Object.defineProperty;\n  var __name = function(target, _value) {\n    return __defProp(target, \"name\", { value: _value, configurable: true });\n  };\n  var __globalThis = typeof globalThis === \"object\" && globalThis || typeof window === \"object\" && window;\n  __globalThis.__name = __name;\n}\n            webdriverioPolyfill();\n            return (id=>window.__AIO_E2E_TAURI_RESULTS__?.[id]).apply(null, arguments)\n        ","args":["tauri-command-1788903519751-30"]}
2026-09-08T21:38:40.266Z INFO webdriver: RESULT { status: 'pending' }
2026-09-08T21:38:40.359Z DEBUG @wdio/utils:shim: Finished to run "beforeCommand" hook in 0ms
2026-09-08T21:38:40.359Z DEBUG @wdio/utils:shim: Finished to run "beforeCommand" hook in 0ms
2026-09-08T21:38:40.359Z INFO webdriver: COMMAND executeScript(<fn>, <object>)
2026-09-08T21:38:40.360Z INFO webdriver: [POST] http://127.0.0.1:4459/session/73d1ae20-d07b-4899-bca8-5e3083d4ce91/execute/sync
2026-09-08T21:38:40.360Z INFO webdriver: DATA {"script":"\n            function webdriverioPolyfill() {\n  var __defProp = Object.defineProperty;\n  var __name = function(target, _value) {\n    return __defProp(target, \"name\", { value: _value, configurable: true });\n  };\n  var __globalThis = typeof globalThis === \"object\" && globalThis || typeof window === \"object\" && window;\n  __globalThis.__name = __name;\n}\n            webdriverioPolyfill();\n            return (id=>window.__AIO_E2E_TAURI_RESULTS__?.[id]).apply(null, arguments)\n        ","args":["tauri-command-1788903519751-30"]}
2026-09-08T21:38:40.368Z INFO webdriver: RESULT { status: 'pending' }
2026-09-08T21:38:40.457Z DEBUG @wdio/utils:shim: Finished to run "beforeCommand" hook in 0ms
2026-09-08T21:38:40.457Z DEBUG @wdio/utils:shim: Finished to run "beforeCommand" hook in 0ms
2026-09-08T21:38:40.457Z INFO webdriver: COMMAND executeScript(<fn>, <object>)
2026-09-08T21:38:40.458Z INFO webdriver: [POST] http://127.0.0.1:4459/session/73d1ae20-d07b-4899-bca8-5e3083d4ce91/execute/sync
2026-09-08T21:38:40.458Z INFO webdriver: DATA {"script":"\n            function webdriverioPolyfill() {\n  var __defProp = Object.defineProperty;\n  var __name = function(target, _value) {\n    return __defProp(target, \"name\", { value: _value, configurable: true });\n  };\n  var __globalThis = typeof globalThis === \"object\" && globalThis || typeof window === \"object\" && window;\n  __globalThis.__name = __name;\n}\n            webdriverioPolyfill();\n            return (id=>window.__AIO_E2E_TAURI_RESULTS__?.[id]).apply(null, arguments)\n        ","args":["tauri-command-1788903519751-30"]}
2026-09-08T21:38:40.465Z INFO webdriver: RESULT { status: 'pending' }
2026-09-08T21:38:40.558Z DEBUG @wdio/utils:shim: Finished to run "beforeCommand" hook in 0ms
2026-09-08T21:38:40.559Z DEBUG @wdio/utils:shim: Finished to run "beforeCommand" hook in 0ms
2026-09-08T21:38:40.559Z INFO webdriver: COMMAND executeScript(<fn>, <object>)
2026-09-08T21:38:40.559Z INFO webdriver: [POST] http://127.0.0.1:4459/session/73d1ae20-d07b-4899-bca8-5e3083d4ce91/execute/sync
2026-09-08T21:38:40.559Z INFO webdriver: DATA {"script":"\n            function webdriverioPolyfill() {\n  var __defProp = Object.defineProperty;\n  var __name = function(target, _value) {\n    return __defProp(target, \"name\", { value: _value, configurable: true });\n  };\n  var __globalThis = typeof globalThis === \"object\" && globalThis || typeof window === \"object\" && window;\n  __globalThis.__name = __name;\n}\n            webdriverioPolyfill();\n            return (id=>window.__AIO_E2E_TAURI_RESULTS__?.[id]).apply(null, arguments)\n        ","args":["tauri-command-1788903519751-30"]}
2026-09-08T21:38:40.566Z INFO webdriver: RESULT { status: 'pending' }
2026-09-08T21:38:40.659Z DEBUG @wdio/utils:shim: Finished to run "beforeCommand" hook in 0ms
2026-09-08T21:38:40.659Z DEBUG @wdio/utils:shim: Finished to run "beforeCommand" hook in 0ms
2026-09-08T21:38:40.659Z INFO webdriver: COMMAND executeScript(<fn>, <object>)
2026-09-08T21:38:40.660Z INFO webdriver: [POST] http://127.0.0.1:4459/session/73d1ae20-d07b-4899-bca8-5e3083d4ce91/execute/sync
2026-09-08T21:38:40.660Z INFO webdriver: DATA {"script":"\n            function webdriverioPolyfill() {\n  var __defProp = Object.defineProperty;\n  var __name = function(target, _value) {\n    return __defProp(target, \"name\", { value: _value, configurable: true });\n  };\n  var __globalThis = typeof globalThis === \"object\" && globalThis || typeof window === \"object\" && window;\n  __globalThis.__name = __name;\n}\n            webdriverioPolyfill();\n            return (id=>window.__AIO_E2E_TAURI_RESULTS__?.[id]).apply(null, arguments)\n        ","args":["tauri-command-1788903519751-30"]}
2026-09-08T21:38:40.668Z INFO webdriver: RESULT { status: 'pending' }
2026-09-08T21:38:40.759Z DEBUG @wdio/utils:shim: Finished to run "beforeCommand" hook in 0ms
2026-09-08T21:38:40.759Z DEBUG @wdio/utils:shim: Finished to run "beforeCommand" hook in 0ms
2026-09-08T21:38:40.759Z INFO webdriver: COMMAND executeScript(<fn>, <object>)
2026-09-08T21:38:40.759Z INFO webdriver: [POST] http://127.0.0.1:4459/session/73d1ae20-d07b-4899-bca8-5e3083d4ce91/execute/sync
2026-09-08T21:38:40.759Z INFO webdriver: DATA {"script":"\n            function webdriverioPolyfill() {\n  var __defProp = Object.defineProperty;\n  var __name = function(target, _value) {\n    return __defProp(target, \"name\", { value: _value, configurable: true });\n  };\n  var __globalThis = typeof globalThis === \"object\" && globalThis || typeof window === \"object\" && window;\n  __globalThis.__name = __name;\n}\n            webdriverioPolyfill();\n            return (id=>window.__AIO_E2E_TAURI_RESULTS__?.[id]).apply(null, arguments)\n        ","args":["tauri-command-1788903519751-30"]}
2026-09-08T21:38:40.766Z INFO webdriver: RESULT { status: 'pending' }
2026-09-08T21:38:40.858Z DEBUG @wdio/utils:shim: Finished to run "beforeCommand" hook in 0ms
2026-09-08T21:38:40.858Z DEBUG @wdio/utils:shim: Finished to run "beforeCommand" hook in 0ms
2026-09-08T21:38:40.859Z INFO webdriver: COMMAND executeScript(<fn>, <object>)
2026-09-08T21:38:40.859Z INFO webdriver: [POST] http://127.0.0.1:4459/session/73d1ae20-d07b-4899-bca8-5e3083d4ce91/execute/sync
2026-09-08T21:38:40.859Z INFO webdriver: DATA {"script":"\n            function webdriverioPolyfill() {\n  var __defProp = Object.defineProperty;\n  var __name = function(target, _value) {\n    return __defProp(target, \"name\", { value: _value, configurable: true });\n  };\n  var __globalThis = typeof globalThis === \"object\" && globalThis || typeof window === \"object\" && window;\n  __globalThis.__name = __name;\n}\n            webdriverioPolyfill();\n            return (id=>window.__AIO_E2E_TAURI_RESULTS__?.[id]).apply(null, arguments)\n        ","args":["tauri-command-1788903519751-30"]}
2026-09-08T21:38:40.866Z INFO webdriver: RESULT { status: 'pending' }
2026-09-08T21:38:40.959Z DEBUG @wdio/utils:shim: Finished to run "beforeCommand" hook in 0ms
2026-09-08T21:38:40.960Z DEBUG @wdio/utils:shim: Finished to run "beforeCommand" hook in 0ms
2026-09-08T21:38:40.960Z INFO webdriver: COMMAND executeScript(<fn>, <object>)
2026-09-08T21:38:40.960Z INFO webdriver: [POST] http://127.0.0.1:4459/session/73d1ae20-d07b-4899-bca8-5e3083d4ce91/execute/sync
2026-09-08T21:38:40.960Z INFO webdriver: DATA {"script":"\n            function webdriverioPolyfill() {\n  var __defProp = Object.defineProperty;\n  var __name = function(target, _value) {\n    return __defProp(target, \"name\", { value: _value, configurable: true });\n  };\n  var __globalThis = typeof globalThis === \"object\" && globalThis || typeof window === \"object\" && window;\n  __globalThis.__name = __name;\n}\n            webdriverioPolyfill();\n            return (id=>window.__AIO_E2E_TAURI_RESULTS__?.[id]).apply(null, arguments)\n        ","args":["tauri-command-1788903519751-30"]}
2026-09-08T21:38:40.967Z INFO webdriver: RESULT { status: 'pending' }
2026-09-08T21:38:41.059Z DEBUG @wdio/utils:shim: Finished to run "beforeCommand" hook in 0ms
2026-09-08T21:38:41.059Z DEBUG @wdio/utils:shim: Finished to run "beforeCommand" hook in 0ms
2026-09-08T21:38:41.059Z INFO webdriver: COMMAND executeScript(<fn>, <object>)
2026-09-08T21:38:41.060Z INFO webdriver: [POST] http://127.0.0.1:4459/session/73d1ae20-d07b-4899-bca8-5e3083d4ce91/execute/sync
2026-09-08T21:38:41.060Z INFO webdriver: DATA {"script":"\n            function webdriverioPolyfill() {\n  var __defProp = Object.defineProperty;\n  var __name = function(target, _value) {\n    return __defProp(target, \"name\", { value: _value, configurable: true });\n  };\n  var __globalThis = typeof globalThis === \"object\" && globalThis || typeof window === \"object\" && window;\n  __globalThis.__name = __name;\n}\n            webdriverioPolyfill();\n            return (id=>window.__AIO_E2E_TAURI_RESULTS__?.[id]).apply(null, arguments)\n        ","args":["tauri-command-1788903519751-30"]}
2026-09-08T21:38:41.067Z INFO webdriver: RESULT { status: 'pending' }
2026-09-08T21:38:41.159Z DEBUG @wdio/utils:shim: Finished to run "beforeCommand" hook in 0ms
2026-09-08T21:38:41.159Z DEBUG @wdio/utils:shim: Finished to run "beforeCommand" hook in 0ms
2026-09-08T21:38:41.159Z INFO webdriver: COMMAND executeScript(<fn>, <object>)
2026-09-08T21:38:41.160Z INFO webdriver: [POST] http://127.0.0.1:4459/session/73d1ae20-d07b-4899-bca8-5e3083d4ce91/execute/sync
2026-09-08T21:38:41.160Z INFO webdriver: DATA {"script":"\n            function webdriverioPolyfill() {\n  var __defProp = Object.defineProperty;\n  var __name = function(target, _value) {\n    return __defProp(target, \"name\", { value: _value, configurable: true });\n  };\n  var __globalThis = typeof globalThis === \"object\" && globalThis || typeof window === \"object\" && window;\n  __globalThis.__name = __name;\n}\n            webdriverioPolyfill();\n            return (id=>window.__AIO_E2E_TAURI_RESULTS__?.[id]).apply(null, arguments)\n        ","args":["tauri-command-1788903519751-30"]}
2026-09-08T21:38:41.169Z INFO webdriver: RESULT { status: 'pending' }
2026-09-08T21:38:41.261Z DEBUG @wdio/utils:shim: Finished to run "beforeCommand" hook in 0ms
2026-09-08T21:38:41.261Z DEBUG @wdio/utils:shim: Finished to run "beforeCommand" hook in 0ms
2026-09-08T21:38:41.261Z INFO webdriver: COMMAND executeScript(<fn>, <object>)
2026-09-08T21:38:41.261Z INFO webdriver: [POST] http://127.0.0.1:4459/session/73d1ae20-d07b-4899-bca8-5e3083d4ce91/execute/sync
2026-09-08T21:38:41.261Z INFO webdriver: DATA {"script":"\n            function webdriverioPolyfill() {\n  var __defProp = Object.defineProperty;\n  var __name = function(target, _value) {\n    return __defProp(target, \"name\", { value: _value, configurable: true });\n  };\n  var __globalThis = typeof globalThis === \"object\" && globalThis || typeof window === \"object\" && window;\n  __globalThis.__name = __name;\n}\n            webdriverioPolyfill();\n            return (id=>window.__AIO_E2E_TAURI_RESULTS__?.[id]).apply(null, arguments)\n        ","args":["tauri-command-1788903519751-30"]}
2026-09-08T21:38:41.271Z INFO webdriver: RESULT { status: 'pending' }
2026-09-08T21:38:41.358Z DEBUG @wdio/utils:shim: Finished to run "beforeCommand" hook in 1ms
2026-09-08T21:38:41.358Z DEBUG @wdio/utils:shim: Finished to run "beforeCommand" hook in 0ms
2026-09-08T21:38:41.358Z INFO webdriver: COMMAND executeScript(<fn>, <object>)
2026-09-08T21:38:41.358Z INFO webdriver: [POST] http://127.0.0.1:4459/session/73d1ae20-d07b-4899-bca8-5e3083d4ce91/execute/sync
2026-09-08T21:38:41.358Z INFO webdriver: DATA {"script":"\n            function webdriverioPolyfill() {\n  var __defProp = Object.defineProperty;\n  var __name = function(target, _value) {\n    return __defProp(target, \"name\", { value: _value, configurable: true });\n  };\n  var __globalThis = typeof globalThis === \"object\" && globalThis || typeof window === \"object\" && window;\n  __globalThis.__name = __name;\n}\n            webdriverioPolyfill();\n            return (id=>window.__AIO_E2E_TAURI_RESULTS__?.[id]).apply(null, arguments)\n        ","args":["tauri-command-1788903519751-30"]}
2026-09-08T21:38:41.368Z INFO webdriver: RESULT { status: 'pending' }
2026-09-08T21:38:41.457Z DEBUG @wdio/utils:shim: Finished to run "beforeCommand" hook in 0ms
2026-09-08T21:38:41.458Z DEBUG @wdio/utils:shim: Finished to run "beforeCommand" hook in 0ms
2026-09-08T21:38:41.458Z INFO webdriver: COMMAND executeScript(<fn>, <object>)
2026-09-08T21:38:41.458Z INFO webdriver: [POST] http://127.0.0.1:4459/session/73d1ae20-d07b-4899-bca8-5e3083d4ce91/execute/sync
2026-09-08T21:38:41.458Z INFO webdriver: DATA {"script":"\n            function webdriverioPolyfill() {\n  var __defProp = Object.defineProperty;\n  var __name = function(target, _value) {\n    return __defProp(target, \"name\", { value: _value, configurable: true });\n  };\n  var __globalThis = typeof globalThis === \"object\" && globalThis || typeof window === \"object\" && window;\n  __globalThis.__name = __name;\n}\n            webdriverioPolyfill();\n            return (id=>window.__AIO_E2E_TAURI_RESULTS__?.[id]).apply(null, arguments)\n        ","args":["tauri-command-1788903519751-30"]}
2026-09-08T21:38:41.465Z INFO webdriver: RESULT { status: 'pending' }
2026-09-08T21:38:41.557Z DEBUG @wdio/utils:shim: Finished to run "beforeCommand" hook in 0ms
2026-09-08T21:38:41.557Z DEBUG @wdio/utils:shim: Finished to run "beforeCommand" hook in 0ms
2026-09-08T21:38:41.558Z INFO webdriver: COMMAND executeScript(<fn>, <object>)
2026-09-08T21:38:41.558Z INFO webdriver: [POST] http://127.0.0.1:4459/session/73d1ae20-d07b-4899-bca8-5e3083d4ce91/execute/sync
2026-09-08T21:38:41.558Z INFO webdriver: DATA {"script":"\n            function webdriverioPolyfill() {\n  var __defProp = Object.defineProperty;\n  var __name = function(target, _value) {\n    return __defProp(target, \"name\", { value: _value, configurable: true });\n  };\n  var __globalThis = typeof globalThis === \"object\" && globalThis || typeof window === \"object\" && window;\n  __globalThis.__name = __name;\n}\n            webdriverioPolyfill();\n            return (id=>window.__AIO_E2E_TAURI_RESULTS__?.[id]).apply(null, arguments)\n        ","args":["tauri-command-1788903519751-30"]}
2026-09-08T21:38:41.565Z INFO webdriver: RESULT {
  status: 'resolved',
  value: '{"data":{"capabilities":["attachment.limits","interaction.approval","session","session.cancel","session.create","session.fork","session.history","session.list","session.open","session.rename","session.resume","session.search","session.select-model","session.snapshot","session.submit-prompt","session.subscribe","session.update-queue","snapshot","terminal.close","terminal.open","terminal.read","terminal.send","workspace.archive-session","workspace.create","workspace.delete","workspace.follow","workspace.rename"],"contractHash":"96af8af6cdb538da2cd13c53eb4dd640f0ca233aab68b209d82fc744e01da519","domainGenerationId":"dsh-generation-5324-1788903519756059100-1","sandbox":{"backend":"restricted-token","level":"full"},"state":"ready"},"id":1,"type":"result"}'
}
2026-09-08T21:38:41.565Z DEBUG @wdio/utils:shim: Finished to run "beforeCommand" hook in 0ms
2026-09-08T21:38:41.565Z DEBUG @wdio/utils:shim: Finished to run "beforeCommand" hook in 0ms
2026-09-08T21:38:41.566Z INFO webdriver: COMMAND executeScript(<fn>, <object>)
2026-09-08T21:38:41.566Z INFO webdriver: [POST] http://127.0.0.1:4459/session/73d1ae20-d07b-4899-bca8-5e3083d4ce91/execute/sync
2026-09-08T21:38:41.566Z INFO webdriver: DATA {"script":"\n            function webdriverioPolyfill() {\n  var __defProp = Object.defineProperty;\n  var __name = function(target, _value) {\n    return __defProp(target, \"name\", { value: _value, configurable: true });\n  };\n  var __globalThis = typeof globalThis === \"object\" && globalThis || typeof window === \"object\" && window;\n  __globalThis.__name = __name;\n}\n            webdriverioPolyfill();\n            return (id=>{const results=window.__AIO_E2E_TAURI_RESULTS__;const value=results?.[id];if(results)delete results[id];return value}).apply(null, arguments)\n        ","args":["tauri-command-1788903519751-30"]}
2026-09-08T21:38:41.575Z INFO webdriver: RESULT {
  status: 'resolved',
  value: '{"data":{"capabilities":["attachment.limits","interaction.approval","session","session.cancel","session.create","session.fork","session.history","session.list","session.open","session.rename","session.resume","session.search","session.select-model","session.snapshot","session.submit-prompt","session.subscribe","session.update-queue","snapshot","terminal.close","terminal.open","terminal.read","terminal.send","workspace.archive-session","workspace.create","workspace.delete","workspace.follow","workspace.rename"],"contractHash":"96af8af6cdb538da2cd13c53eb4dd640f0ca233aab68b209d82fc744e01da519","domainGenerationId":"dsh-generation-5324-1788903519756059100-1","sandbox":{"backend":"restricted-token","level":"full"},"state":"ready"},"id":1,"type":"result"}'
}
2026-09-08T21:38:41.575Z DEBUG @wdio/utils:shim: Finished to run "beforeCommand" hook in 0ms
2026-09-08T21:38:41.575Z DEBUG @wdio/utils:shim: Finished to run "beforeCommand" hook in 0ms
2026-09-08T21:38:41.575Z INFO webdriver: COMMAND executeScript(<fn>, <object>)
2026-09-08T21:38:41.576Z INFO webdriver: [POST] http://127.0.0.1:4459/session/73d1ae20-d07b-4899-bca8-5e3083d4ce91/execute/sync
2026-09-08T21:38:41.576Z INFO webdriver: DATA {"script":"\n            function webdriverioPolyfill() {\n  var __defProp = Object.defineProperty;\n  var __name = function(target, _value) {\n    return __defProp(target, \"name\", { value: _value, configurable: true });\n  };\n  var __globalThis = typeof globalThis === \"object\" && globalThis || typeof window === \"object\" && window;\n  __globalThis.__name = __name;\n}\n            webdriverioPolyfill();\n            return (()=>{const isVisible=__name(element=>{const style=window.getComputedStyle(element);return style.display!==\"none\"&&style.visibility!==\"hidden\"},\"isVisible\");const editorCancel=document.querySelector('[data-testid=\"agent-editor-cancel\"]');if(editorCancel&&isVisible(editorCancel))editorCancel.click();for(const closeButton of document.querySelectorAll(\".base-dialog-backdrop .dialog-close-btn\")){if(isVisible(closeButton))closeButton.click()}document.dispatchEvent(new KeyboardEvent(\"keydown\",{key:\"Escape\",bubbles:true}))}).apply(null, arguments)\n        ","args":[]}
2026-09-08T21:38:41.582Z INFO webdriver: RESULT null
2026-09-08T21:38:41.582Z DEBUG @wdio/utils:shim: Finished to run "beforeCommand" hook in 0ms
2026-09-08T21:38:41.582Z DEBUG @wdio/utils:shim: Finished to run "beforeCommand" hook in 0ms
2026-09-08T21:38:41.582Z DEBUG @wdio/utils:shim: Finished to run "beforeCommand" hook in 0ms
2026-09-08T21:38:41.582Z INFO webdriver: COMMAND executeScript(<fn>, <object>)
2026-09-08T21:38:41.582Z INFO webdriver: [POST] http://127.0.0.1:4459/session/73d1ae20-d07b-4899-bca8-5e3083d4ce91/execute/sync
2026-09-08T21:38:41.582Z INFO webdriver: DATA {"script":"\n            function webdriverioPolyfill() {\n  var __defProp = Object.defineProperty;\n  var __name = function(target, _value) {\n    return __defProp(target, \"name\", { value: _value, configurable: true });\n  };\n  var __globalThis = typeof globalThis === \"object\" && globalThis || typeof window === \"object\" && window;\n  __globalThis.__name = __name;\n}\n            webdriverioPolyfill();\n            return (()=>{const isVisible=__name(element=>{const style=window.getComputedStyle(element);return style.display!==\"none\"&&style.visibility!==\"hidden\"},\"isVisible\");return Array.from(document.querySelectorAll(\".base-dialog-backdrop\")).some(isVisible)}).apply(null, arguments)\n        ","args":[]}
2026-09-08T21:38:41.587Z INFO webdriver: RESULT false
2026-09-08T21:38:41.587Z DEBUG @wdio/utils:shim: Finished to run "afterTest" hook in 12ms
2026-09-08T21:38:41.588Z DEBUG @wdio/utils:shim: Finished to run "beforeTest" hook in 0ms
2026-09-08T21:38:41.589Z DEBUG @wdio/utils:shim: Finished to run "beforeCommand" hook in 0ms
2026-09-08T21:38:41.589Z DEBUG @wdio/utils:shim: Finished to run "beforeCommand" hook in 0ms
2026-09-08T21:38:41.589Z DEBUG @wdio/utils:shim: Finished to run "beforeCommand" hook in 0ms
2026-09-08T21:38:41.589Z INFO webdriver: COMMAND executeScript(<fn>, <object>)
2026-09-08T21:38:41.589Z INFO webdriver: [POST] http://127.0.0.1:4459/session/73d1ae20-d07b-4899-bca8-5e3083d4ce91/execute/sync
2026-09-08T21:38:41.589Z INFO webdriver: DATA {"script":"\n            function webdriverioPolyfill() {\n  var __defProp = Object.defineProperty;\n  var __name = function(target, _value) {\n    return __defProp(target, \"name\", { value: _value, configurable: true });\n  };\n  var __globalThis = typeof globalThis === \"object\" && globalThis || typeof window === \"object\" && window;\n  __globalThis.__name = __name;\n}\n            webdriverioPolyfill();\n            return (()=>!!window.__TAURI_INTERNALS__).apply(null, arguments)\n        ","args":[]}
2026-09-08T21:38:41.594Z INFO webdriver: RESULT true
2026-09-08T21:38:41.594Z DEBUG @wdio/utils:shim: Finished to run "beforeCommand" hook in 0ms
2026-09-08T21:38:41.594Z DEBUG @wdio/utils:shim: Finished to run "beforeCommand" hook in 0ms
2026-09-08T21:38:41.595Z INFO webdriver: COMMAND executeScript(<fn>, <object>)
2026-09-08T21:38:41.595Z INFO webdriver: [POST] http://127.0.0.1:4459/session/73d1ae20-d07b-4899-bca8-5e3083d4ce91/execute/sync
2026-09-08T21:38:41.595Z INFO webdriver: DATA {"script":"\n            function webdriverioPolyfill() {\n  var __defProp = Object.defineProperty;\n  var __name = function(target, _value) {\n    return __defProp(target, \"name\", { value: _value, configurable: true });\n  };\n  var __globalThis = typeof globalThis === \"object\" && globalThis || typeof window === \"object\" && window;\n  __globalThis.__name = __name;\n}\n            webdriverioPolyfill();\n            return ((id,commandName,commandArgs)=>{const e2eWindow=window;const results=e2eWindow.__AIO_E2E_TAURI_RESULTS__??={};const bridge=e2eWindow.__TAURI_INTERNALS__;if(!bridge){results[id]={status:\"failed\",error:\"Tauri IPC internals are unavailable in the E2E window.\"};return}results[id]={status:\"pending\"};void bridge.invoke(commandName,commandArgs).then(value=>{results[id]={status:\"resolved\",value}}).catch(error=>{results[id]={status:\"failed\",error:String(error)}})}).apply(null, arguments)\n        ","args":["tauri-command-1788903521594-31","stage_plugin_upgrade_from_zip",{"zipPath":"D:\\a\\aio-hub\\aio-hub/plugin/dist/dsh-coding-workspace-0.1.0-win32-x64.zip"}]}
2026-09-08T21:38:41.601Z INFO webdriver: RESULT null
2026-09-08T21:38:41.601Z DEBUG @wdio/utils:shim: Finished to run "beforeCommand" hook in 0ms
2026-09-08T21:38:41.601Z DEBUG @wdio/utils:shim: Finished to run "beforeCommand" hook in 0ms
2026-09-08T21:38:41.601Z DEBUG @wdio/utils:shim: Finished to run "beforeCommand" hook in 0ms
2026-09-08T21:38:41.601Z INFO webdriver: COMMAND executeScript(<fn>, <object>)
2026-09-08T21:38:41.601Z INFO webdriver: [POST] http://127.0.0.1:4459/session/73d1ae20-d07b-4899-bca8-5e3083d4ce91/execute/sync
2026-09-08T21:38:41.601Z INFO webdriver: DATA {"script":"\n            function webdriverioPolyfill() {\n  var __defProp = Object.defineProperty;\n  var __name = function(target, _value) {\n    return __defProp(target, \"name\", { value: _value, configurable: true });\n  };\n  var __globalThis = typeof globalThis === \"object\" && globalThis || typeof window === \"object\" && window;\n  __globalThis.__name = __name;\n}\n            webdriverioPolyfill();\n            return (id=>window.__AIO_E2E_TAURI_RESULTS__?.[id]).apply(null, arguments)\n        ","args":["tauri-command-1788903521594-31"]}
2026-09-08T21:38:41.607Z INFO webdriver: RESULT { status: 'pending' }
2026-09-08T21:38:41.702Z DEBUG @wdio/utils:shim: Finished to run "beforeCommand" hook in 0ms
2026-09-08T21:38:41.702Z DEBUG @wdio/utils:shim: Finished to run "beforeCommand" hook in 0ms
2026-09-08T21:38:41.702Z INFO webdriver: COMMAND executeScript(<fn>, <object>)
2026-09-08T21:38:41.702Z INFO webdriver: [POST] http://127.0.0.1:4459/session/73d1ae20-d07b-4899-bca8-5e3083d4ce91/execute/sync
2026-09-08T21:38:41.702Z INFO webdriver: DATA {"script":"\n            function webdriverioPolyfill() {\n  var __defProp = Object.defineProperty;\n  var __name = function(target, _value) {\n    return __defProp(target, \"name\", { value: _value, configurable: true });\n  };\n  var __globalThis = typeof globalThis === \"object\" && globalThis || typeof window === \"object\" && window;\n  __globalThis.__name = __name;\n}\n            webdriverioPolyfill();\n            return (id=>window.__AIO_E2E_TAURI_RESULTS__?.[id]).apply(null, arguments)\n        ","args":["tauri-command-1788903521594-31"]}
2026-09-08T21:38:41.708Z INFO webdriver: RESULT { status: 'pending' }
2026-09-08T21:38:41.801Z DEBUG @wdio/utils:shim: Finished to run "beforeCommand" hook in 0ms
2026-09-08T21:38:41.801Z DEBUG @wdio/utils:shim: Finished to run "beforeCommand" hook in 0ms
2026-09-08T21:38:41.801Z INFO webdriver: COMMAND executeScript(<fn>, <object>)
2026-09-08T21:38:41.802Z INFO webdriver: [POST] http://127.0.0.1:4459/session/73d1ae20-d07b-4899-bca8-5e3083d4ce91/execute/sync
2026-09-08T21:38:41.802Z INFO webdriver: DATA {"script":"\n            function webdriverioPolyfill() {\n  var __defProp = Object.defineProperty;\n  var __name = function(target, _value) {\n    return __defProp(target, \"name\", { value: _value, configurable: true });\n  };\n  var __globalThis = typeof globalThis === \"object\" && globalThis || typeof window === \"object\" && window;\n  __globalThis.__name = __name;\n}\n            webdriverioPolyfill();\n            return (id=>window.__AIO_E2E_TAURI_RESULTS__?.[id]).apply(null, arguments)\n        ","args":["tauri-command-1788903521594-31"]}
2026-09-08T21:38:41.808Z INFO webdriver: RESULT { status: 'pending' }
2026-09-08T21:38:41.902Z DEBUG @wdio/utils:shim: Finished to run "beforeCommand" hook in 0ms
2026-09-08T21:38:41.902Z DEBUG @wdio/utils:shim: Finished to run "beforeCommand" hook in 0ms
2026-09-08T21:38:41.902Z INFO webdriver: COMMAND executeScript(<fn>, <object>)
2026-09-08T21:38:41.902Z INFO webdriver: [POST] http://127.0.0.1:4459/session/73d1ae20-d07b-4899-bca8-5e3083d4ce91/execute/sync
2026-09-08T21:38:41.902Z INFO webdriver: DATA {"script":"\n            function webdriverioPolyfill() {\n  var __defProp = Object.defineProperty;\n  var __name = function(target, _value) {\n    return __defProp(target, \"name\", { value: _value, configurable: true });\n  };\n  var __globalThis = typeof globalThis === \"object\" && globalThis || typeof window === \"object\" && window;\n  __globalThis.__name = __name;\n}\n            webdriverioPolyfill();\n            return (id=>window.__AIO_E2E_TAURI_RESULTS__?.[id]).apply(null, arguments)\n        ","args":["tauri-command-1788903521594-31"]}
2026-09-08T21:38:41.910Z INFO webdriver: RESULT { status: 'pending' }
2026-09-08T21:38:42.000Z DEBUG @wdio/utils:shim: Finished to run "beforeCommand" hook in 0ms
2026-09-08T21:38:42.001Z DEBUG @wdio/utils:shim: Finished to run "beforeCommand" hook in 0ms
2026-09-08T21:38:42.001Z INFO webdriver: COMMAND executeScript(<fn>, <object>)
2026-09-08T21:38:42.001Z INFO webdriver: [POST] http://127.0.0.1:4459/session/73d1ae20-d07b-4899-bca8-5e3083d4ce91/execute/sync
2026-09-08T21:38:42.001Z INFO webdriver: DATA {"script":"\n            function webdriverioPolyfill() {\n  var __defProp = Object.defineProperty;\n  var __name = function(target, _value) {\n    return __defProp(target, \"name\", { value: _value, configurable: true });\n  };\n  var __globalThis = typeof globalThis === \"object\" && globalThis || typeof window === \"object\" && window;\n  __globalThis.__name = __name;\n}\n            webdriverioPolyfill();\n            return (id=>window.__AIO_E2E_TAURI_RESULTS__?.[id]).apply(null, arguments)\n        ","args":["tauri-command-1788903521594-31"]}
2026-09-08T21:38:42.007Z INFO webdriver: RESULT { status: 'pending' }
2026-09-08T21:38:42.103Z DEBUG @wdio/utils:shim: Finished to run "beforeCommand" hook in 0ms
2026-09-08T21:38:42.103Z DEBUG @wdio/utils:shim: Finished to run "beforeCommand" hook in 0ms
2026-09-08T21:38:42.103Z INFO webdriver: COMMAND executeScript(<fn>, <object>)
2026-09-08T21:38:42.103Z INFO webdriver: [POST] http://127.0.0.1:4459/session/73d1ae20-d07b-4899-bca8-5e3083d4ce91/execute/sync
2026-09-08T21:38:42.103Z INFO webdriver: DATA {"script":"\n            function webdriverioPolyfill() {\n  var __defProp = Object.defineProperty;\n  var __name = function(target, _value) {\n    return __defProp(target, \"name\", { value: _value, configurable: true });\n  };\n  var __globalThis = typeof globalThis === \"object\" && globalThis || typeof window === \"object\" && window;\n  __globalThis.__name = __name;\n}\n            webdriverioPolyfill();\n            return (id=>window.__AIO_E2E_TAURI_RESULTS__?.[id]).apply(null, arguments)\n        ","args":["tauri-command-1788903521594-31"]}
2026-09-08T21:38:42.109Z INFO webdriver: RESULT { status: 'pending' }
2026-09-08T21:38:42.201Z DEBUG @wdio/utils:shim: Finished to run "beforeCommand" hook in 0ms
2026-09-08T21:38:42.202Z DEBUG @wdio/utils:shim: Finished to run "beforeCommand" hook in 0ms
2026-09-08T21:38:42.202Z INFO webdriver: COMMAND executeScript(<fn>, <object>)
2026-09-08T21:38:42.202Z INFO webdriver: [POST] http://127.0.0.1:4459/session/73d1ae20-d07b-4899-bca8-5e3083d4ce91/execute/sync
2026-09-08T21:38:42.202Z INFO webdriver: DATA {"script":"\n            function webdriverioPolyfill() {\n  var __defProp = Object.defineProperty;\n  var __name = function(target, _value) {\n    return __defProp(target, \"name\", { value: _value, configurable: true });\n  };\n  var __globalThis = typeof globalThis === \"object\" && globalThis || typeof window === \"object\" && window;\n  __globalThis.__name = __name;\n}\n            webdriverioPolyfill();\n            return (id=>window.__AIO_E2E_TAURI_RESULTS__?.[id]).apply(null, arguments)\n        ","args":["tauri-command-1788903521594-31"]}
2026-09-08T21:38:42.209Z INFO webdriver: RESULT { status: 'pending' }
2026-09-08T21:38:42.302Z DEBUG @wdio/utils:shim: Finished to run "beforeCommand" hook in 0ms
2026-09-08T21:38:42.302Z DEBUG @wdio/utils:shim: Finished to run "beforeCommand" hook in 0ms
2026-09-08T21:38:42.302Z INFO webdriver: COMMAND executeScript(<fn>, <object>)
2026-09-08T21:38:42.303Z INFO webdriver: [POST] http://127.0.0.1:4459/session/73d1ae20-d07b-4899-bca8-5e3083d4ce91/execute/sync
2026-09-08T21:38:42.303Z INFO webdriver: DATA {"script":"\n            function webdriverioPolyfill() {\n  var __defProp = Object.defineProperty;\n  var __name = function(target, _value) {\n    return __defProp(target, \"name\", { value: _value, configurable: true });\n  };\n  var __globalThis = typeof globalThis === \"object\" && globalThis || typeof window === \"object\" && window;\n  __globalThis.__name = __name;\n}\n            webdriverioPolyfill();\n            return (id=>window.__AIO_E2E_TAURI_RESULTS__?.[id]).apply(null, arguments)\n        ","args":["tauri-command-1788903521594-31"]}
2026-09-08T21:38:42.310Z INFO webdriver: RESULT { status: 'pending' }
2026-09-08T21:38:42.403Z DEBUG @wdio/utils:shim: Finished to run "beforeCommand" hook in 0ms
2026-09-08T21:38:42.404Z DEBUG @wdio/utils:shim: Finished to run "beforeCommand" hook in 0ms
2026-09-08T21:38:42.404Z INFO webdriver: COMMAND executeScript(<fn>, <object>)
2026-09-08T21:38:42.404Z INFO webdriver: [POST] http://127.0.0.1:4459/session/73d1ae20-d07b-4899-bca8-5e3083d4ce91/execute/sync
2026-09-08T21:38:42.404Z INFO webdriver: DATA {"script":"\n            function webdriverioPolyfill() {\n  var __defProp = Object.defineProperty;\n  var __name = function(target, _value) {\n    return __defProp(target, \"name\", { value: _value, configurable: true });\n  };\n  var __globalThis = typeof globalThis === \"object\" && globalThis || typeof window === \"object\" && window;\n  __globalThis.__name = __name;\n}\n            webdriverioPolyfill();\n            return (id=>window.__AIO_E2E_TAURI_RESULTS__?.[id]).apply(null, arguments)\n        ","args":["tauri-command-1788903521594-31"]}
2026-09-08T21:38:42.412Z INFO webdriver: RESULT { status: 'pending' }
2026-09-08T21:38:42.501Z DEBUG @wdio/utils:shim: Finished to run "beforeCommand" hook in 0ms
2026-09-08T21:38:42.502Z DEBUG @wdio/utils:shim: Finished to run "beforeCommand" hook in 1ms
2026-09-08T21:38:42.502Z INFO webdriver: COMMAND executeScript(<fn>, <object>)
2026-09-08T21:38:42.502Z INFO webdriver: [POST] http://127.0.0.1:4459/session/73d1ae20-d07b-4899-bca8-5e3083d4ce91/execute/sync
2026-09-08T21:38:42.502Z INFO webdriver: DATA {"script":"\n            function webdriverioPolyfill() {\n  var __defProp = Object.defineProperty;\n  var __name = function(target, _value) {\n    return __defProp(target, \"name\", { value: _value, configurable: true });\n  };\n  var __globalThis = typeof globalThis === \"object\" && globalThis || typeof window === \"object\" && window;\n  __globalThis.__name = __name;\n}\n            webdriverioPolyfill();\n            return (id=>window.__AIO_E2E_TAURI_RESULTS__?.[id]).apply(null, arguments)\n        ","args":["tauri-command-1788903521594-31"]}
2026-09-08T21:38:42.508Z INFO webdriver: RESULT { status: 'pending' }
2026-09-08T21:38:42.601Z DEBUG @wdio/utils:shim: Finished to run "beforeCommand" hook in 0ms
2026-09-08T21:38:42.601Z DEBUG @wdio/utils:shim: Finished to run "beforeCommand" hook in 0ms
2026-09-08T21:38:42.601Z INFO webdriver: COMMAND executeScript(<fn>, <object>)
2026-09-08T21:38:42.602Z INFO webdriver: [POST] http://127.0.0.1:4459/session/73d1ae20-d07b-4899-bca8-5e3083d4ce91/execute/sync
2026-09-08T21:38:42.602Z INFO webdriver: DATA {"script":"\n            function webdriverioPolyfill() {\n  var __defProp = Object.defineProperty;\n  var __name = function(target, _value) {\n    return __defProp(target, \"name\", { value: _value, configurable: true });\n  };\n  var __globalThis = typeof globalThis === \"object\" && globalThis || typeof window === \"object\" && window;\n  __globalThis.__name = __name;\n}\n            webdriverioPolyfill();\n            return (id=>window.__AIO_E2E_TAURI_RESULTS__?.[id]).apply(null, arguments)\n        ","args":["tauri-command-1788903521594-31"]}
2026-09-08T21:38:42.608Z INFO webdriver: RESULT { status: 'pending' }
2026-09-08T21:38:42.702Z DEBUG @wdio/utils:shim: Finished to run "beforeCommand" hook in 0ms
2026-09-08T21:38:42.702Z DEBUG @wdio/utils:shim: Finished to run "beforeCommand" hook in 0ms
2026-09-08T21:38:42.702Z INFO webdriver: COMMAND executeScript(<fn>, <object>)
2026-09-08T21:38:42.702Z INFO webdriver: [POST] http://127.0.0.1:4459/session/73d1ae20-d07b-4899-bca8-5e3083d4ce91/execute/sync
2026-09-08T21:38:42.702Z INFO webdriver: DATA {"script":"\n            function webdriverioPolyfill() {\n  var __defProp = Object.defineProperty;\n  var __name = function(target, _value) {\n    return __defProp(target, \"name\", { value: _value, configurable: true });\n  };\n  var __globalThis = typeof globalThis === \"object\" && globalThis || typeof window === \"object\" && window;\n  __globalThis.__name = __name;\n}\n            webdriverioPolyfill();\n            return (id=>window.__AIO_E2E_TAURI_RESULTS__?.[id]).apply(null, arguments)\n        ","args":["tauri-command-1788903521594-31"]}
2026-09-08T21:38:42.708Z INFO webdriver: RESULT { status: 'pending' }
2026-09-08T21:38:42.802Z DEBUG @wdio/utils:shim: Finished to run "beforeCommand" hook in 0ms
2026-09-08T21:38:42.802Z DEBUG @wdio/utils:shim: Finished to run "beforeCommand" hook in 0ms
2026-09-08T21:38:42.802Z INFO webdriver: COMMAND executeScript(<fn>, <object>)
2026-09-08T21:38:42.802Z INFO webdriver: [POST] http://127.0.0.1:4459/session/73d1ae20-d07b-4899-bca8-5e3083d4ce91/execute/sync
2026-09-08T21:38:42.802Z INFO webdriver: DATA {"script":"\n            function webdriverioPolyfill() {\n  var __defProp = Object.defineProperty;\n  var __name = function(target, _value) {\n    return __defProp(target, \"name\", { value: _value, configurable: true });\n  };\n  var __globalThis = typeof globalThis === \"object\" && globalThis || typeof window === \"object\" && window;\n  __globalThis.__name = __name;\n}\n            webdriverioPolyfill();\n            return (id=>window.__AIO_E2E_TAURI_RESULTS__?.[id]).apply(null, arguments)\n        ","args":["tauri-command-1788903521594-31"]}
2026-09-08T21:38:42.808Z INFO webdriver: RESULT { status: 'pending' }
2026-09-08T21:38:42.902Z DEBUG @wdio/utils:shim: Finished to run "beforeCommand" hook in 0ms
2026-09-08T21:38:42.902Z DEBUG @wdio/utils:shim: Finished to run "beforeCommand" hook in 0ms
2026-09-08T21:38:42.902Z INFO webdriver: COMMAND executeScript(<fn>, <object>)
2026-09-08T21:38:42.902Z INFO webdriver: [POST] http://127.0.0.1:4459/session/73d1ae20-d07b-4899-bca8-5e3083d4ce91/execute/sync
2026-09-08T21:38:42.903Z INFO webdriver: DATA {"script":"\n            function webdriverioPolyfill() {\n  var __defProp = Object.defineProperty;\n  var __name = function(target, _value) {\n    return __defProp(target, \"name\", { value: _value, configurable: true });\n  };\n  var __globalThis = typeof globalThis === \"object\" && globalThis || typeof window === \"object\" && window;\n  __globalThis.__name = __name;\n}\n            webdriverioPolyfill();\n            return (id=>window.__AIO_E2E_TAURI_RESULTS__?.[id]).apply(null, arguments)\n        ","args":["tauri-command-1788903521594-31"]}
2026-09-08T21:38:42.910Z INFO webdriver: RESULT { status: 'pending' }
2026-09-08T21:38:43.001Z DEBUG @wdio/utils:shim: Finished to run "beforeCommand" hook in 0ms
2026-09-08T21:38:43.002Z DEBUG @wdio/utils:shim: Finished to run "beforeCommand" hook in 0ms
2026-09-08T21:38:43.002Z INFO webdriver: COMMAND executeScript(<fn>, <object>)
2026-09-08T21:38:43.002Z INFO webdriver: [POST] http://127.0.0.1:4459/session/73d1ae20-d07b-4899-bca8-5e3083d4ce91/execute/sync
2026-09-08T21:38:43.002Z INFO webdriver: DATA {"script":"\n            function webdriverioPolyfill() {\n  var __defProp = Object.defineProperty;\n  var __name = function(target, _value) {\n    return __defProp(target, \"name\", { value: _value, configurable: true });\n  };\n  var __globalThis = typeof globalThis === \"object\" && globalThis || typeof window === \"object\" && window;\n  __globalThis.__name = __name;\n}\n            webdriverioPolyfill();\n            return (id=>window.__AIO_E2E_TAURI_RESULTS__?.[id]).apply(null, arguments)\n        ","args":["tauri-command-1788903521594-31"]}
2026-09-08T21:38:43.008Z INFO webdriver: RESULT { status: 'pending' }
2026-09-08T21:38:43.101Z DEBUG @wdio/utils:shim: Finished to run "beforeCommand" hook in 0ms
2026-09-08T21:38:43.102Z DEBUG @wdio/utils:shim: Finished to run "beforeCommand" hook in 0ms
2026-09-08T21:38:43.102Z INFO webdriver: COMMAND executeScript(<fn>, <object>)
2026-09-08T21:38:43.102Z INFO webdriver: [POST] http://127.0.0.1:4459/session/73d1ae20-d07b-4899-bca8-5e3083d4ce91/execute/sync
2026-09-08T21:38:43.102Z INFO webdriver: DATA {"script":"\n            function webdriverioPolyfill() {\n  var __defProp = Object.defineProperty;\n  var __name = function(target, _value) {\n    return __defProp(target, \"name\", { value: _value, configurable: true });\n  };\n  var __globalThis = typeof globalThis === \"object\" && globalThis || typeof window === \"object\" && window;\n  __globalThis.__name = __name;\n}\n            webdriverioPolyfill();\n            return (id=>window.__AIO_E2E_TAURI_RESULTS__?.[id]).apply(null, arguments)\n        ","args":["tauri-command-1788903521594-31"]}
2026-09-08T21:38:43.108Z INFO webdriver: RESULT { status: 'pending' }
2026-09-08T21:38:43.201Z DEBUG @wdio/utils:shim: Finished to run "beforeCommand" hook in 0ms
2026-09-08T21:38:43.202Z DEBUG @wdio/utils:shim: Finished to run "beforeCommand" hook in 0ms
2026-09-08T21:38:43.202Z INFO webdriver: COMMAND executeScript(<fn>, <object>)
2026-09-08T21:38:43.202Z INFO webdriver: [POST] http://127.0.0.1:4459/session/73d1ae20-d07b-4899-bca8-5e3083d4ce91/execute/sync
2026-09-08T21:38:43.202Z INFO webdriver: DATA {"script":"\n            function webdriverioPolyfill() {\n  var __defProp = Object.defineProperty;\n  var __name = function(target, _value) {\n    return __defProp(target, \"name\", { value: _value, configurable: true });\n  };\n  var __globalThis = typeof globalThis === \"object\" && globalThis || typeof window === \"object\" && window;\n  __globalThis.__name = __name;\n}\n            webdriverioPolyfill();\n            return (id=>window.__AIO_E2E_TAURI_RESULTS__?.[id]).apply(null, arguments)\n        ","args":["tauri-command-1788903521594-31"]}
2026-09-08T21:38:43.208Z INFO webdriver: RESULT { status: 'pending' }
2026-09-08T21:38:43.302Z DEBUG @wdio/utils:shim: Finished to run "beforeCommand" hook in 0ms
2026-09-08T21:38:43.302Z DEBUG @wdio/utils:shim: Finished to run "beforeCommand" hook in 0ms
2026-09-08T21:38:43.302Z INFO webdriver: COMMAND executeScript(<fn>, <object>)
2026-09-08T21:38:43.302Z INFO webdriver: [POST] http://127.0.0.1:4459/session/73d1ae20-d07b-4899-bca8-5e3083d4ce91/execute/sync
2026-09-08T21:38:43.302Z INFO webdriver: DATA {"script":"\n            function webdriverioPolyfill() {\n  var __defProp = Object.defineProperty;\n  var __name = function(target, _value) {\n    return __defProp(target, \"name\", { value: _value, configurable: true });\n  };\n  var __globalThis = typeof globalThis === \"object\" && globalThis || typeof window === \"object\" && window;\n  __globalThis.__name = __name;\n}\n            webdriverioPolyfill();\n            return (id=>window.__AIO_E2E_TAURI_RESULTS__?.[id]).apply(null, arguments)\n        ","args":["tauri-command-1788903521594-31"]}
2026-09-08T21:38:43.308Z INFO webdriver: RESULT { status: 'pending' }
2026-09-08T21:38:43.404Z DEBUG @wdio/utils:shim: Finished to run "beforeCommand" hook in 0ms
2026-09-08T21:38:43.404Z DEBUG @wdio/utils:shim: Finished to run "beforeCommand" hook in 0ms
2026-09-08T21:38:43.404Z INFO webdriver: COMMAND executeScript(<fn>, <object>)
2026-09-08T21:38:43.404Z INFO webdriver: [POST] http://127.0.0.1:4459/session/73d1ae20-d07b-4899-bca8-5e3083d4ce91/execute/sync
2026-09-08T21:38:43.404Z INFO webdriver: DATA {"script":"\n            function webdriverioPolyfill() {\n  var __defProp = Object.defineProperty;\n  var __name = function(target, _value) {\n    return __defProp(target, \"name\", { value: _value, configurable: true });\n  };\n  var __globalThis = typeof globalThis === \"object\" && globalThis || typeof window === \"object\" && window;\n  __globalThis.__name = __name;\n}\n            webdriverioPolyfill();\n            return (id=>window.__AIO_E2E_TAURI_RESULTS__?.[id]).apply(null, arguments)\n        ","args":["tauri-command-1788903521594-31"]}
2026-09-08T21:38:43.410Z INFO webdriver: RESULT { status: 'pending' }
2026-09-08T21:38:43.502Z DEBUG @wdio/utils:shim: Finished to run "beforeCommand" hook in 0ms
2026-09-08T21:38:43.502Z DEBUG @wdio/utils:shim: Finished to run "beforeCommand" hook in 0ms
2026-09-08T21:38:43.502Z INFO webdriver: COMMAND executeScript(<fn>, <object>)
2026-09-08T21:38:43.502Z INFO webdriver: [POST] http://127.0.0.1:4459/session/73d1ae20-d07b-4899-bca8-5e3083d4ce91/execute/sync
2026-09-08T21:38:43.502Z INFO webdriver: DATA {"script":"\n            function webdriverioPolyfill() {\n  var __defProp = Object.defineProperty;\n  var __name = function(target, _value) {\n    return __defProp(target, \"name\", { value: _value, configurable: true });\n  };\n  var __globalThis = typeof globalThis === \"object\" && globalThis || typeof window === \"object\" && window;\n  __globalThis.__name = __name;\n}\n            webdriverioPolyfill();\n            return (id=>window.__AIO_E2E_TAURI_RESULTS__?.[id]).apply(null, arguments)\n        ","args":["tauri-command-1788903521594-31"]}
2026-09-08T21:38:43.508Z INFO webdriver: RESULT { status: 'pending' }
2026-09-08T21:38:43.602Z DEBUG @wdio/utils:shim: Finished to run "beforeCommand" hook in 0ms
2026-09-08T21:38:43.602Z DEBUG @wdio/utils:shim: Finished to run "beforeCommand" hook in 0ms
2026-09-08T21:38:43.602Z INFO webdriver: COMMAND executeScript(<fn>, <object>)
2026-09-08T21:38:43.602Z INFO webdriver: [POST] http://127.0.0.1:4459/session/73d1ae20-d07b-4899-bca8-5e3083d4ce91/execute/sync
2026-09-08T21:38:43.602Z INFO webdriver: DATA {"script":"\n            function webdriverioPolyfill() {\n  var __defProp = Object.defineProperty;\n  var __name = function(target, _value) {\n    return __defProp(target, \"name\", { value: _value, configurable: true });\n  };\n  var __globalThis = typeof globalThis === \"object\" && globalThis || typeof window === \"object\" && window;\n  __globalThis.__name = __name;\n}\n            webdriverioPolyfill();\n            return (id=>window.__AIO_E2E_TAURI_RESULTS__?.[id]).apply(null, arguments)\n        ","args":["tauri-command-1788903521594-31"]}
2026-09-08T21:38:43.608Z INFO webdriver: RESULT { status: 'pending' }
2026-09-08T21:38:43.702Z DEBUG @wdio/utils:shim: Finished to run "beforeCommand" hook in 1ms
2026-09-08T21:38:43.702Z DEBUG @wdio/utils:shim: Finished to run "beforeCommand" hook in 0ms
2026-09-08T21:38:43.702Z INFO webdriver: COMMAND executeScript(<fn>, <object>)
2026-09-08T21:38:43.702Z INFO webdriver: [POST] http://127.0.0.1:4459/session/73d1ae20-d07b-4899-bca8-5e3083d4ce91/execute/sync
2026-09-08T21:38:43.702Z INFO webdriver: DATA {"script":"\n            function webdriverioPolyfill() {\n  var __defProp = Object.defineProperty;\n  var __name = function(target, _value) {\n    return __defProp(target, \"name\", { value: _value, configurable: true });\n  };\n  var __globalThis = typeof globalThis === \"object\" && globalThis || typeof window === \"object\" && window;\n  __globalThis.__name = __name;\n}\n            webdriverioPolyfill();\n            return (id=>window.__AIO_E2E_TAURI_RESULTS__?.[id]).apply(null, arguments)\n        ","args":["tauri-command-1788903521594-31"]}
2026-09-08T21:38:43.709Z INFO webdriver: RESULT { status: 'pending' }
2026-09-08T21:38:43.800Z DEBUG @wdio/utils:shim: Finished to run "beforeCommand" hook in 0ms
2026-09-08T21:38:43.800Z DEBUG @wdio/utils:shim: Finished to run "beforeCommand" hook in 0ms
2026-09-08T21:38:43.801Z INFO webdriver: COMMAND executeScript(<fn>, <object>)
2026-09-08T21:38:43.801Z INFO webdriver: [POST] http://127.0.0.1:4459/session/73d1ae20-d07b-4899-bca8-5e3083d4ce91/execute/sync
2026-09-08T21:38:43.801Z INFO webdriver: DATA {"script":"\n            function webdriverioPolyfill() {\n  var __defProp = Object.defineProperty;\n  var __name = function(target, _value) {\n    return __defProp(target, \"name\", { value: _value, configurable: true });\n  };\n  var __globalThis = typeof globalThis === \"object\" && globalThis || typeof window === \"object\" && window;\n  __globalThis.__name = __name;\n}\n            webdriverioPolyfill();\n            return (id=>window.__AIO_E2E_TAURI_RESULTS__?.[id]).apply(null, arguments)\n        ","args":["tauri-command-1788903521594-31"]}
2026-09-08T21:38:43.809Z INFO webdriver: RESULT { status: 'pending' }
2026-09-08T21:38:43.902Z DEBUG @wdio/utils:shim: Finished to run "beforeCommand" hook in 0ms
2026-09-08T21:38:43.902Z DEBUG @wdio/utils:shim: Finished to run "beforeCommand" hook in 0ms
2026-09-08T21:38:43.902Z INFO webdriver: COMMAND executeScript(<fn>, <object>)
2026-09-08T21:38:43.902Z INFO webdriver: [POST] http://127.0.0.1:4459/session/73d1ae20-d07b-4899-bca8-5e3083d4ce91/execute/sync
2026-09-08T21:38:43.902Z INFO webdriver: DATA {"script":"\n            function webdriverioPolyfill() {\n  var __defProp = Object.defineProperty;\n  var __name = function(target, _value) {\n    return __defProp(target, \"name\", { value: _value, configurable: true });\n  };\n  var __globalThis = typeof globalThis === \"object\" && globalThis || typeof window === \"object\" && window;\n  __globalThis.__name = __name;\n}\n            webdriverioPolyfill();\n            return (id=>window.__AIO_E2E_TAURI_RESULTS__?.[id]).apply(null, arguments)\n        ","args":["tauri-command-1788903521594-31"]}
2026-09-08T21:38:43.909Z INFO webdriver: RESULT { status: 'pending' }
2026-09-08T21:38:44.001Z DEBUG @wdio/utils:shim: Finished to run "beforeCommand" hook in 0ms
2026-09-08T21:38:44.001Z DEBUG @wdio/utils:shim: Finished to run "beforeCommand" hook in 0ms
2026-09-08T21:38:44.001Z INFO webdriver: COMMAND executeScript(<fn>, <object>)
2026-09-08T21:38:44.001Z INFO webdriver: [POST] http://127.0.0.1:4459/session/73d1ae20-d07b-4899-bca8-5e3083d4ce91/execute/sync
2026-09-08T21:38:44.001Z INFO webdriver: DATA {"script":"\n            function webdriverioPolyfill() {\n  var __defProp = Object.defineProperty;\n  var __name = function(target, _value) {\n    return __defProp(target, \"name\", { value: _value, configurable: true });\n  };\n  var __globalThis = typeof globalThis === \"object\" && globalThis || typeof window === \"object\" && window;\n  __globalThis.__name = __name;\n}\n            webdriverioPolyfill();\n            return (id=>window.__AIO_E2E_TAURI_RESULTS__?.[id]).apply(null, arguments)\n        ","args":["tauri-command-1788903521594-31"]}
2026-09-08T21:38:44.009Z INFO webdriver: RESULT { status: 'pending' }
2026-09-08T21:38:44.101Z DEBUG @wdio/utils:shim: Finished to run "beforeCommand" hook in 0ms
2026-09-08T21:38:44.101Z DEBUG @wdio/utils:shim: Finished to run "beforeCommand" hook in 0ms
2026-09-08T21:38:44.101Z INFO webdriver: COMMAND executeScript(<fn>, <object>)
2026-09-08T21:38:44.101Z INFO webdriver: [POST] http://127.0.0.1:4459/session/73d1ae20-d07b-4899-bca8-5e3083d4ce91/execute/sync
2026-09-08T21:38:44.102Z INFO webdriver: DATA {"script":"\n            function webdriverioPolyfill() {\n  var __defProp = Object.defineProperty;\n  var __name = function(target, _value) {\n    return __defProp(target, \"name\", { value: _value, configurable: true });\n  };\n  var __globalThis = typeof globalThis === \"object\" && globalThis || typeof window === \"object\" && window;\n  __globalThis.__name = __name;\n}\n            webdriverioPolyfill();\n            return (id=>window.__AIO_E2E_TAURI_RESULTS__?.[id]).apply(null, arguments)\n        ","args":["tauri-command-1788903521594-31"]}
2026-09-08T21:38:44.108Z INFO webdriver: RESULT { status: 'pending' }
2026-09-08T21:38:44.202Z DEBUG @wdio/utils:shim: Finished to run "beforeCommand" hook in 0ms
2026-09-08T21:38:44.202Z DEBUG @wdio/utils:shim: Finished to run "beforeCommand" hook in 0ms
2026-09-08T21:38:44.202Z INFO webdriver: COMMAND executeScript(<fn>, <object>)
2026-09-08T21:38:44.202Z INFO webdriver: [POST] http://127.0.0.1:4459/session/73d1ae20-d07b-4899-bca8-5e3083d4ce91/execute/sync
2026-09-08T21:38:44.202Z INFO webdriver: DATA {"script":"\n            function webdriverioPolyfill() {\n  var __defProp = Object.defineProperty;\n  var __name = function(target, _value) {\n    return __defProp(target, \"name\", { value: _value, configurable: true });\n  };\n  var __globalThis = typeof globalThis === \"object\" && globalThis || typeof window === \"object\" && window;\n  __globalThis.__name = __name;\n}\n            webdriverioPolyfill();\n            return (id=>window.__AIO_E2E_TAURI_RESULTS__?.[id]).apply(null, arguments)\n        ","args":["tauri-command-1788903521594-31"]}
2026-09-08T21:38:44.208Z INFO webdriver: RESULT { status: 'pending' }
2026-09-08T21:38:44.302Z DEBUG @wdio/utils:shim: Finished to run "beforeCommand" hook in 0ms
2026-09-08T21:38:44.302Z DEBUG @wdio/utils:shim: Finished to run "beforeCommand" hook in 0ms
2026-09-08T21:38:44.303Z INFO webdriver: COMMAND executeScript(<fn>, <object>)
2026-09-08T21:38:44.303Z INFO webdriver: [POST] http://127.0.0.1:4459/session/73d1ae20-d07b-4899-bca8-5e3083d4ce91/execute/sync
2026-09-08T21:38:44.303Z INFO webdriver: DATA {"script":"\n            function webdriverioPolyfill() {\n  var __defProp = Object.defineProperty;\n  var __name = function(target, _value) {\n    return __defProp(target, \"name\", { value: _value, configurable: true });\n  };\n  var __globalThis = typeof globalThis === \"object\" && globalThis || typeof window === \"object\" && window;\n  __globalThis.__name = __name;\n}\n            webdriverioPolyfill();\n            return (id=>window.__AIO_E2E_TAURI_RESULTS__?.[id]).apply(null, arguments)\n        ","args":["tauri-command-1788903521594-31"]}
2026-09-08T21:38:44.309Z INFO webdriver: RESULT { status: 'pending' }
2026-09-08T21:38:44.402Z DEBUG @wdio/utils:shim: Finished to run "beforeCommand" hook in 0ms
2026-09-08T21:38:44.402Z DEBUG @wdio/utils:shim: Finished to run "beforeCommand" hook in 0ms
2026-09-08T21:38:44.402Z INFO webdriver: COMMAND executeScript(<fn>, <object>)
2026-09-08T21:38:44.402Z INFO webdriver: [POST] http://127.0.0.1:4459/session/73d1ae20-d07b-4899-bca8-5e3083d4ce91/execute/sync
2026-09-08T21:38:44.402Z INFO webdriver: DATA {"script":"\n            function webdriverioPolyfill() {\n  var __defProp = Object.defineProperty;\n  var __name = function(target, _value) {\n    return __defProp(target, \"name\", { value: _value, configurable: true });\n  };\n  var __globalThis = typeof globalThis === \"object\" && globalThis || typeof window === \"object\" && window;\n  __globalThis.__name = __name;\n}\n            webdriverioPolyfill();\n            return (id=>window.__AIO_E2E_TAURI_RESULTS__?.[id]).apply(null, arguments)\n        ","args":["tauri-command-1788903521594-31"]}
2026-09-08T21:38:44.408Z INFO webdriver: RESULT { status: 'pending' }
2026-09-08T21:38:44.502Z DEBUG @wdio/utils:shim: Finished to run "beforeCommand" hook in 0ms
2026-09-08T21:38:44.502Z DEBUG @wdio/utils:shim: Finished to run "beforeCommand" hook in 0ms
2026-09-08T21:38:44.502Z INFO webdriver: COMMAND executeScript(<fn>, <object>)
2026-09-08T21:38:44.502Z INFO webdriver: [POST] http://127.0.0.1:4459/session/73d1ae20-d07b-4899-bca8-5e3083d4ce91/execute/sync
2026-09-08T21:38:44.502Z INFO webdriver: DATA {"script":"\n            function webdriverioPolyfill() {\n  var __defProp = Object.defineProperty;\n  var __name = function(target, _value) {\n    return __defProp(target, \"name\", { value: _value, configurable: true });\n  };\n  var __globalThis = typeof globalThis === \"object\" && globalThis || typeof window === \"object\" && window;\n  __globalThis.__name = __name;\n}\n            webdriverioPolyfill();\n            return (id=>window.__AIO_E2E_TAURI_RESULTS__?.[id]).apply(null, arguments)\n        ","args":["tauri-command-1788903521594-31"]}
2026-09-08T21:38:44.509Z INFO webdriver: RESULT { status: 'pending' }
2026-09-08T21:38:44.602Z DEBUG @wdio/utils:shim: Finished to run "beforeCommand" hook in 0ms
2026-09-08T21:38:44.602Z DEBUG @wdio/utils:shim: Finished to run "beforeCommand" hook in 0ms
2026-09-08T21:38:44.602Z INFO webdriver: COMMAND executeScript(<fn>, <object>)
2026-09-08T21:38:44.602Z INFO webdriver: [POST] http://127.0.0.1:4459/session/73d1ae20-d07b-4899-bca8-5e3083d4ce91/execute/sync
2026-09-08T21:38:44.602Z INFO webdriver: DATA {"script":"\n            function webdriverioPolyfill() {\n  var __defProp = Object.defineProperty;\n  var __name = function(target, _value) {\n    return __defProp(target, \"name\", { value: _value, configurable: true });\n  };\n  var __globalThis = typeof globalThis === \"object\" && globalThis || typeof window === \"object\" && window;\n  __globalThis.__name = __name;\n}\n            webdriverioPolyfill();\n            return (id=>window.__AIO_E2E_TAURI_RESULTS__?.[id]).apply(null, arguments)\n        ","args":["tauri-command-1788903521594-31"]}
2026-09-08T21:38:44.610Z INFO webdriver: RESULT { status: 'pending' }
2026-09-08T21:38:44.701Z DEBUG @wdio/utils:shim: Finished to run "beforeCommand" hook in 0ms
2026-09-08T21:38:44.701Z DEBUG @wdio/utils:shim: Finished to run "beforeCommand" hook in 0ms
2026-09-08T21:38:44.701Z INFO webdriver: COMMAND executeScript(<fn>, <object>)
2026-09-08T21:38:44.702Z INFO webdriver: [POST] http://127.0.0.1:4459/session/73d1ae20-d07b-4899-bca8-5e3083d4ce91/execute/sync
2026-09-08T21:38:44.702Z INFO webdriver: DATA {"script":"\n            function webdriverioPolyfill() {\n  var __defProp = Object.defineProperty;\n  var __name = function(target, _value) {\n    return __defProp(target, \"name\", { value: _value, configurable: true });\n  };\n  var __globalThis = typeof globalThis === \"object\" && globalThis || typeof window === \"object\" && window;\n  __globalThis.__name = __name;\n}\n            webdriverioPolyfill();\n            return (id=>window.__AIO_E2E_TAURI_RESULTS__?.[id]).apply(null, arguments)\n        ","args":["tauri-command-1788903521594-31"]}
2026-09-08T21:38:44.710Z INFO webdriver: RESULT { status: 'pending' }
2026-09-08T21:38:44.802Z DEBUG @wdio/utils:shim: Finished to run "beforeCommand" hook in 0ms
2026-09-08T21:38:44.802Z DEBUG @wdio/utils:shim: Finished to run "beforeCommand" hook in 0ms
2026-09-08T21:38:44.802Z INFO webdriver: COMMAND executeScript(<fn>, <object>)
2026-09-08T21:38:44.802Z INFO webdriver: [POST] http://127.0.0.1:4459/session/73d1ae20-d07b-4899-bca8-5e3083d4ce91/execute/sync
2026-09-08T21:38:44.802Z INFO webdriver: DATA {"script":"\n            function webdriverioPolyfill() {\n  var __defProp = Object.defineProperty;\n  var __name = function(target, _value) {\n    return __defProp(target, \"name\", { value: _value, configurable: true });\n  };\n  var __globalThis = typeof globalThis === \"object\" && globalThis || typeof window === \"object\" && window;\n  __globalThis.__name = __name;\n}\n            webdriverioPolyfill();\n            return (id=>window.__AIO_E2E_TAURI_RESULTS__?.[id]).apply(null, arguments)\n        ","args":["tauri-command-1788903521594-31"]}
2026-09-08T21:38:44.808Z INFO webdriver: RESULT { status: 'pending' }
2026-09-08T21:38:44.902Z DEBUG @wdio/utils:shim: Finished to run "beforeCommand" hook in 0ms
2026-09-08T21:38:44.902Z DEBUG @wdio/utils:shim: Finished to run "beforeCommand" hook in 0ms
2026-09-08T21:38:44.902Z INFO webdriver: COMMAND executeScript(<fn>, <object>)
2026-09-08T21:38:44.902Z INFO webdriver: [POST] http://127.0.0.1:4459/session/73d1ae20-d07b-4899-bca8-5e3083d4ce91/execute/sync
2026-09-08T21:38:44.902Z INFO webdriver: DATA {"script":"\n            function webdriverioPolyfill() {\n  var __defProp = Object.defineProperty;\n  var __name = function(target, _value) {\n    return __defProp(target, \"name\", { value: _value, configurable: true });\n  };\n  var __globalThis = typeof globalThis === \"object\" && globalThis || typeof window === \"object\" && window;\n  __globalThis.__name = __name;\n}\n            webdriverioPolyfill();\n            return (id=>window.__AIO_E2E_TAURI_RESULTS__?.[id]).apply(null, arguments)\n        ","args":["tauri-command-1788903521594-31"]}
2026-09-08T21:38:44.910Z INFO webdriver: RESULT { status: 'pending' }
2026-09-08T21:38:45.000Z DEBUG @wdio/utils:shim: Finished to run "beforeCommand" hook in 0ms
2026-09-08T21:38:45.000Z DEBUG @wdio/utils:shim: Finished to run "beforeCommand" hook in 0ms
2026-09-08T21:38:45.001Z INFO webdriver: COMMAND executeScript(<fn>, <object>)
2026-09-08T21:38:45.001Z INFO webdriver: [POST] http://127.0.0.1:4459/session/73d1ae20-d07b-4899-bca8-5e3083d4ce91/execute/sync
2026-09-08T21:38:45.001Z INFO webdriver: DATA {"script":"\n            function webdriverioPolyfill() {\n  var __defProp = Object.defineProperty;\n  var __name = function(target, _value) {\n    return __defProp(target, \"name\", { value: _value, configurable: true });\n  };\n  var __globalThis = typeof globalThis === \"object\" && globalThis || typeof window === \"object\" && window;\n  __globalThis.__name = __name;\n}\n            webdriverioPolyfill();\n            return (id=>window.__AIO_E2E_TAURI_RESULTS__?.[id]).apply(null, arguments)\n        ","args":["tauri-command-1788903521594-31"]}
2026-09-08T21:38:45.008Z INFO webdriver: RESULT { status: 'pending' }
2026-09-08T21:38:45.102Z DEBUG @wdio/utils:shim: Finished to run "beforeCommand" hook in 0ms
2026-09-08T21:38:45.102Z DEBUG @wdio/utils:shim: Finished to run "beforeCommand" hook in 0ms
2026-09-08T21:38:45.102Z INFO webdriver: COMMAND executeScript(<fn>, <object>)
2026-09-08T21:38:45.102Z INFO webdriver: [POST] http://127.0.0.1:4459/session/73d1ae20-d07b-4899-bca8-5e3083d4ce91/execute/sync
2026-09-08T21:38:45.102Z INFO webdriver: DATA {"script":"\n            function webdriverioPolyfill() {\n  var __defProp = Object.defineProperty;\n  var __name = function(target, _value) {\n    return __defProp(target, \"name\", { value: _value, configurable: true });\n  };\n  var __globalThis = typeof globalThis === \"object\" && globalThis || typeof window === \"object\" && window;\n  __globalThis.__name = __name;\n}\n            webdriverioPolyfill();\n            return (id=>window.__AIO_E2E_TAURI_RESULTS__?.[id]).apply(null, arguments)\n        ","args":["tauri-command-1788903521594-31"]}
2026-09-08T21:38:45.108Z INFO webdriver: RESULT { status: 'pending' }
2026-09-08T21:38:45.201Z DEBUG @wdio/utils:shim: Finished to run "beforeCommand" hook in 0ms
2026-09-08T21:38:45.201Z DEBUG @wdio/utils:shim: Finished to run "beforeCommand" hook in 0ms
2026-09-08T21:38:45.201Z INFO webdriver: COMMAND executeScript(<fn>, <object>)
2026-09-08T21:38:45.201Z INFO webdriver: [POST] http://127.0.0.1:4459/session/73d1ae20-d07b-4899-bca8-5e3083d4ce91/execute/sync
2026-09-08T21:38:45.201Z INFO webdriver: DATA {"script":"\n            function webdriverioPolyfill() {\n  var __defProp = Object.defineProperty;\n  var __name = function(target, _value) {\n    return __defProp(target, \"name\", { value: _value, configurable: true });\n  };\n  var __globalThis = typeof globalThis === \"object\" && globalThis || typeof window === \"object\" && window;\n  __globalThis.__name = __name;\n}\n            webdriverioPolyfill();\n            return (id=>window.__AIO_E2E_TAURI_RESULTS__?.[id]).apply(null, arguments)\n        ","args":["tauri-command-1788903521594-31"]}
2026-09-08T21:38:45.208Z INFO webdriver: RESULT { status: 'pending' }
2026-09-08T21:38:45.302Z DEBUG @wdio/utils:shim: Finished to run "beforeCommand" hook in 0ms
2026-09-08T21:38:45.302Z DEBUG @wdio/utils:shim: Finished to run "beforeCommand" hook in 0ms
2026-09-08T21:38:45.302Z INFO webdriver: COMMAND executeScript(<fn>, <object>)
2026-09-08T21:38:45.302Z INFO webdriver: [POST] http://127.0.0.1:4459/session/73d1ae20-d07b-4899-bca8-5e3083d4ce91/execute/sync
2026-09-08T21:38:45.302Z INFO webdriver: DATA {"script":"\n            function webdriverioPolyfill() {\n  var __defProp = Object.defineProperty;\n  var __name = function(target, _value) {\n    return __defProp(target, \"name\", { value: _value, configurable: true });\n  };\n  var __globalThis = typeof globalThis === \"object\" && globalThis || typeof window === \"object\" && window;\n  __globalThis.__name = __name;\n}\n            webdriverioPolyfill();\n            return (id=>window.__AIO_E2E_TAURI_RESULTS__?.[id]).apply(null, arguments)\n        ","args":["tauri-command-1788903521594-31"]}
2026-09-08T21:38:45.308Z INFO webdriver: RESULT { status: 'pending' }
2026-09-08T21:38:45.402Z DEBUG @wdio/utils:shim: Finished to run "beforeCommand" hook in 0ms
2026-09-08T21:38:45.403Z DEBUG @wdio/utils:shim: Finished to run "beforeCommand" hook in 0ms
2026-09-08T21:38:45.403Z INFO webdriver: COMMAND executeScript(<fn>, <object>)
2026-09-08T21:38:45.403Z INFO webdriver: [POST] http://127.0.0.1:4459/session/73d1ae20-d07b-4899-bca8-5e3083d4ce91/execute/sync
2026-09-08T21:38:45.403Z INFO webdriver: DATA {"script":"\n            function webdriverioPolyfill() {\n  var __defProp = Object.defineProperty;\n  var __name = function(target, _value) {\n    return __defProp(target, \"name\", { value: _value, configurable: true });\n  };\n  var __globalThis = typeof globalThis === \"object\" && globalThis || typeof window === \"object\" && window;\n  __globalThis.__name = __name;\n}\n            webdriverioPolyfill();\n            return (id=>window.__AIO_E2E_TAURI_RESULTS__?.[id]).apply(null, arguments)\n        ","args":["tauri-command-1788903521594-31"]}
2026-09-08T21:38:45.409Z INFO webdriver: RESULT { status: 'pending' }
2026-09-08T21:38:45.501Z DEBUG @wdio/utils:shim: Finished to run "beforeCommand" hook in 0ms
2026-09-08T21:38:45.501Z DEBUG @wdio/utils:shim: Finished to run "beforeCommand" hook in 0ms
2026-09-08T21:38:45.501Z INFO webdriver: COMMAND executeScript(<fn>, <object>)
2026-09-08T21:38:45.502Z INFO webdriver: [POST] http://127.0.0.1:4459/session/73d1ae20-d07b-4899-bca8-5e3083d4ce91/execute/sync
2026-09-08T21:38:45.502Z INFO webdriver: DATA {"script":"\n            function webdriverioPolyfill() {\n  var __defProp = Object.defineProperty;\n  var __name = function(target, _value) {\n    return __defProp(target, \"name\", { value: _value, configurable: true });\n  };\n  var __globalThis = typeof globalThis === \"object\" && globalThis || typeof window === \"object\" && window;\n  __globalThis.__name = __name;\n}\n            webdriverioPolyfill();\n            return (id=>window.__AIO_E2E_TAURI_RESULTS__?.[id]).apply(null, arguments)\n        ","args":["tauri-command-1788903521594-31"]}
2026-09-08T21:38:45.509Z INFO webdriver: RESULT { status: 'pending' }
2026-09-08T21:38:45.603Z DEBUG @wdio/utils:shim: Finished to run "beforeCommand" hook in 0ms
2026-09-08T21:38:45.604Z DEBUG @wdio/utils:shim: Finished to run "beforeCommand" hook in 0ms
2026-09-08T21:38:45.604Z INFO webdriver: COMMAND executeScript(<fn>, <object>)
2026-09-08T21:38:45.604Z INFO webdriver: [POST] http://127.0.0.1:4459/session/73d1ae20-d07b-4899-bca8-5e3083d4ce91/execute/sync
2026-09-08T21:38:45.604Z INFO webdriver: DATA {"script":"\n            function webdriverioPolyfill() {\n  var __defProp = Object.defineProperty;\n  var __name = function(target, _value) {\n    return __defProp(target, \"name\", { value: _value, configurable: true });\n  };\n  var __globalThis = typeof globalThis === \"object\" && globalThis || typeof window === \"object\" && window;\n  __globalThis.__name = __name;\n}\n            webdriverioPolyfill();\n            return (id=>window.__AIO_E2E_TAURI_RESULTS__?.[id]).apply(null, arguments)\n        ","args":["tauri-command-1788903521594-31"]}
2026-09-08T21:38:45.611Z INFO webdriver: RESULT { status: 'pending' }
2026-09-08T21:38:45.705Z DEBUG @wdio/utils:shim: Finished to run "beforeCommand" hook in 0ms
2026-09-08T21:38:45.705Z DEBUG @wdio/utils:shim: Finished to run "beforeCommand" hook in 0ms
2026-09-08T21:38:45.705Z INFO webdriver: COMMAND executeScript(<fn>, <object>)
2026-09-08T21:38:45.705Z INFO webdriver: [POST] http://127.0.0.1:4459/session/73d1ae20-d07b-4899-bca8-5e3083d4ce91/execute/sync
2026-09-08T21:38:45.705Z INFO webdriver: DATA {"script":"\n            function webdriverioPolyfill() {\n  var __defProp = Object.defineProperty;\n  var __name = function(target, _value) {\n    return __defProp(target, \"name\", { value: _value, configurable: true });\n  };\n  var __globalThis = typeof globalThis === \"object\" && globalThis || typeof window === \"object\" && window;\n  __globalThis.__name = __name;\n}\n            webdriverioPolyfill();\n            return (id=>window.__AIO_E2E_TAURI_RESULTS__?.[id]).apply(null, arguments)\n        ","args":["tauri-command-1788903521594-31"]}
2026-09-08T21:38:45.712Z INFO webdriver: RESULT { status: 'pending' }
2026-09-08T21:38:45.802Z DEBUG @wdio/utils:shim: Finished to run "beforeCommand" hook in 0ms
2026-09-08T21:38:45.802Z DEBUG @wdio/utils:shim: Finished to run "beforeCommand" hook in 0ms
2026-09-08T21:38:45.802Z INFO webdriver: COMMAND executeScript(<fn>, <object>)
2026-09-08T21:38:45.803Z INFO webdriver: [POST] http://127.0.0.1:4459/session/73d1ae20-d07b-4899-bca8-5e3083d4ce91/execute/sync
2026-09-08T21:38:45.803Z INFO webdriver: DATA {"script":"\n            function webdriverioPolyfill() {\n  var __defProp = Object.defineProperty;\n  var __name = function(target, _value) {\n    return __defProp(target, \"name\", { value: _value, configurable: true });\n  };\n  var __globalThis = typeof globalThis === \"object\" && globalThis || typeof window === \"object\" && window;\n  __globalThis.__name = __name;\n}\n            webdriverioPolyfill();\n            return (id=>window.__AIO_E2E_TAURI_RESULTS__?.[id]).apply(null, arguments)\n        ","args":["tauri-command-1788903521594-31"]}
2026-09-08T21:38:45.809Z INFO webdriver: RESULT { status: 'pending' }
2026-09-08T21:38:45.904Z DEBUG @wdio/utils:shim: Finished to run "beforeCommand" hook in 0ms
2026-09-08T21:38:45.904Z DEBUG @wdio/utils:shim: Finished to run "beforeCommand" hook in 0ms
2026-09-08T21:38:45.904Z INFO webdriver: COMMAND executeScript(<fn>, <object>)
2026-09-08T21:38:45.904Z INFO webdriver: [POST] http://127.0.0.1:4459/session/73d1ae20-d07b-4899-bca8-5e3083d4ce91/execute/sync
2026-09-08T21:38:45.904Z INFO webdriver: DATA {"script":"\n            function webdriverioPolyfill() {\n  var __defProp = Object.defineProperty;\n  var __name = function(target, _value) {\n    return __defProp(target, \"name\", { value: _value, configurable: true });\n  };\n  var __globalThis = typeof globalThis === \"object\" && globalThis || typeof window === \"object\" && window;\n  __globalThis.__name = __name;\n}\n            webdriverioPolyfill();\n            return (id=>window.__AIO_E2E_TAURI_RESULTS__?.[id]).apply(null, arguments)\n        ","args":["tauri-command-1788903521594-31"]}
2026-09-08T21:38:45.912Z INFO webdriver: RESULT { status: 'pending' }
2026-09-08T21:38:46.001Z DEBUG @wdio/utils:shim: Finished to run "beforeCommand" hook in 0ms
2026-09-08T21:38:46.001Z DEBUG @wdio/utils:shim: Finished to run "beforeCommand" hook in 0ms
2026-09-08T21:38:46.001Z INFO webdriver: COMMAND executeScript(<fn>, <object>)
2026-09-08T21:38:46.002Z INFO webdriver: [POST] http://127.0.0.1:4459/session/73d1ae20-d07b-4899-bca8-5e3083d4ce91/execute/sync
2026-09-08T21:38:46.002Z INFO webdriver: DATA {"script":"\n            function webdriverioPolyfill() {\n  var __defProp = Object.defineProperty;\n  var __name = function(target, _value) {\n    return __defProp(target, \"name\", { value: _value, configurable: true });\n  };\n  var __globalThis = typeof globalThis === \"object\" && globalThis || typeof window === \"object\" && window;\n  __globalThis.__name = __name;\n}\n            webdriverioPolyfill();\n            return (id=>window.__AIO_E2E_TAURI_RESULTS__?.[id]).apply(null, arguments)\n        ","args":["tauri-command-1788903521594-31"]}
2026-09-08T21:38:46.008Z INFO webdriver: RESULT { status: 'pending' }
2026-09-08T21:38:46.103Z DEBUG @wdio/utils:shim: Finished to run "beforeCommand" hook in 0ms
2026-09-08T21:38:46.103Z DEBUG @wdio/utils:shim: Finished to run "beforeCommand" hook in 0ms
2026-09-08T21:38:46.103Z INFO webdriver: COMMAND executeScript(<fn>, <object>)
2026-09-08T21:38:46.103Z INFO webdriver: [POST] http://127.0.0.1:4459/session/73d1ae20-d07b-4899-bca8-5e3083d4ce91/execute/sync
2026-09-08T21:38:46.103Z INFO webdriver: DATA {"script":"\n            function webdriverioPolyfill() {\n  var __defProp = Object.defineProperty;\n  var __name = function(target, _value) {\n    return __defProp(target, \"name\", { value: _value, configurable: true });\n  };\n  var __globalThis = typeof globalThis === \"object\" && globalThis || typeof window === \"object\" && window;\n  __globalThis.__name = __name;\n}\n            webdriverioPolyfill();\n            return (id=>window.__AIO_E2E_TAURI_RESULTS__?.[id]).apply(null, arguments)\n        ","args":["tauri-command-1788903521594-31"]}
2026-09-08T21:38:46.109Z INFO webdriver: RESULT { status: 'pending' }
2026-09-08T21:38:46.202Z DEBUG @wdio/utils:shim: Finished to run "beforeCommand" hook in 0ms
2026-09-08T21:38:46.202Z DEBUG @wdio/utils:shim: Finished to run "beforeCommand" hook in 0ms
2026-09-08T21:38:46.203Z INFO webdriver: COMMAND executeScript(<fn>, <object>)
2026-09-08T21:38:46.203Z INFO webdriver: [POST] http://127.0.0.1:4459/session/73d1ae20-d07b-4899-bca8-5e3083d4ce91/execute/sync
2026-09-08T21:38:46.203Z INFO webdriver: DATA {"script":"\n            function webdriverioPolyfill() {\n  var __defProp = Object.defineProperty;\n  var __name = function(target, _value) {\n    return __defProp(target, \"name\", { value: _value, configurable: true });\n  };\n  var __globalThis = typeof globalThis === \"object\" && globalThis || typeof window === \"object\" && window;\n  __globalThis.__name = __name;\n}\n            webdriverioPolyfill();\n            return (id=>window.__AIO_E2E_TAURI_RESULTS__?.[id]).apply(null, arguments)\n        ","args":["tauri-command-1788903521594-31"]}
2026-09-08T21:38:46.210Z INFO webdriver: RESULT { status: 'pending' }
2026-09-08T21:38:46.302Z DEBUG @wdio/utils:shim: Finished to run "beforeCommand" hook in 0ms
2026-09-08T21:38:46.302Z DEBUG @wdio/utils:shim: Finished to run "beforeCommand" hook in 0ms
2026-09-08T21:38:46.302Z INFO webdriver: COMMAND executeScript(<fn>, <object>)
2026-09-08T21:38:46.303Z INFO webdriver: [POST] http://127.0.0.1:4459/session/73d1ae20-d07b-4899-bca8-5e3083d4ce91/execute/sync
2026-09-08T21:38:46.303Z INFO webdriver: DATA {"script":"\n            function webdriverioPolyfill() {\n  var __defProp = Object.defineProperty;\n  var __name = function(target, _value) {\n    return __defProp(target, \"name\", { value: _value, configurable: true });\n  };\n  var __globalThis = typeof globalThis === \"object\" && globalThis || typeof window === \"object\" && window;\n  __globalThis.__name = __name;\n}\n            webdriverioPolyfill();\n            return (id=>window.__AIO_E2E_TAURI_RESULTS__?.[id]).apply(null, arguments)\n        ","args":["tauri-command-1788903521594-31"]}
2026-09-08T21:38:46.310Z INFO webdriver: RESULT { status: 'pending' }
2026-09-08T21:38:46.402Z DEBUG @wdio/utils:shim: Finished to run "beforeCommand" hook in 0ms
2026-09-08T21:38:46.402Z DEBUG @wdio/utils:shim: Finished to run "beforeCommand" hook in 0ms
2026-09-08T21:38:46.402Z INFO webdriver: COMMAND executeScript(<fn>, <object>)
2026-09-08T21:38:46.402Z INFO webdriver: [POST] http://127.0.0.1:4459/session/73d1ae20-d07b-4899-bca8-5e3083d4ce91/execute/sync
2026-09-08T21:38:46.402Z INFO webdriver: DATA {"script":"\n            function webdriverioPolyfill() {\n  var __defProp = Object.defineProperty;\n  var __name = function(target, _value) {\n    return __defProp(target, \"name\", { value: _value, configurable: true });\n  };\n  var __globalThis = typeof globalThis === \"object\" && globalThis || typeof window === \"object\" && window;\n  __globalThis.__name = __name;\n}\n            webdriverioPolyfill();\n            return (id=>window.__AIO_E2E_TAURI_RESULTS__?.[id]).apply(null, arguments)\n        ","args":["tauri-command-1788903521594-31"]}
2026-09-08T21:38:46.408Z INFO webdriver: RESULT { status: 'pending' }
2026-09-08T21:38:46.503Z DEBUG @wdio/utils:shim: Finished to run "beforeCommand" hook in 0ms
2026-09-08T21:38:46.503Z DEBUG @wdio/utils:shim: Finished to run "beforeCommand" hook in 0ms
2026-09-08T21:38:46.503Z INFO webdriver: COMMAND executeScript(<fn>, <object>)
2026-09-08T21:38:46.504Z INFO webdriver: [POST] http://127.0.0.1:4459/session/73d1ae20-d07b-4899-bca8-5e3083d4ce91/execute/sync
2026-09-08T21:38:46.504Z INFO webdriver: DATA {"script":"\n            function webdriverioPolyfill() {\n  var __defProp = Object.defineProperty;\n  var __name = function(target, _value) {\n    return __defProp(target, \"name\", { value: _value, configurable: true });\n  };\n  var __globalThis = typeof globalThis === \"object\" && globalThis || typeof window === \"object\" && window;\n  __globalThis.__name = __name;\n}\n            webdriverioPolyfill();\n            return (id=>window.__AIO_E2E_TAURI_RESULTS__?.[id]).apply(null, arguments)\n        ","args":["tauri-command-1788903521594-31"]}
2026-09-08T21:38:46.511Z INFO webdriver: RESULT { status: 'pending' }
2026-09-08T21:38:46.602Z DEBUG @wdio/utils:shim: Finished to run "beforeCommand" hook in 0ms
2026-09-08T21:38:46.602Z DEBUG @wdio/utils:shim: Finished to run "beforeCommand" hook in 0ms
2026-09-08T21:38:46.602Z INFO webdriver: COMMAND executeScript(<fn>, <object>)
2026-09-08T21:38:46.602Z INFO webdriver: [POST] http://127.0.0.1:4459/session/73d1ae20-d07b-4899-bca8-5e3083d4ce91/execute/sync
2026-09-08T21:38:46.602Z INFO webdriver: DATA {"script":"\n            function webdriverioPolyfill() {\n  var __defProp = Object.defineProperty;\n  var __name = function(target, _value) {\n    return __defProp(target, \"name\", { value: _value, configurable: true });\n  };\n  var __globalThis = typeof globalThis === \"object\" && globalThis || typeof window === \"object\" && window;\n  __globalThis.__name = __name;\n}\n            webdriverioPolyfill();\n            return (id=>window.__AIO_E2E_TAURI_RESULTS__?.[id]).apply(null, arguments)\n        ","args":["tauri-command-1788903521594-31"]}
2026-09-08T21:38:46.608Z INFO webdriver: RESULT { status: 'pending' }
2026-09-08T21:38:46.701Z DEBUG @wdio/utils:shim: Finished to run "beforeCommand" hook in 0ms
2026-09-08T21:38:46.701Z DEBUG @wdio/utils:shim: Finished to run "beforeCommand" hook in 0ms
2026-09-08T21:38:46.701Z INFO webdriver: COMMAND executeScript(<fn>, <object>)
2026-09-08T21:38:46.702Z INFO webdriver: [POST] http://127.0.0.1:4459/session/73d1ae20-d07b-4899-bca8-5e3083d4ce91/execute/sync
2026-09-08T21:38:46.702Z INFO webdriver: DATA {"script":"\n            function webdriverioPolyfill() {\n  var __defProp = Object.defineProperty;\n  var __name = function(target, _value) {\n    return __defProp(target, \"name\", { value: _value, configurable: true });\n  };\n  var __globalThis = typeof globalThis === \"object\" && globalThis || typeof window === \"object\" && window;\n  __globalThis.__name = __name;\n}\n            webdriverioPolyfill();\n            return (id=>window.__AIO_E2E_TAURI_RESULTS__?.[id]).apply(null, arguments)\n        ","args":["tauri-command-1788903521594-31"]}
2026-09-08T21:38:46.708Z INFO webdriver: RESULT { status: 'pending' }
2026-09-08T21:38:46.802Z DEBUG @wdio/utils:shim: Finished to run "beforeCommand" hook in 0ms
2026-09-08T21:38:46.802Z DEBUG @wdio/utils:shim: Finished to run "beforeCommand" hook in 0ms
2026-09-08T21:38:46.802Z INFO webdriver: COMMAND executeScript(<fn>, <object>)
2026-09-08T21:38:46.803Z INFO webdriver: [POST] http://127.0.0.1:4459/session/73d1ae20-d07b-4899-bca8-5e3083d4ce91/execute/sync
2026-09-08T21:38:46.803Z INFO webdriver: DATA {"script":"\n            function webdriverioPolyfill() {\n  var __defProp = Object.defineProperty;\n  var __name = function(target, _value) {\n    return __defProp(target, \"name\", { value: _value, configurable: true });\n  };\n  var __globalThis = typeof globalThis === \"object\" && globalThis || typeof window === \"object\" && window;\n  __globalThis.__name = __name;\n}\n            webdriverioPolyfill();\n            return (id=>window.__AIO_E2E_TAURI_RESULTS__?.[id]).apply(null, arguments)\n        ","args":["tauri-command-1788903521594-31"]}
2026-09-08T21:38:46.810Z INFO webdriver: RESULT { status: 'pending' }
2026-09-08T21:38:46.902Z DEBUG @wdio/utils:shim: Finished to run "beforeCommand" hook in 0ms
2026-09-08T21:38:46.902Z DEBUG @wdio/utils:shim: Finished to run "beforeCommand" hook in 0ms
2026-09-08T21:38:46.902Z INFO webdriver: COMMAND executeScript(<fn>, <object>)
2026-09-08T21:38:46.902Z INFO webdriver: [POST] http://127.0.0.1:4459/session/73d1ae20-d07b-4899-bca8-5e3083d4ce91/execute/sync
2026-09-08T21:38:46.902Z INFO webdriver: DATA {"script":"\n            function webdriverioPolyfill() {\n  var __defProp = Object.defineProperty;\n  var __name = function(target, _value) {\n    return __defProp(target, \"name\", { value: _value, configurable: true });\n  };\n  var __globalThis = typeof globalThis === \"object\" && globalThis || typeof window === \"object\" && window;\n  __globalThis.__name = __name;\n}\n            webdriverioPolyfill();\n            return (id=>window.__AIO_E2E_TAURI_RESULTS__?.[id]).apply(null, arguments)\n        ","args":["tauri-command-1788903521594-31"]}
2026-09-08T21:38:46.909Z INFO webdriver: RESULT { status: 'pending' }
2026-09-08T21:38:47.000Z DEBUG @wdio/utils:shim: Finished to run "beforeCommand" hook in 0ms
2026-09-08T21:38:47.000Z DEBUG @wdio/utils:shim: Finished to run "beforeCommand" hook in 0ms
2026-09-08T21:38:47.000Z INFO webdriver: COMMAND executeScript(<fn>, <object>)
2026-09-08T21:38:47.001Z INFO webdriver: [POST] http://127.0.0.1:4459/session/73d1ae20-d07b-4899-bca8-5e3083d4ce91/execute/sync
2026-09-08T21:38:47.001Z INFO webdriver: DATA {"script":"\n            function webdriverioPolyfill() {\n  var __defProp = Object.defineProperty;\n  var __name = function(target, _value) {\n    return __defProp(target, \"name\", { value: _value, configurable: true });\n  };\n  var __globalThis = typeof globalThis === \"object\" && globalThis || typeof window === \"object\" && window;\n  __globalThis.__name = __name;\n}\n            webdriverioPolyfill();\n            return (id=>window.__AIO_E2E_TAURI_RESULTS__?.[id]).apply(null, arguments)\n        ","args":["tauri-command-1788903521594-31"]}
2026-09-08T21:38:47.007Z INFO webdriver: RESULT { status: 'pending' }
2026-09-08T21:38:47.111Z DEBUG @wdio/utils:shim: Finished to run "beforeCommand" hook in 0ms
2026-09-08T21:38:47.111Z DEBUG @wdio/utils:shim: Finished to run "beforeCommand" hook in 0ms
2026-09-08T21:38:47.112Z INFO webdriver: COMMAND executeScript(<fn>, <object>)
2026-09-08T21:38:47.112Z INFO webdriver: [POST] http://127.0.0.1:4459/session/73d1ae20-d07b-4899-bca8-5e3083d4ce91/execute/sync
2026-09-08T21:38:47.112Z INFO webdriver: DATA {"script":"\n            function webdriverioPolyfill() {\n  var __defProp = Object.defineProperty;\n  var __name = function(target, _value) {\n    return __defProp(target, \"name\", { value: _value, configurable: true });\n  };\n  var __globalThis = typeof globalThis === \"object\" && globalThis || typeof window === \"object\" && window;\n  __globalThis.__name = __name;\n}\n            webdriverioPolyfill();\n            return (id=>window.__AIO_E2E_TAURI_RESULTS__?.[id]).apply(null, arguments)\n        ","args":["tauri-command-1788903521594-31"]}
2026-09-08T21:38:47.118Z INFO webdriver: RESULT {
  status: 'resolved',
  value: {
    candidatePath: 'D:\\a\\aio-hub\\aio-hub\\.e2e-data\\dsh-native\\plugin-upgrade-staging\\744ac418-82bb-404d-a5f5-bff7b28bc32a\\candidate',
    currentPath: 'D:\\a\\aio-hub\\aio-hub\\.e2e-data\\dsh-native\\plugins\\dsh-coding-workspace',
    pluginId: 'dsh-coding-workspace',
    pluginName: 'Coding工作站',
    probePluginId: 'dsh-coding-workspace-upgrade-probe-744ac418-82bb-404d-a5f5-bff7b28bc32a',
    transactionId: '744ac418-82bb-404d-a5f5-bff7b28bc32a',
    version: '0.1.0'
  }
}
2026-09-08T21:38:47.119Z DEBUG @wdio/utils:shim: Finished to run "beforeCommand" hook in 0ms
2026-09-08T21:38:47.119Z DEBUG @wdio/utils:shim: Finished to run "beforeCommand" hook in 0ms
2026-09-08T21:38:47.119Z INFO webdriver: COMMAND executeScript(<fn>, <object>)
2026-09-08T21:38:47.119Z INFO webdriver: [POST] http://127.0.0.1:4459/session/73d1ae20-d07b-4899-bca8-5e3083d4ce91/execute/sync
2026-09-08T21:38:47.119Z INFO webdriver: DATA {"script":"\n            function webdriverioPolyfill() {\n  var __defProp = Object.defineProperty;\n  var __name = function(target, _value) {\n    return __defProp(target, \"name\", { value: _value, configurable: true });\n  };\n  var __globalThis = typeof globalThis === \"object\" && globalThis || typeof window === \"object\" && window;\n  __globalThis.__name = __name;\n}\n            webdriverioPolyfill();\n            return (id=>{const results=window.__AIO_E2E_TAURI_RESULTS__;const value=results?.[id];if(results)delete results[id];return value}).apply(null, arguments)\n        ","args":["tauri-command-1788903521594-31"]}
2026-09-08T21:38:47.124Z INFO webdriver: RESULT {
  status: 'resolved',
  value: {
    candidatePath: 'D:\\a\\aio-hub\\aio-hub\\.e2e-data\\dsh-native\\plugin-upgrade-staging\\744ac418-82bb-404d-a5f5-bff7b28bc32a\\candidate',
    currentPath: 'D:\\a\\aio-hub\\aio-hub\\.e2e-data\\dsh-native\\plugins\\dsh-coding-workspace',
    pluginId: 'dsh-coding-workspace',
    pluginName: 'Coding工作站',
    probePluginId: 'dsh-coding-workspace-upgrade-probe-744ac418-82bb-404d-a5f5-bff7b28bc32a',
    transactionId: '744ac418-82bb-404d-a5f5-bff7b28bc32a',
    version: '0.1.0'
  }
}
2026-09-08T21:38:47.124Z DEBUG @wdio/utils:shim: Finished to run "beforeCommand" hook in 0ms
2026-09-08T21:38:47.124Z DEBUG @wdio/utils:shim: Finished to run "beforeCommand" hook in 0ms
2026-09-08T21:38:47.124Z DEBUG @wdio/utils:shim: Finished to run "beforeCommand" hook in 0ms
2026-09-08T21:38:47.124Z INFO webdriver: COMMAND executeScript(<fn>, <object>)
2026-09-08T21:38:47.124Z INFO webdriver: [POST] http://127.0.0.1:4459/session/73d1ae20-d07b-4899-bca8-5e3083d4ce91/execute/sync
2026-09-08T21:38:47.124Z INFO webdriver: DATA {"script":"\n            function webdriverioPolyfill() {\n  var __defProp = Object.defineProperty;\n  var __name = function(target, _value) {\n    return __defProp(target, \"name\", { value: _value, configurable: true });\n  };\n  var __globalThis = typeof globalThis === \"object\" && globalThis || typeof window === \"object\" && window;\n  __globalThis.__name = __name;\n}\n            webdriverioPolyfill();\n            return (()=>!!window.__TAURI_INTERNALS__).apply(null, arguments)\n        ","args":[]}
2026-09-08T21:38:47.129Z INFO webdriver: RESULT true
2026-09-08T21:38:47.129Z DEBUG @wdio/utils:shim: Finished to run "beforeCommand" hook in 0ms
2026-09-08T21:38:47.129Z DEBUG @wdio/utils:shim: Finished to run "beforeCommand" hook in 0ms
2026-09-08T21:38:47.129Z INFO webdriver: COMMAND executeScript(<fn>, <object>)
2026-09-08T21:38:47.129Z INFO webdriver: [POST] http://127.0.0.1:4459/session/73d1ae20-d07b-4899-bca8-5e3083d4ce91/execute/sync
2026-09-08T21:38:47.129Z INFO webdriver: DATA {"script":"\n            function webdriverioPolyfill() {\n  var __defProp = Object.defineProperty;\n  var __name = function(target, _value) {\n    return __defProp(target, \"name\", { value: _value, configurable: true });\n  };\n  var __globalThis = typeof globalThis === \"object\" && globalThis || typeof window === \"object\" && window;\n  __globalThis.__name = __name;\n}\n            webdriverioPolyfill();\n            return ((id,commandName,commandArgs)=>{const e2eWindow=window;const results=e2eWindow.__AIO_E2E_TAURI_RESULTS__??={};const bridge=e2eWindow.__TAURI_INTERNALS__;if(!bridge){results[id]={status:\"failed\",error:\"Tauri IPC internals are unavailable in the E2E window.\"};return}results[id]={status:\"pending\"};void bridge.invoke(commandName,commandArgs).then(value=>{results[id]={status:\"resolved\",value}}).catch(error=>{results[id]={status:\"failed\",error:String(error)}})}).apply(null, arguments)\n        ","args":["tauri-command-1788903527129-32","sidecar_kill_resident",{"pluginId":"dsh-coding-workspace"}]}
2026-09-08T21:38:47.135Z INFO webdriver: RESULT null
2026-09-08T21:38:47.135Z DEBUG @wdio/utils:shim: Finished to run "beforeCommand" hook in 0ms
2026-09-08T21:38:47.135Z DEBUG @wdio/utils:shim: Finished to run "beforeCommand" hook in 0ms
2026-09-08T21:38:47.135Z DEBUG @wdio/utils:shim: Finished to run "beforeCommand" hook in 0ms
2026-09-08T21:38:47.135Z INFO webdriver: COMMAND executeScript(<fn>, <object>)
2026-09-08T21:38:47.135Z INFO webdriver: [POST] http://127.0.0.1:4459/session/73d1ae20-d07b-4899-bca8-5e3083d4ce91/execute/sync
2026-09-08T21:38:47.135Z INFO webdriver: DATA {"script":"\n            function webdriverioPolyfill() {\n  var __defProp = Object.defineProperty;\n  var __name = function(target, _value) {\n    return __defProp(target, \"name\", { value: _value, configurable: true });\n  };\n  var __globalThis = typeof globalThis === \"object\" && globalThis || typeof window === \"object\" && window;\n  __globalThis.__name = __name;\n}\n            webdriverioPolyfill();\n            return (id=>window.__AIO_E2E_TAURI_RESULTS__?.[id]).apply(null, arguments)\n        ","args":["tauri-command-1788903527129-32"]}
2026-09-08T21:38:47.140Z INFO webdriver: RESULT { status: 'pending' }
2026-09-08T21:38:47.237Z DEBUG @wdio/utils:shim: Finished to run "beforeCommand" hook in 0ms
2026-09-08T21:38:47.237Z DEBUG @wdio/utils:shim: Finished to run "beforeCommand" hook in 0ms
2026-09-08T21:38:47.237Z INFO webdriver: COMMAND executeScript(<fn>, <object>)
2026-09-08T21:38:47.237Z INFO webdriver: [POST] http://127.0.0.1:4459/session/73d1ae20-d07b-4899-bca8-5e3083d4ce91/execute/sync
2026-09-08T21:38:47.238Z INFO webdriver: DATA {"script":"\n            function webdriverioPolyfill() {\n  var __defProp = Object.defineProperty;\n  var __name = function(target, _value) {\n    return __defProp(target, \"name\", { value: _value, configurable: true });\n  };\n  var __globalThis = typeof globalThis === \"object\" && globalThis || typeof window === \"object\" && window;\n  __globalThis.__name = __name;\n}\n            webdriverioPolyfill();\n            return (id=>window.__AIO_E2E_TAURI_RESULTS__?.[id]).apply(null, arguments)\n        ","args":["tauri-command-1788903527129-32"]}
2026-09-08T21:38:47.245Z INFO webdriver: RESULT { status: 'resolved', value: null }
2026-09-08T21:38:47.245Z DEBUG @wdio/utils:shim: Finished to run "beforeCommand" hook in 0ms
2026-09-08T21:38:47.245Z DEBUG @wdio/utils:shim: Finished to run "beforeCommand" hook in 0ms
2026-09-08T21:38:47.245Z INFO webdriver: COMMAND executeScript(<fn>, <object>)
2026-09-08T21:38:47.245Z INFO webdriver: [POST] http://127.0.0.1:4459/session/73d1ae20-d07b-4899-bca8-5e3083d4ce91/execute/sync
2026-09-08T21:38:47.245Z INFO webdriver: DATA {"script":"\n            function webdriverioPolyfill() {\n  var __defProp = Object.defineProperty;\n  var __name = function(target, _value) {\n    return __defProp(target, \"name\", { value: _value, configurable: true });\n  };\n  var __globalThis = typeof globalThis === \"object\" && globalThis || typeof window === \"object\" && window;\n  __globalThis.__name = __name;\n}\n            webdriverioPolyfill();\n            return (id=>{const results=window.__AIO_E2E_TAURI_RESULTS__;const value=results?.[id];if(results)delete results[id];return value}).apply(null, arguments)\n        ","args":["tauri-command-1788903527129-32"]}
2026-09-08T21:38:47.250Z INFO webdriver: RESULT { status: 'resolved', value: null }
2026-09-08T21:38:47.250Z DEBUG @wdio/utils:shim: Finished to run "beforeCommand" hook in 0ms
2026-09-08T21:38:47.250Z DEBUG @wdio/utils:shim: Finished to run "beforeCommand" hook in 0ms
2026-09-08T21:38:47.250Z DEBUG @wdio/utils:shim: Finished to run "beforeCommand" hook in 0ms
2026-09-08T21:38:47.250Z INFO webdriver: COMMAND executeScript(<fn>, <object>)
2026-09-08T21:38:47.250Z INFO webdriver: [POST] http://127.0.0.1:4459/session/73d1ae20-d07b-4899-bca8-5e3083d4ce91/execute/sync
2026-09-08T21:38:47.250Z INFO webdriver: DATA {"script":"\n            function webdriverioPolyfill() {\n  var __defProp = Object.defineProperty;\n  var __name = function(target, _value) {\n    return __defProp(target, \"name\", { value: _value, configurable: true });\n  };\n  var __globalThis = typeof globalThis === \"object\" && globalThis || typeof window === \"object\" && window;\n  __globalThis.__name = __name;\n}\n            webdriverioPolyfill();\n            return (()=>!!window.__TAURI_INTERNALS__).apply(null, arguments)\n        ","args":[]}
2026-09-08T21:38:47.254Z INFO webdriver: RESULT true
2026-09-08T21:38:47.254Z DEBUG @wdio/utils:shim: Finished to run "beforeCommand" hook in 0ms
2026-09-08T21:38:47.254Z DEBUG @wdio/utils:shim: Finished to run "beforeCommand" hook in 0ms
2026-09-08T21:38:47.254Z INFO webdriver: COMMAND executeScript(<fn>, <object>)
2026-09-08T21:38:47.254Z INFO webdriver: [POST] http://127.0.0.1:4459/session/73d1ae20-d07b-4899-bca8-5e3083d4ce91/execute/sync
2026-09-08T21:38:47.255Z INFO webdriver: DATA {"script":"\n            function webdriverioPolyfill() {\n  var __defProp = Object.defineProperty;\n  var __name = function(target, _value) {\n    return __defProp(target, \"name\", { value: _value, configurable: true });\n  };\n  var __globalThis = typeof globalThis === \"object\" && globalThis || typeof window === \"object\" && window;\n  __globalThis.__name = __name;\n}\n            webdriverioPolyfill();\n            return ((id,commandName,commandArgs)=>{const e2eWindow=window;const results=e2eWindow.__AIO_E2E_TAURI_RESULTS__??={};const bridge=e2eWindow.__TAURI_INTERNALS__;if(!bridge){results[id]={status:\"failed\",error:\"Tauri IPC internals are unavailable in the E2E window.\"};return}results[id]={status:\"pending\"};void bridge.invoke(commandName,commandArgs).then(value=>{results[id]={status:\"resolved\",value}}).catch(error=>{results[id]={status:\"failed\",error:String(error)}})}).apply(null, arguments)\n        ","args":["tauri-command-1788903527254-33","sidecar_spawn_resident",{"pluginId":"dsh-coding-workspace-upgrade-probe-744ac418-82bb-404d-a5f5-bff7b28bc32a","executablePath":"D:\\a\\aio-hub\\aio-hub\\.e2e-data\\dsh-native\\plugin-upgrade-staging\\744ac418-82bb-404d-a5f5-bff7b28bc32a\\candidate\\bin\\win32-x64\\aio-dsh-supervisor.exe","args":[],"installPath":"D:\\a\\aio-hub\\aio-hub\\.e2e-data\\dsh-native\\plugin-upgrade-staging\\744ac418-82bb-404d-a5f5-bff7b28bc32a\\candidate"}]}
2026-09-08T21:38:47.262Z INFO webdriver: RESULT null
2026-09-08T21:38:47.262Z DEBUG @wdio/utils:shim: Finished to run "beforeCommand" hook in 0ms
2026-09-08T21:38:47.262Z DEBUG @wdio/utils:shim: Finished to run "beforeCommand" hook in 0ms
2026-09-08T21:38:47.262Z DEBUG @wdio/utils:shim: Finished to run "beforeCommand" hook in 0ms
2026-09-08T21:38:47.262Z INFO webdriver: COMMAND executeScript(<fn>, <object>)
2026-09-08T21:38:47.262Z INFO webdriver: [POST] http://127.0.0.1:4459/session/73d1ae20-d07b-4899-bca8-5e3083d4ce91/execute/sync
2026-09-08T21:38:47.262Z INFO webdriver: DATA {"script":"\n            function webdriverioPolyfill() {\n  var __defProp = Object.defineProperty;\n  var __name = function(target, _value) {\n    return __defProp(target, \"name\", { value: _value, configurable: true });\n  };\n  var __globalThis = typeof globalThis === \"object\" && globalThis || typeof window === \"object\" && window;\n  __globalThis.__name = __name;\n}\n            webdriverioPolyfill();\n            return (id=>window.__AIO_E2E_TAURI_RESULTS__?.[id]).apply(null, arguments)\n        ","args":["tauri-command-1788903527254-33"]}
2026-09-08T21:38:47.269Z INFO webdriver: RESULT { status: 'pending' }
2026-09-08T21:38:47.363Z DEBUG @wdio/utils:shim: Finished to run "beforeCommand" hook in 0ms
2026-09-08T21:38:47.364Z DEBUG @wdio/utils:shim: Finished to run "beforeCommand" hook in 0ms
2026-09-08T21:38:47.364Z INFO webdriver: COMMAND executeScript(<fn>, <object>)
2026-09-08T21:38:47.364Z INFO webdriver: [POST] http://127.0.0.1:4459/session/73d1ae20-d07b-4899-bca8-5e3083d4ce91/execute/sync
2026-09-08T21:38:47.364Z INFO webdriver: DATA {"script":"\n            function webdriverioPolyfill() {\n  var __defProp = Object.defineProperty;\n  var __name = function(target, _value) {\n    return __defProp(target, \"name\", { value: _value, configurable: true });\n  };\n  var __globalThis = typeof globalThis === \"object\" && globalThis || typeof window === \"object\" && window;\n  __globalThis.__name = __name;\n}\n            webdriverioPolyfill();\n            return (id=>window.__AIO_E2E_TAURI_RESULTS__?.[id]).apply(null, arguments)\n        ","args":["tauri-command-1788903527254-33"]}
2026-09-08T21:38:47.370Z INFO webdriver: RESULT { status: 'resolved', value: '152b38ea-c03c-4951-8850-3b673a728582' }
2026-09-08T21:38:47.371Z DEBUG @wdio/utils:shim: Finished to run "beforeCommand" hook in 0ms
2026-09-08T21:38:47.371Z DEBUG @wdio/utils:shim: Finished to run "beforeCommand" hook in 0ms
2026-09-08T21:38:47.371Z INFO webdriver: COMMAND executeScript(<fn>, <object>)
2026-09-08T21:38:47.371Z INFO webdriver: [POST] http://127.0.0.1:4459/session/73d1ae20-d07b-4899-bca8-5e3083d4ce91/execute/sync
2026-09-08T21:38:47.371Z INFO webdriver: DATA {"script":"\n            function webdriverioPolyfill() {\n  var __defProp = Object.defineProperty;\n  var __name = function(target, _value) {\n    return __defProp(target, \"name\", { value: _value, configurable: true });\n  };\n  var __globalThis = typeof globalThis === \"object\" && globalThis || typeof window === \"object\" && window;\n  __globalThis.__name = __name;\n}\n            webdriverioPolyfill();\n            return (id=>{const results=window.__AIO_E2E_TAURI_RESULTS__;const value=results?.[id];if(results)delete results[id];return value}).apply(null, arguments)\n        ","args":["tauri-command-1788903527254-33"]}
2026-09-08T21:38:47.377Z INFO webdriver: RESULT { status: 'resolved', value: '152b38ea-c03c-4951-8850-3b673a728582' }
2026-09-08T21:38:47.377Z DEBUG @wdio/utils:shim: Finished to run "beforeCommand" hook in 0ms
2026-09-08T21:38:47.377Z DEBUG @wdio/utils:shim: Finished to run "beforeCommand" hook in 0ms
2026-09-08T21:38:47.377Z DEBUG @wdio/utils:shim: Finished to run "beforeCommand" hook in 0ms
2026-09-08T21:38:47.377Z INFO webdriver: COMMAND executeScript(<fn>, <object>)
2026-09-08T21:38:47.377Z INFO webdriver: [POST] http://127.0.0.1:4459/session/73d1ae20-d07b-4899-bca8-5e3083d4ce91/execute/sync
2026-09-08T21:38:47.377Z INFO webdriver: DATA {"script":"\n            function webdriverioPolyfill() {\n  var __defProp = Object.defineProperty;\n  var __name = function(target, _value) {\n    return __defProp(target, \"name\", { value: _value, configurable: true });\n  };\n  var __globalThis = typeof globalThis === \"object\" && globalThis || typeof window === \"object\" && window;\n  __globalThis.__name = __name;\n}\n            webdriverioPolyfill();\n            return (()=>!!window.__TAURI_INTERNALS__).apply(null, arguments)\n        ","args":[]}
2026-09-08T21:38:47.383Z INFO webdriver: RESULT true
2026-09-08T21:38:47.384Z DEBUG @wdio/utils:shim: Finished to run "beforeCommand" hook in 0ms
2026-09-08T21:38:47.384Z DEBUG @wdio/utils:shim: Finished to run "beforeCommand" hook in 0ms
2026-09-08T21:38:47.384Z INFO webdriver: COMMAND executeScript(<fn>, <object>)
2026-09-08T21:38:47.384Z INFO webdriver: [POST] http://127.0.0.1:4459/session/73d1ae20-d07b-4899-bca8-5e3083d4ce91/execute/sync
2026-09-08T21:38:47.384Z INFO webdriver: DATA {"script":"\n            function webdriverioPolyfill() {\n  var __defProp = Object.defineProperty;\n  var __name = function(target, _value) {\n    return __defProp(target, \"name\", { value: _value, configurable: true });\n  };\n  var __globalThis = typeof globalThis === \"object\" && globalThis || typeof window === \"object\" && window;\n  __globalThis.__name = __name;\n}\n            webdriverioPolyfill();\n            return ((id,commandName,commandArgs)=>{const e2eWindow=window;const results=e2eWindow.__AIO_E2E_TAURI_RESULTS__??={};const bridge=e2eWindow.__TAURI_INTERNALS__;if(!bridge){results[id]={status:\"failed\",error:\"Tauri IPC internals are unavailable in the E2E window.\"};return}results[id]={status:\"pending\"};void bridge.invoke(commandName,commandArgs).then(value=>{results[id]={status:\"resolved\",value}}).catch(error=>{results[id]={status:\"failed\",error:String(error)}})}).apply(null, arguments)\n        ","args":["tauri-command-1788903527384-34","sidecar_send_command",{"pluginId":"dsh-coding-workspace-upgrade-probe-744ac418-82bb-404d-a5f5-bff7b28bc32a","method":"initialize","params":{"hostContext":{"apiVersion":3,"sidecarProtocolVersion":3},"provider":{"baseUrl":"http://127.0.0.1:59796","apiKey":"native-e2e-secret"}}}]}
2026-09-08T21:38:47.391Z INFO webdriver: RESULT null
2026-09-08T21:38:47.391Z DEBUG @wdio/utils:shim: Finished to run "beforeCommand" hook in 0ms
2026-09-08T21:38:47.391Z DEBUG @wdio/utils:shim: Finished to run "beforeCommand" hook in 0ms
2026-09-08T21:38:47.391Z DEBUG @wdio/utils:shim: Finished to run "beforeCommand" hook in 0ms
2026-09-08T21:38:47.392Z INFO webdriver: COMMAND executeScript(<fn>, <object>)
2026-09-08T21:38:47.392Z INFO webdriver: [POST] http://127.0.0.1:4459/session/73d1ae20-d07b-4899-bca8-5e3083d4ce91/execute/sync
2026-09-08T21:38:47.392Z INFO webdriver: DATA {"script":"\n            function webdriverioPolyfill() {\n  var __defProp = Object.defineProperty;\n  var __name = function(target, _value) {\n    return __defProp(target, \"name\", { value: _value, configurable: true });\n  };\n  var __globalThis = typeof globalThis === \"object\" && globalThis || typeof window === \"object\" && window;\n  __globalThis.__name = __name;\n}\n            webdriverioPolyfill();\n            return (id=>window.__AIO_E2E_TAURI_RESULTS__?.[id]).apply(null, arguments)\n        ","args":["tauri-command-1788903527384-34"]}
2026-09-08T21:38:47.398Z INFO webdriver: RESULT { status: 'pending' }
2026-09-08T21:38:47.492Z DEBUG @wdio/utils:shim: Finished to run "beforeCommand" hook in 0ms
2026-09-08T21:38:47.492Z DEBUG @wdio/utils:shim: Finished to run "beforeCommand" hook in 0ms
2026-09-08T21:38:47.492Z INFO webdriver: COMMAND executeScript(<fn>, <object>)
2026-09-08T21:38:47.493Z INFO webdriver: [POST] http://127.0.0.1:4459/session/73d1ae20-d07b-4899-bca8-5e3083d4ce91/execute/sync
2026-09-08T21:38:47.493Z INFO webdriver: DATA {"script":"\n            function webdriverioPolyfill() {\n  var __defProp = Object.defineProperty;\n  var __name = function(target, _value) {\n    return __defProp(target, \"name\", { value: _value, configurable: true });\n  };\n  var __globalThis = typeof globalThis === \"object\" && globalThis || typeof window === \"object\" && window;\n  __globalThis.__name = __name;\n}\n            webdriverioPolyfill();\n            return (id=>window.__AIO_E2E_TAURI_RESULTS__?.[id]).apply(null, arguments)\n        ","args":["tauri-command-1788903527384-34"]}
2026-09-08T21:38:47.500Z INFO webdriver: RESULT { status: 'pending' }
2026-09-08T21:38:47.591Z DEBUG @wdio/utils:shim: Finished to run "beforeCommand" hook in 0ms
2026-09-08T21:38:47.591Z DEBUG @wdio/utils:shim: Finished to run "beforeCommand" hook in 0ms
2026-09-08T21:38:47.592Z INFO webdriver: COMMAND executeScript(<fn>, <object>)
2026-09-08T21:38:47.592Z INFO webdriver: [POST] http://127.0.0.1:4459/session/73d1ae20-d07b-4899-bca8-5e3083d4ce91/execute/sync
2026-09-08T21:38:47.592Z INFO webdriver: DATA {"script":"\n            function webdriverioPolyfill() {\n  var __defProp = Object.defineProperty;\n  var __name = function(target, _value) {\n    return __defProp(target, \"name\", { value: _value, configurable: true });\n  };\n  var __globalThis = typeof globalThis === \"object\" && globalThis || typeof window === \"object\" && window;\n  __globalThis.__name = __name;\n}\n            webdriverioPolyfill();\n            return (id=>window.__AIO_E2E_TAURI_RESULTS__?.[id]).apply(null, arguments)\n        ","args":["tauri-command-1788903527384-34"]}
2026-09-08T21:38:47.605Z INFO webdriver: RESULT { status: 'pending' }
2026-09-08T21:38:47.692Z DEBUG @wdio/utils:shim: Finished to run "beforeCommand" hook in 0ms
2026-09-08T21:38:47.692Z DEBUG @wdio/utils:shim: Finished to run "beforeCommand" hook in 0ms
2026-09-08T21:38:47.692Z INFO webdriver: COMMAND executeScript(<fn>, <object>)
2026-09-08T21:38:47.692Z INFO webdriver: [POST] http://127.0.0.1:4459/session/73d1ae20-d07b-4899-bca8-5e3083d4ce91/execute/sync
2026-09-08T21:38:47.693Z INFO webdriver: DATA {"script":"\n            function webdriverioPolyfill() {\n  var __defProp = Object.defineProperty;\n  var __name = function(target, _value) {\n    return __defProp(target, \"name\", { value: _value, configurable: true });\n  };\n  var __globalThis = typeof globalThis === \"object\" && globalThis || typeof window === \"object\" && window;\n  __globalThis.__name = __name;\n}\n            webdriverioPolyfill();\n            return (id=>window.__AIO_E2E_TAURI_RESULTS__?.[id]).apply(null, arguments)\n        ","args":["tauri-command-1788903527384-34"]}
2026-09-08T21:38:47.700Z INFO webdriver: RESULT { status: 'pending' }
2026-09-08T21:38:47.791Z DEBUG @wdio/utils:shim: Finished to run "beforeCommand" hook in 0ms
2026-09-08T21:38:47.791Z DEBUG @wdio/utils:shim: Finished to run "beforeCommand" hook in 0ms
2026-09-08T21:38:47.792Z INFO webdriver: COMMAND executeScript(<fn>, <object>)
2026-09-08T21:38:47.792Z INFO webdriver: [POST] http://127.0.0.1:4459/session/73d1ae20-d07b-4899-bca8-5e3083d4ce91/execute/sync
2026-09-08T21:38:47.792Z INFO webdriver: DATA {"script":"\n            function webdriverioPolyfill() {\n  var __defProp = Object.defineProperty;\n  var __name = function(target, _value) {\n    return __defProp(target, \"name\", { value: _value, configurable: true });\n  };\n  var __globalThis = typeof globalThis === \"object\" && globalThis || typeof window === \"object\" && window;\n  __globalThis.__name = __name;\n}\n            webdriverioPolyfill();\n            return (id=>window.__AIO_E2E_TAURI_RESULTS__?.[id]).apply(null, arguments)\n        ","args":["tauri-command-1788903527384-34"]}
2026-09-08T21:38:47.800Z INFO webdriver: RESULT { status: 'pending' }
2026-09-08T21:38:47.891Z DEBUG @wdio/utils:shim: Finished to run "beforeCommand" hook in 0ms
2026-09-08T21:38:47.891Z DEBUG @wdio/utils:shim: Finished to run "beforeCommand" hook in 0ms
2026-09-08T21:38:47.891Z INFO webdriver: COMMAND executeScript(<fn>, <object>)
2026-09-08T21:38:47.892Z INFO webdriver: [POST] http://127.0.0.1:4459/session/73d1ae20-d07b-4899-bca8-5e3083d4ce91/execute/sync
2026-09-08T21:38:47.892Z INFO webdriver: DATA {"script":"\n            function webdriverioPolyfill() {\n  var __defProp = Object.defineProperty;\n  var __name = function(target, _value) {\n    return __defProp(target, \"name\", { value: _value, configurable: true });\n  };\n  var __globalThis = typeof globalThis === \"object\" && globalThis || typeof window === \"object\" && window;\n  __globalThis.__name = __name;\n}\n            webdriverioPolyfill();\n            return (id=>window.__AIO_E2E_TAURI_RESULTS__?.[id]).apply(null, arguments)\n        ","args":["tauri-command-1788903527384-34"]}
2026-09-08T21:38:47.898Z INFO webdriver: RESULT { status: 'pending' }
2026-09-08T21:38:47.992Z DEBUG @wdio/utils:shim: Finished to run "beforeCommand" hook in 1ms
2026-09-08T21:38:47.992Z DEBUG @wdio/utils:shim: Finished to run "beforeCommand" hook in 0ms
2026-09-08T21:38:47.992Z INFO webdriver: COMMAND executeScript(<fn>, <object>)
2026-09-08T21:38:47.992Z INFO webdriver: [POST] http://127.0.0.1:4459/session/73d1ae20-d07b-4899-bca8-5e3083d4ce91/execute/sync
2026-09-08T21:38:47.992Z INFO webdriver: DATA {"script":"\n            function webdriverioPolyfill() {\n  var __defProp = Object.defineProperty;\n  var __name = function(target, _value) {\n    return __defProp(target, \"name\", { value: _value, configurable: true });\n  };\n  var __globalThis = typeof globalThis === \"object\" && globalThis || typeof window === \"object\" && window;\n  __globalThis.__name = __name;\n}\n            webdriverioPolyfill();\n            return (id=>window.__AIO_E2E_TAURI_RESULTS__?.[id]).apply(null, arguments)\n        ","args":["tauri-command-1788903527384-34"]}
2026-09-08T21:38:48.000Z INFO webdriver: RESULT { status: 'pending' }
2026-09-08T21:38:48.092Z DEBUG @wdio/utils:shim: Finished to run "beforeCommand" hook in 0ms
2026-09-08T21:38:48.092Z DEBUG @wdio/utils:shim: Finished to run "beforeCommand" hook in 0ms
2026-09-08T21:38:48.092Z INFO webdriver: COMMAND executeScript(<fn>, <object>)
2026-09-08T21:38:48.093Z INFO webdriver: [POST] http://127.0.0.1:4459/session/73d1ae20-d07b-4899-bca8-5e3083d4ce91/execute/sync
2026-09-08T21:38:48.093Z INFO webdriver: DATA {"script":"\n            function webdriverioPolyfill() {\n  var __defProp = Object.defineProperty;\n  var __name = function(target, _value) {\n    return __defProp(target, \"name\", { value: _value, configurable: true });\n  };\n  var __globalThis = typeof globalThis === \"object\" && globalThis || typeof window === \"object\" && window;\n  __globalThis.__name = __name;\n}\n            webdriverioPolyfill();\n            return (id=>window.__AIO_E2E_TAURI_RESULTS__?.[id]).apply(null, arguments)\n        ","args":["tauri-command-1788903527384-34"]}
2026-09-08T21:38:48.100Z INFO webdriver: RESULT { status: 'pending' }
2026-09-08T21:38:48.193Z DEBUG @wdio/utils:shim: Finished to run "beforeCommand" hook in 0ms
2026-09-08T21:38:48.193Z DEBUG @wdio/utils:shim: Finished to run "beforeCommand" hook in 0ms
2026-09-08T21:38:48.193Z INFO webdriver: COMMAND executeScript(<fn>, <object>)
2026-09-08T21:38:48.193Z INFO webdriver: [POST] http://127.0.0.1:4459/session/73d1ae20-d07b-4899-bca8-5e3083d4ce91/execute/sync
2026-09-08T21:38:48.193Z INFO webdriver: DATA {"script":"\n            function webdriverioPolyfill() {\n  var __defProp = Object.defineProperty;\n  var __name = function(target, _value) {\n    return __defProp(target, \"name\", { value: _value, configurable: true });\n  };\n  var __globalThis = typeof globalThis === \"object\" && globalThis || typeof window === \"object\" && window;\n  __globalThis.__name = __name;\n}\n            webdriverioPolyfill();\n            return (id=>window.__AIO_E2E_TAURI_RESULTS__?.[id]).apply(null, arguments)\n        ","args":["tauri-command-1788903527384-34"]}
2026-09-08T21:38:48.201Z INFO webdriver: RESULT { status: 'pending' }
2026-09-08T21:38:48.291Z DEBUG @wdio/utils:shim: Finished to run "beforeCommand" hook in 0ms
2026-09-08T21:38:48.291Z DEBUG @wdio/utils:shim: Finished to run "beforeCommand" hook in 0ms
2026-09-08T21:38:48.291Z INFO webdriver: COMMAND executeScript(<fn>, <object>)
2026-09-08T21:38:48.291Z INFO webdriver: [POST] http://127.0.0.1:4459/session/73d1ae20-d07b-4899-bca8-5e3083d4ce91/execute/sync
2026-09-08T21:38:48.291Z INFO webdriver: DATA {"script":"\n            function webdriverioPolyfill() {\n  var __defProp = Object.defineProperty;\n  var __name = function(target, _value) {\n    return __defProp(target, \"name\", { value: _value, configurable: true });\n  };\n  var __globalThis = typeof globalThis === \"object\" && globalThis || typeof window === \"object\" && window;\n  __globalThis.__name = __name;\n}\n            webdriverioPolyfill();\n            return (id=>window.__AIO_E2E_TAURI_RESULTS__?.[id]).apply(null, arguments)\n        ","args":["tauri-command-1788903527384-34"]}
2026-09-08T21:38:48.300Z INFO webdriver: RESULT { status: 'pending' }
2026-09-08T21:38:48.391Z DEBUG @wdio/utils:shim: Finished to run "beforeCommand" hook in 0ms
2026-09-08T21:38:48.391Z DEBUG @wdio/utils:shim: Finished to run "beforeCommand" hook in 0ms
2026-09-08T21:38:48.391Z INFO webdriver: COMMAND executeScript(<fn>, <object>)
2026-09-08T21:38:48.392Z INFO webdriver: [POST] http://127.0.0.1:4459/session/73d1ae20-d07b-4899-bca8-5e3083d4ce91/execute/sync
2026-09-08T21:38:48.392Z INFO webdriver: DATA {"script":"\n            function webdriverioPolyfill() {\n  var __defProp = Object.defineProperty;\n  var __name = function(target, _value) {\n    return __defProp(target, \"name\", { value: _value, configurable: true });\n  };\n  var __globalThis = typeof globalThis === \"object\" && globalThis || typeof window === \"object\" && window;\n  __globalThis.__name = __name;\n}\n            webdriverioPolyfill();\n            return (id=>window.__AIO_E2E_TAURI_RESULTS__?.[id]).apply(null, arguments)\n        ","args":["tauri-command-1788903527384-34"]}
2026-09-08T21:38:48.399Z INFO webdriver: RESULT { status: 'pending' }
2026-09-08T21:38:48.491Z DEBUG @wdio/utils:shim: Finished to run "beforeCommand" hook in 0ms
2026-09-08T21:38:48.491Z DEBUG @wdio/utils:shim: Finished to run "beforeCommand" hook in 0ms
2026-09-08T21:38:48.491Z INFO webdriver: COMMAND executeScript(<fn>, <object>)
2026-09-08T21:38:48.492Z INFO webdriver: [POST] http://127.0.0.1:4459/session/73d1ae20-d07b-4899-bca8-5e3083d4ce91/execute/sync
2026-09-08T21:38:48.492Z INFO webdriver: DATA {"script":"\n            function webdriverioPolyfill() {\n  var __defProp = Object.defineProperty;\n  var __name = function(target, _value) {\n    return __defProp(target, \"name\", { value: _value, configurable: true });\n  };\n  var __globalThis = typeof globalThis === \"object\" && globalThis || typeof window === \"object\" && window;\n  __globalThis.__name = __name;\n}\n            webdriverioPolyfill();\n            return (id=>window.__AIO_E2E_TAURI_RESULTS__?.[id]).apply(null, arguments)\n        ","args":["tauri-command-1788903527384-34"]}
2026-09-08T21:38:48.499Z INFO webdriver: RESULT { status: 'pending' }
2026-09-08T21:38:48.591Z DEBUG @wdio/utils:shim: Finished to run "beforeCommand" hook in 0ms
2026-09-08T21:38:48.591Z DEBUG @wdio/utils:shim: Finished to run "beforeCommand" hook in 0ms
2026-09-08T21:38:48.592Z INFO webdriver: COMMAND executeScript(<fn>, <object>)
2026-09-08T21:38:48.592Z INFO webdriver: [POST] http://127.0.0.1:4459/session/73d1ae20-d07b-4899-bca8-5e3083d4ce91/execute/sync
2026-09-08T21:38:48.592Z INFO webdriver: DATA {"script":"\n            function webdriverioPolyfill() {\n  var __defProp = Object.defineProperty;\n  var __name = function(target, _value) {\n    return __defProp(target, \"name\", { value: _value, configurable: true });\n  };\n  var __globalThis = typeof globalThis === \"object\" && globalThis || typeof window === \"object\" && window;\n  __globalThis.__name = __name;\n}\n            webdriverioPolyfill();\n            return (id=>window.__AIO_E2E_TAURI_RESULTS__?.[id]).apply(null, arguments)\n        ","args":["tauri-command-1788903527384-34"]}
2026-09-08T21:38:48.598Z INFO webdriver: RESULT { status: 'pending' }
2026-09-08T21:38:48.692Z DEBUG @wdio/utils:shim: Finished to run "beforeCommand" hook in 0ms
2026-09-08T21:38:48.692Z DEBUG @wdio/utils:shim: Finished to run "beforeCommand" hook in 0ms
2026-09-08T21:38:48.692Z INFO webdriver: COMMAND executeScript(<fn>, <object>)
2026-09-08T21:38:48.692Z INFO webdriver: [POST] http://127.0.0.1:4459/session/73d1ae20-d07b-4899-bca8-5e3083d4ce91/execute/sync
2026-09-08T21:38:48.692Z INFO webdriver: DATA {"script":"\n            function webdriverioPolyfill() {\n  var __defProp = Object.defineProperty;\n  var __name = function(target, _value) {\n    return __defProp(target, \"name\", { value: _value, configurable: true });\n  };\n  var __globalThis = typeof globalThis === \"object\" && globalThis || typeof window === \"object\" && window;\n  __globalThis.__name = __name;\n}\n            webdriverioPolyfill();\n            return (id=>window.__AIO_E2E_TAURI_RESULTS__?.[id]).apply(null, arguments)\n        ","args":["tauri-command-1788903527384-34"]}
2026-09-08T21:38:48.698Z INFO webdriver: RESULT { status: 'pending' }
2026-09-08T21:38:48.792Z DEBUG @wdio/utils:shim: Finished to run "beforeCommand" hook in 0ms
2026-09-08T21:38:48.792Z DEBUG @wdio/utils:shim: Finished to run "beforeCommand" hook in 0ms
2026-09-08T21:38:48.792Z INFO webdriver: COMMAND executeScript(<fn>, <object>)
2026-09-08T21:38:48.792Z INFO webdriver: [POST] http://127.0.0.1:4459/session/73d1ae20-d07b-4899-bca8-5e3083d4ce91/execute/sync
2026-09-08T21:38:48.792Z INFO webdriver: DATA {"script":"\n            function webdriverioPolyfill() {\n  var __defProp = Object.defineProperty;\n  var __name = function(target, _value) {\n    return __defProp(target, \"name\", { value: _value, configurable: true });\n  };\n  var __globalThis = typeof globalThis === \"object\" && globalThis || typeof window === \"object\" && window;\n  __globalThis.__name = __name;\n}\n            webdriverioPolyfill();\n            return (id=>window.__AIO_E2E_TAURI_RESULTS__?.[id]).apply(null, arguments)\n        ","args":["tauri-command-1788903527384-34"]}
2026-09-08T21:38:48.800Z INFO webdriver: RESULT { status: 'pending' }
2026-09-08T21:38:48.892Z DEBUG @wdio/utils:shim: Finished to run "beforeCommand" hook in 0ms
2026-09-08T21:38:48.892Z DEBUG @wdio/utils:shim: Finished to run "beforeCommand" hook in 0ms
2026-09-08T21:38:48.893Z INFO webdriver: COMMAND executeScript(<fn>, <object>)
2026-09-08T21:38:48.893Z INFO webdriver: [POST] http://127.0.0.1:4459/session/73d1ae20-d07b-4899-bca8-5e3083d4ce91/execute/sync
2026-09-08T21:38:48.893Z INFO webdriver: DATA {"script":"\n            function webdriverioPolyfill() {\n  var __defProp = Object.defineProperty;\n  var __name = function(target, _value) {\n    return __defProp(target, \"name\", { value: _value, configurable: true });\n  };\n  var __globalThis = typeof globalThis === \"object\" && globalThis || typeof window === \"object\" && window;\n  __globalThis.__name = __name;\n}\n            webdriverioPolyfill();\n            return (id=>window.__AIO_E2E_TAURI_RESULTS__?.[id]).apply(null, arguments)\n        ","args":["tauri-command-1788903527384-34"]}
2026-09-08T21:38:48.902Z INFO webdriver: RESULT { status: 'pending' }
2026-09-08T21:38:48.992Z DEBUG @wdio/utils:shim: Finished to run "beforeCommand" hook in 0ms
2026-09-08T21:38:48.992Z DEBUG @wdio/utils:shim: Finished to run "beforeCommand" hook in 0ms
2026-09-08T21:38:48.992Z INFO webdriver: COMMAND executeScript(<fn>, <object>)
2026-09-08T21:38:48.992Z INFO webdriver: [POST] http://127.0.0.1:4459/session/73d1ae20-d07b-4899-bca8-5e3083d4ce91/execute/sync
2026-09-08T21:38:48.992Z INFO webdriver: DATA {"script":"\n            function webdriverioPolyfill() {\n  var __defProp = Object.defineProperty;\n  var __name = function(target, _value) {\n    return __defProp(target, \"name\", { value: _value, configurable: true });\n  };\n  var __globalThis = typeof globalThis === \"object\" && globalThis || typeof window === \"object\" && window;\n  __globalThis.__name = __name;\n}\n            webdriverioPolyfill();\n            return (id=>window.__AIO_E2E_TAURI_RESULTS__?.[id]).apply(null, arguments)\n        ","args":["tauri-command-1788903527384-34"]}
2026-09-08T21:38:48.998Z INFO webdriver: RESULT { status: 'pending' }
2026-09-08T21:38:49.091Z DEBUG @wdio/utils:shim: Finished to run "beforeCommand" hook in 0ms
2026-09-08T21:38:49.092Z DEBUG @wdio/utils:shim: Finished to run "beforeCommand" hook in 0ms
2026-09-08T21:38:49.092Z INFO webdriver: COMMAND executeScript(<fn>, <object>)
2026-09-08T21:38:49.092Z INFO webdriver: [POST] http://127.0.0.1:4459/session/73d1ae20-d07b-4899-bca8-5e3083d4ce91/execute/sync
2026-09-08T21:38:49.092Z INFO webdriver: DATA {"script":"\n            function webdriverioPolyfill() {\n  var __defProp = Object.defineProperty;\n  var __name = function(target, _value) {\n    return __defProp(target, \"name\", { value: _value, configurable: true });\n  };\n  var __globalThis = typeof globalThis === \"object\" && globalThis || typeof window === \"object\" && window;\n  __globalThis.__name = __name;\n}\n            webdriverioPolyfill();\n            return (id=>window.__AIO_E2E_TAURI_RESULTS__?.[id]).apply(null, arguments)\n        ","args":["tauri-command-1788903527384-34"]}
2026-09-08T21:38:49.113Z INFO webdriver: RESULT { status: 'pending' }
2026-09-08T21:38:49.192Z DEBUG @wdio/utils:shim: Finished to run "beforeCommand" hook in 0ms
2026-09-08T21:38:49.192Z DEBUG @wdio/utils:shim: Finished to run "beforeCommand" hook in 0ms
2026-09-08T21:38:49.192Z INFO webdriver: COMMAND executeScript(<fn>, <object>)
2026-09-08T21:38:49.192Z INFO webdriver: [POST] http://127.0.0.1:4459/session/73d1ae20-d07b-4899-bca8-5e3083d4ce91/execute/sync
2026-09-08T21:38:49.193Z INFO webdriver: DATA {"script":"\n            function webdriverioPolyfill() {\n  var __defProp = Object.defineProperty;\n  var __name = function(target, _value) {\n    return __defProp(target, \"name\", { value: _value, configurable: true });\n  };\n  var __globalThis = typeof globalThis === \"object\" && globalThis || typeof window === \"object\" && window;\n  __globalThis.__name = __name;\n}\n            webdriverioPolyfill();\n            return (id=>window.__AIO_E2E_TAURI_RESULTS__?.[id]).apply(null, arguments)\n        ","args":["tauri-command-1788903527384-34"]}
2026-09-08T21:38:49.200Z INFO webdriver: RESULT { status: 'pending' }
2026-09-08T21:38:49.292Z DEBUG @wdio/utils:shim: Finished to run "beforeCommand" hook in 0ms
2026-09-08T21:38:49.292Z DEBUG @wdio/utils:shim: Finished to run "beforeCommand" hook in 0ms
2026-09-08T21:38:49.292Z INFO webdriver: COMMAND executeScript(<fn>, <object>)
2026-09-08T21:38:49.293Z INFO webdriver: [POST] http://127.0.0.1:4459/session/73d1ae20-d07b-4899-bca8-5e3083d4ce91/execute/sync
2026-09-08T21:38:49.293Z INFO webdriver: DATA {"script":"\n            function webdriverioPolyfill() {\n  var __defProp = Object.defineProperty;\n  var __name = function(target, _value) {\n    return __defProp(target, \"name\", { value: _value, configurable: true });\n  };\n  var __globalThis = typeof globalThis === \"object\" && globalThis || typeof window === \"object\" && window;\n  __globalThis.__name = __name;\n}\n            webdriverioPolyfill();\n            return (id=>window.__AIO_E2E_TAURI_RESULTS__?.[id]).apply(null, arguments)\n        ","args":["tauri-command-1788903527384-34"]}
2026-09-08T21:38:49.301Z INFO webdriver: RESULT { status: 'pending' }
2026-09-08T21:38:49.392Z DEBUG @wdio/utils:shim: Finished to run "beforeCommand" hook in 0ms
2026-09-08T21:38:49.392Z DEBUG @wdio/utils:shim: Finished to run "beforeCommand" hook in 0ms
2026-09-08T21:38:49.392Z INFO webdriver: COMMAND executeScript(<fn>, <object>)
2026-09-08T21:38:49.393Z INFO webdriver: [POST] http://127.0.0.1:4459/session/73d1ae20-d07b-4899-bca8-5e3083d4ce91/execute/sync
2026-09-08T21:38:49.393Z INFO webdriver: DATA {"script":"\n            function webdriverioPolyfill() {\n  var __defProp = Object.defineProperty;\n  var __name = function(target, _value) {\n    return __defProp(target, \"name\", { value: _value, configurable: true });\n  };\n  var __globalThis = typeof globalThis === \"object\" && globalThis || typeof window === \"object\" && window;\n  __globalThis.__name = __name;\n}\n            webdriverioPolyfill();\n            return (id=>window.__AIO_E2E_TAURI_RESULTS__?.[id]).apply(null, arguments)\n        ","args":["tauri-command-1788903527384-34"]}
2026-09-08T21:38:49.398Z INFO webdriver: RESULT {
  status: 'resolved',
  value: '{"data":{"capabilities":["attachment.limits","interaction.approval","session","session.cancel","session.create","session.fork","session.history","session.list","session.open","session.rename","session.resume","session.search","session.select-model","session.snapshot","session.submit-prompt","session.subscribe","session.update-queue","snapshot","terminal.close","terminal.open","terminal.read","terminal.send","workspace.archive-session","workspace.create","workspace.delete","workspace.follow","workspace.rename"],"contractHash":"96af8af6cdb538da2cd13c53eb4dd640f0ca233aab68b209d82fc744e01da519","domainGenerationId":"dsh-generation-9772-1788903527288151100-1","sandbox":{"backend":"restricted-token","level":"full"},"state":"ready"},"id":1,"type":"result"}'
}
2026-09-08T21:38:49.399Z DEBUG @wdio/utils:shim: Finished to run "beforeCommand" hook in 0ms
2026-09-08T21:38:49.399Z DEBUG @wdio/utils:shim: Finished to run "beforeCommand" hook in 0ms
2026-09-08T21:38:49.399Z INFO webdriver: COMMAND executeScript(<fn>, <object>)
2026-09-08T21:38:49.399Z INFO webdriver: [POST] http://127.0.0.1:4459/session/73d1ae20-d07b-4899-bca8-5e3083d4ce91/execute/sync
2026-09-08T21:38:49.399Z INFO webdriver: DATA {"script":"\n            function webdriverioPolyfill() {\n  var __defProp = Object.defineProperty;\n  var __name = function(target, _value) {\n    return __defProp(target, \"name\", { value: _value, configurable: true });\n  };\n  var __globalThis = typeof globalThis === \"object\" && globalThis || typeof window === \"object\" && window;\n  __globalThis.__name = __name;\n}\n            webdriverioPolyfill();\n            return (id=>{const results=window.__AIO_E2E_TAURI_RESULTS__;const value=results?.[id];if(results)delete results[id];return value}).apply(null, arguments)\n        ","args":["tauri-command-1788903527384-34"]}
2026-09-08T21:38:49.403Z INFO webdriver: RESULT {
  status: 'resolved',
  value: '{"data":{"capabilities":["attachment.limits","interaction.approval","session","session.cancel","session.create","session.fork","session.history","session.list","session.open","session.rename","session.resume","session.search","session.select-model","session.snapshot","session.submit-prompt","session.subscribe","session.update-queue","snapshot","terminal.close","terminal.open","terminal.read","terminal.send","workspace.archive-session","workspace.create","workspace.delete","workspace.follow","workspace.rename"],"contractHash":"96af8af6cdb538da2cd13c53eb4dd640f0ca233aab68b209d82fc744e01da519","domainGenerationId":"dsh-generation-9772-1788903527288151100-1","sandbox":{"backend":"restricted-token","level":"full"},"state":"ready"},"id":1,"type":"result"}'
}
2026-09-08T21:38:49.404Z DEBUG @wdio/utils:shim: Finished to run "beforeCommand" hook in 0ms
2026-09-08T21:38:49.404Z DEBUG @wdio/utils:shim: Finished to run "beforeCommand" hook in 0ms
2026-09-08T21:38:49.404Z DEBUG @wdio/utils:shim: Finished to run "beforeCommand" hook in 0ms
2026-09-08T21:38:49.404Z INFO webdriver: COMMAND executeScript(<fn>, <object>)
2026-09-08T21:38:49.404Z INFO webdriver: [POST] http://127.0.0.1:4459/session/73d1ae20-d07b-4899-bca8-5e3083d4ce91/execute/sync
2026-09-08T21:38:49.404Z INFO webdriver: DATA {"script":"\n            function webdriverioPolyfill() {\n  var __defProp = Object.defineProperty;\n  var __name = function(target, _value) {\n    return __defProp(target, \"name\", { value: _value, configurable: true });\n  };\n  var __globalThis = typeof globalThis === \"object\" && globalThis || typeof window === \"object\" && window;\n  __globalThis.__name = __name;\n}\n            webdriverioPolyfill();\n            return (()=>!!window.__TAURI_INTERNALS__).apply(null, arguments)\n        ","args":[]}
2026-09-08T21:38:49.409Z INFO webdriver: RESULT true
2026-09-08T21:38:49.409Z DEBUG @wdio/utils:shim: Finished to run "beforeCommand" hook in 0ms
2026-09-08T21:38:49.409Z DEBUG @wdio/utils:shim: Finished to run "beforeCommand" hook in 0ms
2026-09-08T21:38:49.409Z INFO webdriver: COMMAND executeScript(<fn>, <object>)
2026-09-08T21:38:49.409Z INFO webdriver: [POST] http://127.0.0.1:4459/session/73d1ae20-d07b-4899-bca8-5e3083d4ce91/execute/sync
2026-09-08T21:38:49.409Z INFO webdriver: DATA {"script":"\n            function webdriverioPolyfill() {\n  var __defProp = Object.defineProperty;\n  var __name = function(target, _value) {\n    return __defProp(target, \"name\", { value: _value, configurable: true });\n  };\n  var __globalThis = typeof globalThis === \"object\" && globalThis || typeof window === \"object\" && window;\n  __globalThis.__name = __name;\n}\n            webdriverioPolyfill();\n            return ((id,commandName,commandArgs)=>{const e2eWindow=window;const results=e2eWindow.__AIO_E2E_TAURI_RESULTS__??={};const bridge=e2eWindow.__TAURI_INTERNALS__;if(!bridge){results[id]={status:\"failed\",error:\"Tauri IPC internals are unavailable in the E2E window.\"};return}results[id]={status:\"pending\"};void bridge.invoke(commandName,commandArgs).then(value=>{results[id]={status:\"resolved\",value}}).catch(error=>{results[id]={status:\"failed\",error:String(error)}})}).apply(null, arguments)\n        ","args":["tauri-command-1788903529409-35","sidecar_send_command",{"pluginId":"dsh-coding-workspace-upgrade-probe-744ac418-82bb-404d-a5f5-bff7b28bc32a","method":"session.acquire","params":{"sessionId":"upgrade-probe-744ac418-82bb-404d-a5f5-bff7b28bc32a","viewId":"upgrade-probe","mode":"controller"}}]}
2026-09-08T21:38:49.415Z INFO webdriver: RESULT null
2026-09-08T21:38:49.415Z DEBUG @wdio/utils:shim: Finished to run "beforeCommand" hook in 0ms
2026-09-08T21:38:49.415Z DEBUG @wdio/utils:shim: Finished to run "beforeCommand" hook in 0ms
2026-09-08T21:38:49.416Z DEBUG @wdio/utils:shim: Finished to run "beforeCommand" hook in 0ms
2026-09-08T21:38:49.416Z INFO webdriver: COMMAND executeScript(<fn>, <object>)
2026-09-08T21:38:49.416Z INFO webdriver: [POST] http://127.0.0.1:4459/session/73d1ae20-d07b-4899-bca8-5e3083d4ce91/execute/sync
2026-09-08T21:38:49.416Z INFO webdriver: DATA {"script":"\n            function webdriverioPolyfill() {\n  var __defProp = Object.defineProperty;\n  var __name = function(target, _value) {\n    return __defProp(target, \"name\", { value: _value, configurable: true });\n  };\n  var __globalThis = typeof globalThis === \"object\" && globalThis || typeof window === \"object\" && window;\n  __globalThis.__name = __name;\n}\n            webdriverioPolyfill();\n            return (id=>window.__AIO_E2E_TAURI_RESULTS__?.[id]).apply(null, arguments)\n        ","args":["tauri-command-1788903529409-35"]}
2026-09-08T21:38:49.423Z INFO webdriver: RESULT {
  status: 'resolved',
  value: '{"data":{"domainGenerationId":"dsh-generation-9772-1788903527288151100-1","lease":{"contractHash":"96af8af6cdb538da2cd13c53eb4dd640f0ca233aab68b209d82fc744e01da519","domainGenerationId":"dsh-generation-9772-1788903527288151100-1","leaseId":"lease-1","mode":"controller","sessionId":"upgrade-probe-744ac418-82bb-404d-a5f5-bff7b28bc32a"}},"id":2,"type":"result"}'
}
2026-09-08T21:38:49.423Z DEBUG @wdio/utils:shim: Finished to run "beforeCommand" hook in 0ms
2026-09-08T21:38:49.423Z DEBUG @wdio/utils:shim: Finished to run "beforeCommand" hook in 0ms
2026-09-08T21:38:49.423Z INFO webdriver: COMMAND executeScript(<fn>, <object>)
2026-09-08T21:38:49.423Z INFO webdriver: [POST] http://127.0.0.1:4459/session/73d1ae20-d07b-4899-bca8-5e3083d4ce91/execute/sync
2026-09-08T21:38:49.423Z INFO webdriver: DATA {"script":"\n            function webdriverioPolyfill() {\n  var __defProp = Object.defineProperty;\n  var __name = function(target, _value) {\n    return __defProp(target, \"name\", { value: _value, configurable: true });\n  };\n  var __globalThis = typeof globalThis === \"object\" && globalThis || typeof window === \"object\" && window;\n  __globalThis.__name = __name;\n}\n            webdriverioPolyfill();\n            return (id=>{const results=window.__AIO_E2E_TAURI_RESULTS__;const value=results?.[id];if(results)delete results[id];return value}).apply(null, arguments)\n        ","args":["tauri-command-1788903529409-35"]}
2026-09-08T21:38:49.429Z INFO webdriver: RESULT {
  status: 'resolved',
  value: '{"data":{"domainGenerationId":"dsh-generation-9772-1788903527288151100-1","lease":{"contractHash":"96af8af6cdb538da2cd13c53eb4dd640f0ca233aab68b209d82fc744e01da519","domainGenerationId":"dsh-generation-9772-1788903527288151100-1","leaseId":"lease-1","mode":"controller","sessionId":"upgrade-probe-744ac418-82bb-404d-a5f5-bff7b28bc32a"}},"id":2,"type":"result"}'
}
2026-09-08T21:38:49.429Z DEBUG @wdio/utils:shim: Finished to run "beforeCommand" hook in 0ms
2026-09-08T21:38:49.429Z DEBUG @wdio/utils:shim: Finished to run "beforeCommand" hook in 0ms
2026-09-08T21:38:49.429Z DEBUG @wdio/utils:shim: Finished to run "beforeCommand" hook in 0ms
2026-09-08T21:38:49.429Z INFO webdriver: COMMAND executeScript(<fn>, <object>)
2026-09-08T21:38:49.429Z INFO webdriver: [POST] http://127.0.0.1:4459/session/73d1ae20-d07b-4899-bca8-5e3083d4ce91/execute/sync
2026-09-08T21:38:49.429Z INFO webdriver: DATA {"script":"\n            function webdriverioPolyfill() {\n  var __defProp = Object.defineProperty;\n  var __name = function(target, _value) {\n    return __defProp(target, \"name\", { value: _value, configurable: true });\n  };\n  var __globalThis = typeof globalThis === \"object\" && globalThis || typeof window === \"object\" && window;\n  __globalThis.__name = __name;\n}\n            webdriverioPolyfill();\n            return (()=>!!window.__TAURI_INTERNALS__).apply(null, arguments)\n        ","args":[]}
2026-09-08T21:38:49.434Z INFO webdriver: RESULT true
2026-09-08T21:38:49.434Z DEBUG @wdio/utils:shim: Finished to run "beforeCommand" hook in 0ms
2026-09-08T21:38:49.434Z DEBUG @wdio/utils:shim: Finished to run "beforeCommand" hook in 0ms
2026-09-08T21:38:49.434Z INFO webdriver: COMMAND executeScript(<fn>, <object>)
2026-09-08T21:38:49.434Z INFO webdriver: [POST] http://127.0.0.1:4459/session/73d1ae20-d07b-4899-bca8-5e3083d4ce91/execute/sync
2026-09-08T21:38:49.435Z INFO webdriver: DATA {"script":"\n            function webdriverioPolyfill() {\n  var __defProp = Object.defineProperty;\n  var __name = function(target, _value) {\n    return __defProp(target, \"name\", { value: _value, configurable: true });\n  };\n  var __globalThis = typeof globalThis === \"object\" && globalThis || typeof window === \"object\" && window;\n  __globalThis.__name = __name;\n}\n            webdriverioPolyfill();\n            return ((id,commandName,commandArgs)=>{const e2eWindow=window;const results=e2eWindow.__AIO_E2E_TAURI_RESULTS__??={};const bridge=e2eWindow.__TAURI_INTERNALS__;if(!bridge){results[id]={status:\"failed\",error:\"Tauri IPC internals are unavailable in the E2E window.\"};return}results[id]={status:\"pending\"};void bridge.invoke(commandName,commandArgs).then(value=>{results[id]={status:\"resolved\",value}}).catch(error=>{results[id]={status:\"failed\",error:String(error)}})}).apply(null, arguments)\n        ","args":["tauri-command-1788903529434-36","sidecar_send_command",{"pluginId":"dsh-coding-workspace-upgrade-probe-744ac418-82bb-404d-a5f5-bff7b28bc32a","method":"session.submitPrompt","params":{"sessionId":"upgrade-probe-744ac418-82bb-404d-a5f5-bff7b28bc32a","leaseId":"lease-1","turnId":"upgrade-probe-turn-744ac418-82bb-404d-a5f5-bff7b28bc32a","input":{"prompt":"reply with the upgrade candidate smoke marker","provider":{"baseUrl":"http://127.0.0.1:59796","apiKey":"upgrade-probe-secret"},"workspace":"D:\\a\\aio-hub\\aio-hub\\.e2e-data\\dsh-native\\plugins-data\\dsh-coding-workspace-upgrade-probe-744ac418-82bb-404d-a5f5-bff7b28bc32a"}}}]}
2026-09-08T21:38:49.442Z INFO webdriver: RESULT null
2026-09-08T21:38:49.442Z DEBUG @wdio/utils:shim: Finished to run "beforeCommand" hook in 0ms
2026-09-08T21:38:49.443Z DEBUG @wdio/utils:shim: Finished to run "beforeCommand" hook in 0ms
2026-09-08T21:38:49.443Z DEBUG @wdio/utils:shim: Finished to run "beforeCommand" hook in 0ms
2026-09-08T21:38:49.443Z INFO webdriver: COMMAND executeScript(<fn>, <object>)
2026-09-08T21:38:49.443Z INFO webdriver: [POST] http://127.0.0.1:4459/session/73d1ae20-d07b-4899-bca8-5e3083d4ce91/execute/sync
2026-09-08T21:38:49.443Z INFO webdriver: DATA {"script":"\n            function webdriverioPolyfill() {\n  var __defProp = Object.defineProperty;\n  var __name = function(target, _value) {\n    return __defProp(target, \"name\", { value: _value, configurable: true });\n  };\n  var __globalThis = typeof globalThis === \"object\" && globalThis || typeof window === \"object\" && window;\n  __globalThis.__name = __name;\n}\n            webdriverioPolyfill();\n            return (id=>window.__AIO_E2E_TAURI_RESULTS__?.[id]).apply(null, arguments)\n        ","args":["tauri-command-1788903529434-36"]}
2026-09-08T21:38:49.449Z INFO webdriver: RESULT { status: 'pending' }
2026-09-08T21:38:49.543Z DEBUG @wdio/utils:shim: Finished to run "beforeCommand" hook in 0ms
2026-09-08T21:38:49.543Z DEBUG @wdio/utils:shim: Finished to run "beforeCommand" hook in 0ms
2026-09-08T21:38:49.543Z INFO webdriver: COMMAND executeScript(<fn>, <object>)
2026-09-08T21:38:49.544Z INFO webdriver: [POST] http://127.0.0.1:4459/session/73d1ae20-d07b-4899-bca8-5e3083d4ce91/execute/sync
2026-09-08T21:38:49.544Z INFO webdriver: DATA {"script":"\n            function webdriverioPolyfill() {\n  var __defProp = Object.defineProperty;\n  var __name = function(target, _value) {\n    return __defProp(target, \"name\", { value: _value, configurable: true });\n  };\n  var __globalThis = typeof globalThis === \"object\" && globalThis || typeof window === \"object\" && window;\n  __globalThis.__name = __name;\n}\n            webdriverioPolyfill();\n            return (id=>window.__AIO_E2E_TAURI_RESULTS__?.[id]).apply(null, arguments)\n        ","args":["tauri-command-1788903529434-36"]}
2026-09-08T21:38:49.552Z INFO webdriver: RESULT {
  status: 'resolved',
  value: '{"data":{"accepted":true,"domainGenerationId":"dsh-generation-9772-1788903527288151100-1"},"id":3,"type":"result"}'
}
2026-09-08T21:38:49.552Z DEBUG @wdio/utils:shim: Finished to run "beforeCommand" hook in 0ms
2026-09-08T21:38:49.552Z DEBUG @wdio/utils:shim: Finished to run "beforeCommand" hook in 0ms
2026-09-08T21:38:49.553Z INFO webdriver: COMMAND executeScript(<fn>, <object>)
2026-09-08T21:38:49.553Z INFO webdriver: [POST] http://127.0.0.1:4459/session/73d1ae20-d07b-4899-bca8-5e3083d4ce91/execute/sync
2026-09-08T21:38:49.553Z INFO webdriver: DATA {"script":"\n            function webdriverioPolyfill() {\n  var __defProp = Object.defineProperty;\n  var __name = function(target, _value) {\n    return __defProp(target, \"name\", { value: _value, configurable: true });\n  };\n  var __globalThis = typeof globalThis === \"object\" && globalThis || typeof window === \"object\" && window;\n  __globalThis.__name = __name;\n}\n            webdriverioPolyfill();\n            return (id=>{const results=window.__AIO_E2E_TAURI_RESULTS__;const value=results?.[id];if(results)delete results[id];return value}).apply(null, arguments)\n        ","args":["tauri-command-1788903529434-36"]}
2026-09-08T21:38:49.560Z INFO webdriver: RESULT {
  status: 'resolved',
  value: '{"data":{"accepted":true,"domainGenerationId":"dsh-generation-9772-1788903527288151100-1"},"id":3,"type":"result"}'
}
2026-09-08T21:38:49.560Z DEBUG @wdio/utils:shim: Finished to run "beforeCommand" hook in 0ms
2026-09-08T21:38:49.560Z DEBUG @wdio/utils:shim: Finished to run "beforeCommand" hook in 0ms
2026-09-08T21:38:49.560Z DEBUG @wdio/utils:shim: Finished to run "beforeCommand" hook in 0ms
2026-09-08T21:38:49.560Z INFO webdriver: COMMAND executeScript(<fn>, <object>)
2026-09-08T21:38:49.561Z INFO webdriver: [POST] http://127.0.0.1:4459/session/73d1ae20-d07b-4899-bca8-5e3083d4ce91/execute/sync
2026-09-08T21:38:49.561Z INFO webdriver: DATA {"script":"\n            function webdriverioPolyfill() {\n  var __defProp = Object.defineProperty;\n  var __name = function(target, _value) {\n    return __defProp(target, \"name\", { value: _value, configurable: true });\n  };\n  var __globalThis = typeof globalThis === \"object\" && globalThis || typeof window === \"object\" && window;\n  __globalThis.__name = __name;\n}\n            webdriverioPolyfill();\n            return (()=>!!window.__TAURI_INTERNALS__).apply(null, arguments)\n        ","args":[]}
2026-09-08T21:38:49.566Z INFO webdriver: RESULT true
2026-09-08T21:38:49.567Z DEBUG @wdio/utils:shim: Finished to run "beforeCommand" hook in 0ms
2026-09-08T21:38:49.567Z DEBUG @wdio/utils:shim: Finished to run "beforeCommand" hook in 0ms
2026-09-08T21:38:49.567Z INFO webdriver: COMMAND executeScript(<fn>, <object>)
2026-09-08T21:38:49.567Z INFO webdriver: [POST] http://127.0.0.1:4459/session/73d1ae20-d07b-4899-bca8-5e3083d4ce91/execute/sync
2026-09-08T21:38:49.567Z INFO webdriver: DATA {"script":"\n            function webdriverioPolyfill() {\n  var __defProp = Object.defineProperty;\n  var __name = function(target, _value) {\n    return __defProp(target, \"name\", { value: _value, configurable: true });\n  };\n  var __globalThis = typeof globalThis === \"object\" && globalThis || typeof window === \"object\" && window;\n  __globalThis.__name = __name;\n}\n            webdriverioPolyfill();\n            return ((id,commandName,commandArgs)=>{const e2eWindow=window;const results=e2eWindow.__AIO_E2E_TAURI_RESULTS__??={};const bridge=e2eWindow.__TAURI_INTERNALS__;if(!bridge){results[id]={status:\"failed\",error:\"Tauri IPC internals are unavailable in the E2E window.\"};return}results[id]={status:\"pending\"};void bridge.invoke(commandName,commandArgs).then(value=>{results[id]={status:\"resolved\",value}}).catch(error=>{results[id]={status:\"failed\",error:String(error)}})}).apply(null, arguments)\n        ","args":["tauri-command-1788903529567-37","sidecar_kill_resident",{"pluginId":"dsh-coding-workspace-upgrade-probe-744ac418-82bb-404d-a5f5-bff7b28bc32a"}]}
2026-09-08T21:38:49.574Z INFO webdriver: RESULT null
2026-09-08T21:38:49.574Z DEBUG @wdio/utils:shim: Finished to run "beforeCommand" hook in 0ms
2026-09-08T21:38:49.574Z DEBUG @wdio/utils:shim: Finished to run "beforeCommand" hook in 0ms
2026-09-08T21:38:49.574Z DEBUG @wdio/utils:shim: Finished to run "beforeCommand" hook in 0ms
2026-09-08T21:38:49.574Z INFO webdriver: COMMAND executeScript(<fn>, <object>)
2026-09-08T21:38:49.575Z INFO webdriver: [POST] http://127.0.0.1:4459/session/73d1ae20-d07b-4899-bca8-5e3083d4ce91/execute/sync
2026-09-08T21:38:49.575Z INFO webdriver: DATA {"script":"\n            function webdriverioPolyfill() {\n  var __defProp = Object.defineProperty;\n  var __name = function(target, _value) {\n    return __defProp(target, \"name\", { value: _value, configurable: true });\n  };\n  var __globalThis = typeof globalThis === \"object\" && globalThis || typeof window === \"object\" && window;\n  __globalThis.__name = __name;\n}\n            webdriverioPolyfill();\n            return (id=>window.__AIO_E2E_TAURI_RESULTS__?.[id]).apply(null, arguments)\n        ","args":["tauri-command-1788903529567-37"]}
2026-09-08T21:38:49.581Z INFO webdriver: RESULT { status: 'pending' }
2026-09-08T21:38:49.674Z DEBUG @wdio/utils:shim: Finished to run "beforeCommand" hook in 0ms
2026-09-08T21:38:49.674Z DEBUG @wdio/utils:shim: Finished to run "beforeCommand" hook in 0ms
2026-09-08T21:38:49.674Z INFO webdriver: COMMAND executeScript(<fn>, <object>)
2026-09-08T21:38:49.674Z INFO webdriver: [POST] http://127.0.0.1:4459/session/73d1ae20-d07b-4899-bca8-5e3083d4ce91/execute/sync
2026-09-08T21:38:49.675Z INFO webdriver: DATA {"script":"\n            function webdriverioPolyfill() {\n  var __defProp = Object.defineProperty;\n  var __name = function(target, _value) {\n    return __defProp(target, \"name\", { value: _value, configurable: true });\n  };\n  var __globalThis = typeof globalThis === \"object\" && globalThis || typeof window === \"object\" && window;\n  __globalThis.__name = __name;\n}\n            webdriverioPolyfill();\n            return (id=>window.__AIO_E2E_TAURI_RESULTS__?.[id]).apply(null, arguments)\n        ","args":["tauri-command-1788903529567-37"]}
2026-09-08T21:38:49.682Z INFO webdriver: RESULT { status: 'pending' }
2026-09-08T21:38:49.774Z DEBUG @wdio/utils:shim: Finished to run "beforeCommand" hook in 0ms
2026-09-08T21:38:49.774Z DEBUG @wdio/utils:shim: Finished to run "beforeCommand" hook in 0ms
2026-09-08T21:38:49.774Z INFO webdriver: COMMAND executeScript(<fn>, <object>)
2026-09-08T21:38:49.774Z INFO webdriver: [POST] http://127.0.0.1:4459/session/73d1ae20-d07b-4899-bca8-5e3083d4ce91/execute/sync
2026-09-08T21:38:49.774Z INFO webdriver: DATA {"script":"\n            function webdriverioPolyfill() {\n  var __defProp = Object.defineProperty;\n  var __name = function(target, _value) {\n    return __defProp(target, \"name\", { value: _value, configurable: true });\n  };\n  var __globalThis = typeof globalThis === \"object\" && globalThis || typeof window === \"object\" && window;\n  __globalThis.__name = __name;\n}\n            webdriverioPolyfill();\n            return (id=>window.__AIO_E2E_TAURI_RESULTS__?.[id]).apply(null, arguments)\n        ","args":["tauri-command-1788903529567-37"]}
2026-09-08T21:38:49.782Z INFO webdriver: RESULT { status: 'pending' }
2026-09-08T21:38:49.874Z DEBUG @wdio/utils:shim: Finished to run "beforeCommand" hook in 0ms
2026-09-08T21:38:49.874Z DEBUG @wdio/utils:shim: Finished to run "beforeCommand" hook in 0ms
2026-09-08T21:38:49.875Z INFO webdriver: COMMAND executeScript(<fn>, <object>)
2026-09-08T21:38:49.875Z INFO webdriver: [POST] http://127.0.0.1:4459/session/73d1ae20-d07b-4899-bca8-5e3083d4ce91/execute/sync
2026-09-08T21:38:49.875Z INFO webdriver: DATA {"script":"\n            function webdriverioPolyfill() {\n  var __defProp = Object.defineProperty;\n  var __name = function(target, _value) {\n    return __defProp(target, \"name\", { value: _value, configurable: true });\n  };\n  var __globalThis = typeof globalThis === \"object\" && globalThis || typeof window === \"object\" && window;\n  __globalThis.__name = __name;\n}\n            webdriverioPolyfill();\n            return (id=>window.__AIO_E2E_TAURI_RESULTS__?.[id]).apply(null, arguments)\n        ","args":["tauri-command-1788903529567-37"]}
2026-09-08T21:38:49.881Z INFO webdriver: RESULT { status: 'pending' }
2026-09-08T21:38:49.975Z DEBUG @wdio/utils:shim: Finished to run "beforeCommand" hook in 0ms
2026-09-08T21:38:49.975Z DEBUG @wdio/utils:shim: Finished to run "beforeCommand" hook in 0ms
2026-09-08T21:38:49.976Z INFO webdriver: COMMAND executeScript(<fn>, <object>)
2026-09-08T21:38:49.976Z INFO webdriver: [POST] http://127.0.0.1:4459/session/73d1ae20-d07b-4899-bca8-5e3083d4ce91/execute/sync
2026-09-08T21:38:49.976Z INFO webdriver: DATA {"script":"\n            function webdriverioPolyfill() {\n  var __defProp = Object.defineProperty;\n  var __name = function(target, _value) {\n    return __defProp(target, \"name\", { value: _value, configurable: true });\n  };\n  var __globalThis = typeof globalThis === \"object\" && globalThis || typeof window === \"object\" && window;\n  __globalThis.__name = __name;\n}\n            webdriverioPolyfill();\n            return (id=>window.__AIO_E2E_TAURI_RESULTS__?.[id]).apply(null, arguments)\n        ","args":["tauri-command-1788903529567-37"]}
2026-09-08T21:38:49.981Z INFO webdriver: RESULT { status: 'pending' }
2026-09-08T21:38:50.073Z DEBUG @wdio/utils:shim: Finished to run "beforeCommand" hook in 0ms
2026-09-08T21:38:50.074Z DEBUG @wdio/utils:shim: Finished to run "beforeCommand" hook in 0ms
2026-09-08T21:38:50.074Z INFO webdriver: COMMAND executeScript(<fn>, <object>)
2026-09-08T21:38:50.074Z INFO webdriver: [POST] http://127.0.0.1:4459/session/73d1ae20-d07b-4899-bca8-5e3083d4ce91/execute/sync
2026-09-08T21:38:50.074Z INFO webdriver: DATA {"script":"\n            function webdriverioPolyfill() {\n  var __defProp = Object.defineProperty;\n  var __name = function(target, _value) {\n    return __defProp(target, \"name\", { value: _value, configurable: true });\n  };\n  var __globalThis = typeof globalThis === \"object\" && globalThis || typeof window === \"object\" && window;\n  __globalThis.__name = __name;\n}\n            webdriverioPolyfill();\n            return (id=>window.__AIO_E2E_TAURI_RESULTS__?.[id]).apply(null, arguments)\n        ","args":["tauri-command-1788903529567-37"]}
2026-09-08T21:38:50.080Z INFO webdriver: RESULT { status: 'pending' }
2026-09-08T21:38:50.175Z DEBUG @wdio/utils:shim: Finished to run "beforeCommand" hook in 0ms
2026-09-08T21:38:50.175Z DEBUG @wdio/utils:shim: Finished to run "beforeCommand" hook in 0ms
2026-09-08T21:38:50.175Z INFO webdriver: COMMAND executeScript(<fn>, <object>)
2026-09-08T21:38:50.175Z INFO webdriver: [POST] http://127.0.0.1:4459/session/73d1ae20-d07b-4899-bca8-5e3083d4ce91/execute/sync
2026-09-08T21:38:50.175Z INFO webdriver: DATA {"script":"\n            function webdriverioPolyfill() {\n  var __defProp = Object.defineProperty;\n  var __name = function(target, _value) {\n    return __defProp(target, \"name\", { value: _value, configurable: true });\n  };\n  var __globalThis = typeof globalThis === \"object\" && globalThis || typeof window === \"object\" && window;\n  __globalThis.__name = __name;\n}\n            webdriverioPolyfill();\n            return (id=>window.__AIO_E2E_TAURI_RESULTS__?.[id]).apply(null, arguments)\n        ","args":["tauri-command-1788903529567-37"]}
2026-09-08T21:38:50.180Z INFO webdriver: RESULT { status: 'pending' }
2026-09-08T21:38:50.274Z DEBUG @wdio/utils:shim: Finished to run "beforeCommand" hook in 0ms
2026-09-08T21:38:50.274Z DEBUG @wdio/utils:shim: Finished to run "beforeCommand" hook in 0ms
2026-09-08T21:38:50.274Z INFO webdriver: COMMAND executeScript(<fn>, <object>)
2026-09-08T21:38:50.275Z INFO webdriver: [POST] http://127.0.0.1:4459/session/73d1ae20-d07b-4899-bca8-5e3083d4ce91/execute/sync
2026-09-08T21:38:50.275Z INFO webdriver: DATA {"script":"\n            function webdriverioPolyfill() {\n  var __defProp = Object.defineProperty;\n  var __name = function(target, _value) {\n    return __defProp(target, \"name\", { value: _value, configurable: true });\n  };\n  var __globalThis = typeof globalThis === \"object\" && globalThis || typeof window === \"object\" && window;\n  __globalThis.__name = __name;\n}\n            webdriverioPolyfill();\n            return (id=>window.__AIO_E2E_TAURI_RESULTS__?.[id]).apply(null, arguments)\n        ","args":["tauri-command-1788903529567-37"]}
2026-09-08T21:38:50.281Z INFO webdriver: RESULT { status: 'pending' }
2026-09-08T21:38:50.375Z DEBUG @wdio/utils:shim: Finished to run "beforeCommand" hook in 0ms
2026-09-08T21:38:50.375Z DEBUG @wdio/utils:shim: Finished to run "beforeCommand" hook in 0ms
2026-09-08T21:38:50.376Z INFO webdriver: COMMAND executeScript(<fn>, <object>)
2026-09-08T21:38:50.376Z INFO webdriver: [POST] http://127.0.0.1:4459/session/73d1ae20-d07b-4899-bca8-5e3083d4ce91/execute/sync
2026-09-08T21:38:50.376Z INFO webdriver: DATA {"script":"\n            function webdriverioPolyfill() {\n  var __defProp = Object.defineProperty;\n  var __name = function(target, _value) {\n    return __defProp(target, \"name\", { value: _value, configurable: true });\n  };\n  var __globalThis = typeof globalThis === \"object\" && globalThis || typeof window === \"object\" && window;\n  __globalThis.__name = __name;\n}\n            webdriverioPolyfill();\n            return (id=>window.__AIO_E2E_TAURI_RESULTS__?.[id]).apply(null, arguments)\n        ","args":["tauri-command-1788903529567-37"]}
2026-09-08T21:38:50.383Z INFO webdriver: RESULT { status: 'pending' }
2026-09-08T21:38:50.475Z DEBUG @wdio/utils:shim: Finished to run "beforeCommand" hook in 0ms
2026-09-08T21:38:50.475Z DEBUG @wdio/utils:shim: Finished to run "beforeCommand" hook in 0ms
2026-09-08T21:38:50.475Z INFO webdriver: COMMAND executeScript(<fn>, <object>)
2026-09-08T21:38:50.475Z INFO webdriver: [POST] http://127.0.0.1:4459/session/73d1ae20-d07b-4899-bca8-5e3083d4ce91/execute/sync
2026-09-08T21:38:50.475Z INFO webdriver: DATA {"script":"\n            function webdriverioPolyfill() {\n  var __defProp = Object.defineProperty;\n  var __name = function(target, _value) {\n    return __defProp(target, \"name\", { value: _value, configurable: true });\n  };\n  var __globalThis = typeof globalThis === \"object\" && globalThis || typeof window === \"object\" && window;\n  __globalThis.__name = __name;\n}\n            webdriverioPolyfill();\n            return (id=>window.__AIO_E2E_TAURI_RESULTS__?.[id]).apply(null, arguments)\n        ","args":["tauri-command-1788903529567-37"]}
2026-09-08T21:38:50.481Z INFO webdriver: RESULT { status: 'pending' }
2026-09-08T21:38:50.575Z DEBUG @wdio/utils:shim: Finished to run "beforeCommand" hook in 0ms
2026-09-08T21:38:50.575Z DEBUG @wdio/utils:shim: Finished to run "beforeCommand" hook in 0ms
2026-09-08T21:38:50.575Z INFO webdriver: COMMAND executeScript(<fn>, <object>)
2026-09-08T21:38:50.575Z INFO webdriver: [POST] http://127.0.0.1:4459/session/73d1ae20-d07b-4899-bca8-5e3083d4ce91/execute/sync
2026-09-08T21:38:50.575Z INFO webdriver: DATA {"script":"\n            function webdriverioPolyfill() {\n  var __defProp = Object.defineProperty;\n  var __name = function(target, _value) {\n    return __defProp(target, \"name\", { value: _value, configurable: true });\n  };\n  var __globalThis = typeof globalThis === \"object\" && globalThis || typeof window === \"object\" && window;\n  __globalThis.__name = __name;\n}\n            webdriverioPolyfill();\n            return (id=>window.__AIO_E2E_TAURI_RESULTS__?.[id]).apply(null, arguments)\n        ","args":["tauri-command-1788903529567-37"]}
2026-09-08T21:38:50.582Z INFO webdriver: RESULT { status: 'pending' }
2026-09-08T21:38:50.676Z DEBUG @wdio/utils:shim: Finished to run "beforeCommand" hook in 0ms
2026-09-08T21:38:50.676Z DEBUG @wdio/utils:shim: Finished to run "beforeCommand" hook in 0ms
2026-09-08T21:38:50.676Z INFO webdriver: COMMAND executeScript(<fn>, <object>)
2026-09-08T21:38:50.676Z INFO webdriver: [POST] http://127.0.0.1:4459/session/73d1ae20-d07b-4899-bca8-5e3083d4ce91/execute/sync
2026-09-08T21:38:50.676Z INFO webdriver: DATA {"script":"\n            function webdriverioPolyfill() {\n  var __defProp = Object.defineProperty;\n  var __name = function(target, _value) {\n    return __defProp(target, \"name\", { value: _value, configurable: true });\n  };\n  var __globalThis = typeof globalThis === \"object\" && globalThis || typeof window === \"object\" && window;\n  __globalThis.__name = __name;\n}\n            webdriverioPolyfill();\n            return (id=>window.__AIO_E2E_TAURI_RESULTS__?.[id]).apply(null, arguments)\n        ","args":["tauri-command-1788903529567-37"]}
2026-09-08T21:38:50.682Z INFO webdriver: RESULT { status: 'resolved', value: null }
2026-09-08T21:38:50.682Z DEBUG @wdio/utils:shim: Finished to run "beforeCommand" hook in 0ms
2026-09-08T21:38:50.682Z DEBUG @wdio/utils:shim: Finished to run "beforeCommand" hook in 0ms
2026-09-08T21:38:50.682Z INFO webdriver: COMMAND executeScript(<fn>, <object>)
2026-09-08T21:38:50.682Z INFO webdriver: [POST] http://127.0.0.1:4459/session/73d1ae20-d07b-4899-bca8-5e3083d4ce91/execute/sync
2026-09-08T21:38:50.682Z INFO webdriver: DATA {"script":"\n            function webdriverioPolyfill() {\n  var __defProp = Object.defineProperty;\n  var __name = function(target, _value) {\n    return __defProp(target, \"name\", { value: _value, configurable: true });\n  };\n  var __globalThis = typeof globalThis === \"object\" && globalThis || typeof window === \"object\" && window;\n  __globalThis.__name = __name;\n}\n            webdriverioPolyfill();\n            return (id=>{const results=window.__AIO_E2E_TAURI_RESULTS__;const value=results?.[id];if(results)delete results[id];return value}).apply(null, arguments)\n        ","args":["tauri-command-1788903529567-37"]}
2026-09-08T21:38:50.687Z INFO webdriver: RESULT { status: 'resolved', value: null }
2026-09-08T21:38:50.687Z DEBUG @wdio/utils:shim: Finished to run "beforeCommand" hook in 0ms
2026-09-08T21:38:50.687Z DEBUG @wdio/utils:shim: Finished to run "beforeCommand" hook in 0ms
2026-09-08T21:38:50.687Z DEBUG @wdio/utils:shim: Finished to run "beforeCommand" hook in 0ms
2026-09-08T21:38:50.687Z INFO webdriver: COMMAND executeScript(<fn>, <object>)
2026-09-08T21:38:50.687Z INFO webdriver: [POST] http://127.0.0.1:4459/session/73d1ae20-d07b-4899-bca8-5e3083d4ce91/execute/sync
2026-09-08T21:38:50.687Z INFO webdriver: DATA {"script":"\n            function webdriverioPolyfill() {\n  var __defProp = Object.defineProperty;\n  var __name = function(target, _value) {\n    return __defProp(target, \"name\", { value: _value, configurable: true });\n  };\n  var __globalThis = typeof globalThis === \"object\" && globalThis || typeof window === \"object\" && window;\n  __globalThis.__name = __name;\n}\n            webdriverioPolyfill();\n            return (()=>!!window.__TAURI_INTERNALS__).apply(null, arguments)\n        ","args":[]}
2026-09-08T21:38:50.691Z INFO webdriver: RESULT true
2026-09-08T21:38:50.691Z DEBUG @wdio/utils:shim: Finished to run "beforeCommand" hook in 0ms
2026-09-08T21:38:50.691Z DEBUG @wdio/utils:shim: Finished to run "beforeCommand" hook in 0ms
2026-09-08T21:38:50.691Z INFO webdriver: COMMAND executeScript(<fn>, <object>)
2026-09-08T21:38:50.691Z INFO webdriver: [POST] http://127.0.0.1:4459/session/73d1ae20-d07b-4899-bca8-5e3083d4ce91/execute/sync
2026-09-08T21:38:50.692Z INFO webdriver: DATA {"script":"\n            function webdriverioPolyfill() {\n  var __defProp = Object.defineProperty;\n  var __name = function(target, _value) {\n    return __defProp(target, \"name\", { value: _value, configurable: true });\n  };\n  var __globalThis = typeof globalThis === \"object\" && globalThis || typeof window === \"object\" && window;\n  __globalThis.__name = __name;\n}\n            webdriverioPolyfill();\n            return ((id,commandName,commandArgs)=>{const e2eWindow=window;const results=e2eWindow.__AIO_E2E_TAURI_RESULTS__??={};const bridge=e2eWindow.__TAURI_INTERNALS__;if(!bridge){results[id]={status:\"failed\",error:\"Tauri IPC internals are unavailable in the E2E window.\"};return}results[id]={status:\"pending\"};void bridge.invoke(commandName,commandArgs).then(value=>{results[id]={status:\"resolved\",value}}).catch(error=>{results[id]={status:\"failed\",error:String(error)}})}).apply(null, arguments)\n        ","args":["tauri-command-1788903530691-38","finalize_plugin_upgrade",{"transactionId":"744ac418-82bb-404d-a5f5-bff7b28bc32a","accept":true}]}
2026-09-08T21:38:50.699Z INFO webdriver: RESULT null
2026-09-08T21:38:50.699Z DEBUG @wdio/utils:shim: Finished to run "beforeCommand" hook in 0ms
2026-09-08T21:38:50.699Z DEBUG @wdio/utils:shim: Finished to run "beforeCommand" hook in 0ms
2026-09-08T21:38:50.699Z DEBUG @wdio/utils:shim: Finished to run "beforeCommand" hook in 0ms
2026-09-08T21:38:50.699Z INFO webdriver: COMMAND executeScript(<fn>, <object>)
2026-09-08T21:38:50.700Z INFO webdriver: [POST] http://127.0.0.1:4459/session/73d1ae20-d07b-4899-bca8-5e3083d4ce91/execute/sync
2026-09-08T21:38:50.700Z INFO webdriver: DATA {"script":"\n            function webdriverioPolyfill() {\n  var __defProp = Object.defineProperty;\n  var __name = function(target, _value) {\n    return __defProp(target, \"name\", { value: _value, configurable: true });\n  };\n  var __globalThis = typeof globalThis === \"object\" && globalThis || typeof window === \"object\" && window;\n  __globalThis.__name = __name;\n}\n            webdriverioPolyfill();\n            return (id=>window.__AIO_E2E_TAURI_RESULTS__?.[id]).apply(null, arguments)\n        ","args":["tauri-command-1788903530691-38"]}
2026-09-08T21:38:50.705Z INFO webdriver: RESULT { status: 'pending' }
2026-09-08T21:38:50.800Z DEBUG @wdio/utils:shim: Finished to run "beforeCommand" hook in 0ms
2026-09-08T21:38:50.800Z DEBUG @wdio/utils:shim: Finished to run "beforeCommand" hook in 0ms
2026-09-08T21:38:50.800Z INFO webdriver: COMMAND executeScript(<fn>, <object>)
2026-09-08T21:38:50.801Z INFO webdriver: [POST] http://127.0.0.1:4459/session/73d1ae20-d07b-4899-bca8-5e3083d4ce91/execute/sync
2026-09-08T21:38:50.801Z INFO webdriver: DATA {"script":"\n            function webdriverioPolyfill() {\n  var __defProp = Object.defineProperty;\n  var __name = function(target, _value) {\n    return __defProp(target, \"name\", { value: _value, configurable: true });\n  };\n  var __globalThis = typeof globalThis === \"object\" && globalThis || typeof window === \"object\" && window;\n  __globalThis.__name = __name;\n}\n            webdriverioPolyfill();\n            return (id=>window.__AIO_E2E_TAURI_RESULTS__?.[id]).apply(null, arguments)\n        ","args":["tauri-command-1788903530691-38"]}
2026-09-08T21:38:50.808Z INFO webdriver: RESULT { status: 'pending' }
2026-09-08T21:38:50.900Z DEBUG @wdio/utils:shim: Finished to run "beforeCommand" hook in 0ms
2026-09-08T21:38:50.900Z DEBUG @wdio/utils:shim: Finished to run "beforeCommand" hook in 0ms
2026-09-08T21:38:50.900Z INFO webdriver: COMMAND executeScript(<fn>, <object>)
2026-09-08T21:38:50.900Z INFO webdriver: [POST] http://127.0.0.1:4459/session/73d1ae20-d07b-4899-bca8-5e3083d4ce91/execute/sync
2026-09-08T21:38:50.900Z INFO webdriver: DATA {"script":"\n            function webdriverioPolyfill() {\n  var __defProp = Object.defineProperty;\n  var __name = function(target, _value) {\n    return __defProp(target, \"name\", { value: _value, configurable: true });\n  };\n  var __globalThis = typeof globalThis === \"object\" && globalThis || typeof window === \"object\" && window;\n  __globalThis.__name = __name;\n}\n            webdriverioPolyfill();\n            return (id=>window.__AIO_E2E_TAURI_RESULTS__?.[id]).apply(null, arguments)\n        ","args":["tauri-command-1788903530691-38"]}
2026-09-08T21:38:50.906Z INFO webdriver: RESULT { status: 'pending' }
2026-09-08T21:38:50.999Z DEBUG @wdio/utils:shim: Finished to run "beforeCommand" hook in 0ms
2026-09-08T21:38:51.000Z DEBUG @wdio/utils:shim: Finished to run "beforeCommand" hook in 0ms
2026-09-08T21:38:51.000Z INFO webdriver: COMMAND executeScript(<fn>, <object>)
2026-09-08T21:38:51.000Z INFO webdriver: [POST] http://127.0.0.1:4459/session/73d1ae20-d07b-4899-bca8-5e3083d4ce91/execute/sync
2026-09-08T21:38:51.000Z INFO webdriver: DATA {"script":"\n            function webdriverioPolyfill() {\n  var __defProp = Object.defineProperty;\n  var __name = function(target, _value) {\n    return __defProp(target, \"name\", { value: _value, configurable: true });\n  };\n  var __globalThis = typeof globalThis === \"object\" && globalThis || typeof window === \"object\" && window;\n  __globalThis.__name = __name;\n}\n            webdriverioPolyfill();\n            return (id=>window.__AIO_E2E_TAURI_RESULTS__?.[id]).apply(null, arguments)\n        ","args":["tauri-command-1788903530691-38"]}
2026-09-08T21:38:51.010Z INFO webdriver: RESULT { status: 'pending' }
2026-09-08T21:38:51.100Z DEBUG @wdio/utils:shim: Finished to run "beforeCommand" hook in 0ms
2026-09-08T21:38:51.100Z DEBUG @wdio/utils:shim: Finished to run "beforeCommand" hook in 0ms
2026-09-08T21:38:51.100Z INFO webdriver: COMMAND executeScript(<fn>, <object>)
2026-09-08T21:38:51.100Z INFO webdriver: [POST] http://127.0.0.1:4459/session/73d1ae20-d07b-4899-bca8-5e3083d4ce91/execute/sync
2026-09-08T21:38:51.100Z INFO webdriver: DATA {"script":"\n            function webdriverioPolyfill() {\n  var __defProp = Object.defineProperty;\n  var __name = function(target, _value) {\n    return __defProp(target, \"name\", { value: _value, configurable: true });\n  };\n  var __globalThis = typeof globalThis === \"object\" && globalThis || typeof window === \"object\" && window;\n  __globalThis.__name = __name;\n}\n            webdriverioPolyfill();\n            return (id=>window.__AIO_E2E_TAURI_RESULTS__?.[id]).apply(null, arguments)\n        ","args":["tauri-command-1788903530691-38"]}
2026-09-08T21:38:51.105Z INFO webdriver: RESULT {
  status: 'resolved',
  value: {
    installPath: 'D:\\a\\aio-hub\\aio-hub\\.e2e-data\\dsh-native\\plugins\\dsh-coding-workspace',
    pluginId: 'dsh-coding-workspace',
    pluginName: 'Coding工作站',
    version: '0.1.0'
  }
}
2026-09-08T21:38:51.105Z DEBUG @wdio/utils:shim: Finished to run "beforeCommand" hook in 0ms
2026-09-08T21:38:51.105Z DEBUG @wdio/utils:shim: Finished to run "beforeCommand" hook in 0ms
2026-09-08T21:38:51.105Z INFO webdriver: COMMAND executeScript(<fn>, <object>)
2026-09-08T21:38:51.105Z INFO webdriver: [POST] http://127.0.0.1:4459/session/73d1ae20-d07b-4899-bca8-5e3083d4ce91/execute/sync
2026-09-08T21:38:51.105Z INFO webdriver: DATA {"script":"\n            function webdriverioPolyfill() {\n  var __defProp = Object.defineProperty;\n  var __name = function(target, _value) {\n    return __defProp(target, \"name\", { value: _value, configurable: true });\n  };\n  var __globalThis = typeof globalThis === \"object\" && globalThis || typeof window === \"object\" && window;\n  __globalThis.__name = __name;\n}\n            webdriverioPolyfill();\n            return (id=>{const results=window.__AIO_E2E_TAURI_RESULTS__;const value=results?.[id];if(results)delete results[id];return value}).apply(null, arguments)\n        ","args":["tauri-command-1788903530691-38"]}
2026-09-08T21:38:51.109Z INFO webdriver: RESULT {
  status: 'resolved',
  value: {
    installPath: 'D:\\a\\aio-hub\\aio-hub\\.e2e-data\\dsh-native\\plugins\\dsh-coding-workspace',
    pluginId: 'dsh-coding-workspace',
    pluginName: 'Coding工作站',
    version: '0.1.0'
  }
}
2026-09-08T21:38:51.109Z DEBUG @wdio/utils:shim: Finished to run "beforeCommand" hook in 0ms
2026-09-08T21:38:51.110Z DEBUG @wdio/utils:shim: Finished to run "beforeCommand" hook in 0ms
2026-09-08T21:38:51.110Z DEBUG @wdio/utils:shim: Finished to run "beforeCommand" hook in 0ms
2026-09-08T21:38:51.110Z INFO webdriver: COMMAND executeScript(<fn>, <object>)
2026-09-08T21:38:51.110Z INFO webdriver: [POST] http://127.0.0.1:4459/session/73d1ae20-d07b-4899-bca8-5e3083d4ce91/execute/sync
2026-09-08T21:38:51.110Z INFO webdriver: DATA {"script":"\n            function webdriverioPolyfill() {\n  var __defProp = Object.defineProperty;\n  var __name = function(target, _value) {\n    return __defProp(target, \"name\", { value: _value, configurable: true });\n  };\n  var __globalThis = typeof globalThis === \"object\" && globalThis || typeof window === \"object\" && window;\n  __globalThis.__name = __name;\n}\n            webdriverioPolyfill();\n            return (()=>!!window.__TAURI_INTERNALS__).apply(null, arguments)\n        ","args":[]}
2026-09-08T21:38:51.114Z INFO webdriver: RESULT true
2026-09-08T21:38:51.115Z DEBUG @wdio/utils:shim: Finished to run "beforeCommand" hook in 0ms
2026-09-08T21:38:51.115Z DEBUG @wdio/utils:shim: Finished to run "beforeCommand" hook in 0ms
2026-09-08T21:38:51.115Z INFO webdriver: COMMAND executeScript(<fn>, <object>)
2026-09-08T21:38:51.115Z INFO webdriver: [POST] http://127.0.0.1:4459/session/73d1ae20-d07b-4899-bca8-5e3083d4ce91/execute/sync
2026-09-08T21:38:51.115Z INFO webdriver: DATA {"script":"\n            function webdriverioPolyfill() {\n  var __defProp = Object.defineProperty;\n  var __name = function(target, _value) {\n    return __defProp(target, \"name\", { value: _value, configurable: true });\n  };\n  var __globalThis = typeof globalThis === \"object\" && globalThis || typeof window === \"object\" && window;\n  __globalThis.__name = __name;\n}\n            webdriverioPolyfill();\n            return ((id,commandName,commandArgs)=>{const e2eWindow=window;const results=e2eWindow.__AIO_E2E_TAURI_RESULTS__??={};const bridge=e2eWindow.__TAURI_INTERNALS__;if(!bridge){results[id]={status:\"failed\",error:\"Tauri IPC internals are unavailable in the E2E window.\"};return}results[id]={status:\"pending\"};void bridge.invoke(commandName,commandArgs).then(value=>{results[id]={status:\"resolved\",value}}).catch(error=>{results[id]={status:\"failed\",error:String(error)}})}).apply(null, arguments)\n        ","args":["tauri-command-1788903531115-39","sidecar_spawn_resident",{"pluginId":"dsh-coding-workspace","executablePath":"D:\\a\\aio-hub\\aio-hub\\.e2e-data\\dsh-native\\plugins\\dsh-coding-workspace\\bin\\win32-x64\\aio-dsh-supervisor.exe","args":[],"installPath":"D:\\a\\aio-hub\\aio-hub\\.e2e-data\\dsh-native\\plugins\\dsh-coding-workspace"}]}
2026-09-08T21:38:51.122Z INFO webdriver: RESULT null
2026-09-08T21:38:51.122Z DEBUG @wdio/utils:shim: Finished to run "beforeCommand" hook in 0ms
2026-09-08T21:38:51.122Z DEBUG @wdio/utils:shim: Finished to run "beforeCommand" hook in 0ms
2026-09-08T21:38:51.122Z DEBUG @wdio/utils:shim: Finished to run "beforeCommand" hook in 0ms
2026-09-08T21:38:51.122Z INFO webdriver: COMMAND executeScript(<fn>, <object>)
2026-09-08T21:38:51.122Z INFO webdriver: [POST] http://127.0.0.1:4459/session/73d1ae20-d07b-4899-bca8-5e3083d4ce91/execute/sync
2026-09-08T21:38:51.122Z INFO webdriver: DATA {"script":"\n            function webdriverioPolyfill() {\n  var __defProp = Object.defineProperty;\n  var __name = function(target, _value) {\n    return __defProp(target, \"name\", { value: _value, configurable: true });\n  };\n  var __globalThis = typeof globalThis === \"object\" && globalThis || typeof window === \"object\" && window;\n  __globalThis.__name = __name;\n}\n            webdriverioPolyfill();\n            return (id=>window.__AIO_E2E_TAURI_RESULTS__?.[id]).apply(null, arguments)\n        ","args":["tauri-command-1788903531115-39"]}
2026-09-08T21:38:51.129Z INFO webdriver: RESULT { status: 'pending' }
2026-09-08T21:38:51.222Z DEBUG @wdio/utils:shim: Finished to run "beforeCommand" hook in 0ms
2026-09-08T21:38:51.222Z DEBUG @wdio/utils:shim: Finished to run "beforeCommand" hook in 0ms
2026-09-08T21:38:51.222Z INFO webdriver: COMMAND executeScript(<fn>, <object>)
2026-09-08T21:38:51.222Z INFO webdriver: [POST] http://127.0.0.1:4459/session/73d1ae20-d07b-4899-bca8-5e3083d4ce91/execute/sync
2026-09-08T21:38:51.223Z INFO webdriver: DATA {"script":"\n            function webdriverioPolyfill() {\n  var __defProp = Object.defineProperty;\n  var __name = function(target, _value) {\n    return __defProp(target, \"name\", { value: _value, configurable: true });\n  };\n  var __globalThis = typeof globalThis === \"object\" && globalThis || typeof window === \"object\" && window;\n  __globalThis.__name = __name;\n}\n            webdriverioPolyfill();\n            return (id=>window.__AIO_E2E_TAURI_RESULTS__?.[id]).apply(null, arguments)\n        ","args":["tauri-command-1788903531115-39"]}
2026-09-08T21:38:51.229Z INFO webdriver: RESULT { status: 'resolved', value: 'abd1793b-c86d-47ba-917a-4f1652fdcc12' }
2026-09-08T21:38:51.229Z DEBUG @wdio/utils:shim: Finished to run "beforeCommand" hook in 0ms
2026-09-08T21:38:51.229Z DEBUG @wdio/utils:shim: Finished to run "beforeCommand" hook in 0ms
2026-09-08T21:38:51.229Z INFO webdriver: COMMAND executeScript(<fn>, <object>)
2026-09-08T21:38:51.229Z INFO webdriver: [POST] http://127.0.0.1:4459/session/73d1ae20-d07b-4899-bca8-5e3083d4ce91/execute/sync
2026-09-08T21:38:51.229Z INFO webdriver: DATA {"script":"\n            function webdriverioPolyfill() {\n  var __defProp = Object.defineProperty;\n  var __name = function(target, _value) {\n    return __defProp(target, \"name\", { value: _value, configurable: true });\n  };\n  var __globalThis = typeof globalThis === \"object\" && globalThis || typeof window === \"object\" && window;\n  __globalThis.__name = __name;\n}\n            webdriverioPolyfill();\n            return (id=>{const results=window.__AIO_E2E_TAURI_RESULTS__;const value=results?.[id];if(results)delete results[id];return value}).apply(null, arguments)\n        ","args":["tauri-command-1788903531115-39"]}
2026-09-08T21:38:51.234Z INFO webdriver: RESULT { status: 'resolved', value: 'abd1793b-c86d-47ba-917a-4f1652fdcc12' }
2026-09-08T21:38:51.234Z DEBUG @wdio/utils:shim: Finished to run "beforeCommand" hook in 0ms
2026-09-08T21:38:51.234Z DEBUG @wdio/utils:shim: Finished to run "beforeCommand" hook in 0ms
2026-09-08T21:38:51.234Z DEBUG @wdio/utils:shim: Finished to run "beforeCommand" hook in 0ms
2026-09-08T21:38:51.234Z INFO webdriver: COMMAND executeScript(<fn>, <object>)
2026-09-08T21:38:51.234Z INFO webdriver: [POST] http://127.0.0.1:4459/session/73d1ae20-d07b-4899-bca8-5e3083d4ce91/execute/sync
2026-09-08T21:38:51.234Z INFO webdriver: DATA {"script":"\n            function webdriverioPolyfill() {\n  var __defProp = Object.defineProperty;\n  var __name = function(target, _value) {\n    return __defProp(target, \"name\", { value: _value, configurable: true });\n  };\n  var __globalThis = typeof globalThis === \"object\" && globalThis || typeof window === \"object\" && window;\n  __globalThis.__name = __name;\n}\n            webdriverioPolyfill();\n            return (()=>!!window.__TAURI_INTERNALS__).apply(null, arguments)\n        ","args":[]}
2026-09-08T21:38:51.238Z INFO webdriver: RESULT true
2026-09-08T21:38:51.238Z DEBUG @wdio/utils:shim: Finished to run "beforeCommand" hook in 0ms
2026-09-08T21:38:51.238Z DEBUG @wdio/utils:shim: Finished to run "beforeCommand" hook in 0ms
2026-09-08T21:38:51.238Z INFO webdriver: COMMAND executeScript(<fn>, <object>)
2026-09-08T21:38:51.239Z INFO webdriver: [POST] http://127.0.0.1:4459/session/73d1ae20-d07b-4899-bca8-5e3083d4ce91/execute/sync
2026-09-08T21:38:51.239Z INFO webdriver: DATA {"script":"\n            function webdriverioPolyfill() {\n  var __defProp = Object.defineProperty;\n  var __name = function(target, _value) {\n    return __defProp(target, \"name\", { value: _value, configurable: true });\n  };\n  var __globalThis = typeof globalThis === \"object\" && globalThis || typeof window === \"object\" && window;\n  __globalThis.__name = __name;\n}\n            webdriverioPolyfill();\n            return ((id,commandName,commandArgs)=>{const e2eWindow=window;const results=e2eWindow.__AIO_E2E_TAURI_RESULTS__??={};const bridge=e2eWindow.__TAURI_INTERNALS__;if(!bridge){results[id]={status:\"failed\",error:\"Tauri IPC internals are unavailable in the E2E window.\"};return}results[id]={status:\"pending\"};void bridge.invoke(commandName,commandArgs).then(value=>{results[id]={status:\"resolved\",value}}).catch(error=>{results[id]={status:\"failed\",error:String(error)}})}).apply(null, arguments)\n        ","args":["tauri-command-1788903531238-40","sidecar_send_command",{"pluginId":"dsh-coding-workspace","method":"initialize","params":{"hostContext":{"apiVersion":3,"sidecarProtocolVersion":3},"provider":{"baseUrl":"http://127.0.0.1:59796","apiKey":"native-e2e-secret"}}}]}
2026-09-08T21:38:51.245Z INFO webdriver: RESULT null
2026-09-08T21:38:51.245Z DEBUG @wdio/utils:shim: Finished to run "beforeCommand" hook in 0ms
2026-09-08T21:38:51.245Z DEBUG @wdio/utils:shim: Finished to run "beforeCommand" hook in 0ms
2026-09-08T21:38:51.245Z DEBUG @wdio/utils:shim: Finished to run "beforeCommand" hook in 0ms
2026-09-08T21:38:51.245Z INFO webdriver: COMMAND executeScript(<fn>, <object>)
2026-09-08T21:38:51.246Z INFO webdriver: [POST] http://127.0.0.1:4459/session/73d1ae20-d07b-4899-bca8-5e3083d4ce91/execute/sync
2026-09-08T21:38:51.246Z INFO webdriver: DATA {"script":"\n            function webdriverioPolyfill() {\n  var __defProp = Object.defineProperty;\n  var __name = function(target, _value) {\n    return __defProp(target, \"name\", { value: _value, configurable: true });\n  };\n  var __globalThis = typeof globalThis === \"object\" && globalThis || typeof window === \"object\" && window;\n  __globalThis.__name = __name;\n}\n            webdriverioPolyfill();\n            return (id=>window.__AIO_E2E_TAURI_RESULTS__?.[id]).apply(null, arguments)\n        ","args":["tauri-command-1788903531238-40"]}
2026-09-08T21:38:51.252Z INFO webdriver: RESULT { status: 'pending' }
2026-09-08T21:38:51.345Z DEBUG @wdio/utils:shim: Finished to run "beforeCommand" hook in 0ms
2026-09-08T21:38:51.345Z DEBUG @wdio/utils:shim: Finished to run "beforeCommand" hook in 0ms
2026-09-08T21:38:51.345Z INFO webdriver: COMMAND executeScript(<fn>, <object>)
2026-09-08T21:38:51.346Z INFO webdriver: [POST] http://127.0.0.1:4459/session/73d1ae20-d07b-4899-bca8-5e3083d4ce91/execute/sync
2026-09-08T21:38:51.346Z INFO webdriver: DATA {"script":"\n            function webdriverioPolyfill() {\n  var __defProp = Object.defineProperty;\n  var __name = function(target, _value) {\n    return __defProp(target, \"name\", { value: _value, configurable: true });\n  };\n  var __globalThis = typeof globalThis === \"object\" && globalThis || typeof window === \"object\" && window;\n  __globalThis.__name = __name;\n}\n            webdriverioPolyfill();\n            return (id=>window.__AIO_E2E_TAURI_RESULTS__?.[id]).apply(null, arguments)\n        ","args":["tauri-command-1788903531238-40"]}
2026-09-08T21:38:51.353Z INFO webdriver: RESULT { status: 'pending' }
2026-09-08T21:38:51.445Z DEBUG @wdio/utils:shim: Finished to run "beforeCommand" hook in 0ms
2026-09-08T21:38:51.445Z DEBUG @wdio/utils:shim: Finished to run "beforeCommand" hook in 0ms
2026-09-08T21:38:51.445Z INFO webdriver: COMMAND executeScript(<fn>, <object>)
2026-09-08T21:38:51.446Z INFO webdriver: [POST] http://127.0.0.1:4459/session/73d1ae20-d07b-4899-bca8-5e3083d4ce91/execute/sync
2026-09-08T21:38:51.446Z INFO webdriver: DATA {"script":"\n            function webdriverioPolyfill() {\n  var __defProp = Object.defineProperty;\n  var __name = function(target, _value) {\n    return __defProp(target, \"name\", { value: _value, configurable: true });\n  };\n  var __globalThis = typeof globalThis === \"object\" && globalThis || typeof window === \"object\" && window;\n  __globalThis.__name = __name;\n}\n            webdriverioPolyfill();\n            return (id=>window.__AIO_E2E_TAURI_RESULTS__?.[id]).apply(null, arguments)\n        ","args":["tauri-command-1788903531238-40"]}
2026-09-08T21:38:51.453Z INFO webdriver: RESULT { status: 'pending' }
2026-09-08T21:38:51.546Z DEBUG @wdio/utils:shim: Finished to run "beforeCommand" hook in 0ms
2026-09-08T21:38:51.547Z DEBUG @wdio/utils:shim: Finished to run "beforeCommand" hook in 0ms
2026-09-08T21:38:51.547Z INFO webdriver: COMMAND executeScript(<fn>, <object>)
2026-09-08T21:38:51.547Z INFO webdriver: [POST] http://127.0.0.1:4459/session/73d1ae20-d07b-4899-bca8-5e3083d4ce91/execute/sync
2026-09-08T21:38:51.547Z INFO webdriver: DATA {"script":"\n            function webdriverioPolyfill() {\n  var __defProp = Object.defineProperty;\n  var __name = function(target, _value) {\n    return __defProp(target, \"name\", { value: _value, configurable: true });\n  };\n  var __globalThis = typeof globalThis === \"object\" && globalThis || typeof window === \"object\" && window;\n  __globalThis.__name = __name;\n}\n            webdriverioPolyfill();\n            return (id=>window.__AIO_E2E_TAURI_RESULTS__?.[id]).apply(null, arguments)\n        ","args":["tauri-command-1788903531238-40"]}
2026-09-08T21:38:51.554Z INFO webdriver: RESULT { status: 'pending' }
2026-09-08T21:38:51.645Z DEBUG @wdio/utils:shim: Finished to run "beforeCommand" hook in 0ms
2026-09-08T21:38:51.645Z DEBUG @wdio/utils:shim: Finished to run "beforeCommand" hook in 0ms
2026-09-08T21:38:51.645Z INFO webdriver: COMMAND executeScript(<fn>, <object>)
2026-09-08T21:38:51.645Z INFO webdriver: [POST] http://127.0.0.1:4459/session/73d1ae20-d07b-4899-bca8-5e3083d4ce91/execute/sync
2026-09-08T21:38:51.645Z INFO webdriver: DATA {"script":"\n            function webdriverioPolyfill() {\n  var __defProp = Object.defineProperty;\n  var __name = function(target, _value) {\n    return __defProp(target, \"name\", { value: _value, configurable: true });\n  };\n  var __globalThis = typeof globalThis === \"object\" && globalThis || typeof window === \"object\" && window;\n  __globalThis.__name = __name;\n}\n            webdriverioPolyfill();\n            return (id=>window.__AIO_E2E_TAURI_RESULTS__?.[id]).apply(null, arguments)\n        ","args":["tauri-command-1788903531238-40"]}
2026-09-08T21:38:51.654Z INFO webdriver: RESULT { status: 'pending' }
2026-09-08T21:38:51.746Z DEBUG @wdio/utils:shim: Finished to run "beforeCommand" hook in 0ms
2026-09-08T21:38:51.746Z DEBUG @wdio/utils:shim: Finished to run "beforeCommand" hook in 0ms
2026-09-08T21:38:51.747Z INFO webdriver: COMMAND executeScript(<fn>, <object>)
2026-09-08T21:38:51.747Z INFO webdriver: [POST] http://127.0.0.1:4459/session/73d1ae20-d07b-4899-bca8-5e3083d4ce91/execute/sync
2026-09-08T21:38:51.747Z INFO webdriver: DATA {"script":"\n            function webdriverioPolyfill() {\n  var __defProp = Object.defineProperty;\n  var __name = function(target, _value) {\n    return __defProp(target, \"name\", { value: _value, configurable: true });\n  };\n  var __globalThis = typeof globalThis === \"object\" && globalThis || typeof window === \"object\" && window;\n  __globalThis.__name = __name;\n}\n            webdriverioPolyfill();\n            return (id=>window.__AIO_E2E_TAURI_RESULTS__?.[id]).apply(null, arguments)\n        ","args":["tauri-command-1788903531238-40"]}
2026-09-08T21:38:51.753Z INFO webdriver: RESULT { status: 'pending' }
2026-09-08T21:38:51.846Z DEBUG @wdio/utils:shim: Finished to run "beforeCommand" hook in 0ms
2026-09-08T21:38:51.847Z DEBUG @wdio/utils:shim: Finished to run "beforeCommand" hook in 0ms
2026-09-08T21:38:51.847Z INFO webdriver: COMMAND executeScript(<fn>, <object>)
2026-09-08T21:38:51.847Z INFO webdriver: [POST] http://127.0.0.1:4459/session/73d1ae20-d07b-4899-bca8-5e3083d4ce91/execute/sync
2026-09-08T21:38:51.847Z INFO webdriver: DATA {"script":"\n            function webdriverioPolyfill() {\n  var __defProp = Object.defineProperty;\n  var __name = function(target, _value) {\n    return __defProp(target, \"name\", { value: _value, configurable: true });\n  };\n  var __globalThis = typeof globalThis === \"object\" && globalThis || typeof window === \"object\" && window;\n  __globalThis.__name = __name;\n}\n            webdriverioPolyfill();\n            return (id=>window.__AIO_E2E_TAURI_RESULTS__?.[id]).apply(null, arguments)\n        ","args":["tauri-command-1788903531238-40"]}
2026-09-08T21:38:51.853Z INFO webdriver: RESULT { status: 'pending' }
2026-09-08T21:38:51.947Z DEBUG @wdio/utils:shim: Finished to run "beforeCommand" hook in 0ms
2026-09-08T21:38:51.947Z DEBUG @wdio/utils:shim: Finished to run "beforeCommand" hook in 0ms
2026-09-08T21:38:51.947Z INFO webdriver: COMMAND executeScript(<fn>, <object>)
2026-09-08T21:38:51.947Z INFO webdriver: [POST] http://127.0.0.1:4459/session/73d1ae20-d07b-4899-bca8-5e3083d4ce91/execute/sync
2026-09-08T21:38:51.947Z INFO webdriver: DATA {"script":"\n            function webdriverioPolyfill() {\n  var __defProp = Object.defineProperty;\n  var __name = function(target, _value) {\n    return __defProp(target, \"name\", { value: _value, configurable: true });\n  };\n  var __globalThis = typeof globalThis === \"object\" && globalThis || typeof window === \"object\" && window;\n  __globalThis.__name = __name;\n}\n            webdriverioPolyfill();\n            return (id=>window.__AIO_E2E_TAURI_RESULTS__?.[id]).apply(null, arguments)\n        ","args":["tauri-command-1788903531238-40"]}
2026-09-08T21:38:51.954Z INFO webdriver: RESULT { status: 'pending' }
2026-09-08T21:38:52.045Z DEBUG @wdio/utils:shim: Finished to run "beforeCommand" hook in 0ms
2026-09-08T21:38:52.045Z DEBUG @wdio/utils:shim: Finished to run "beforeCommand" hook in 0ms
2026-09-08T21:38:52.046Z INFO webdriver: COMMAND executeScript(<fn>, <object>)
2026-09-08T21:38:52.046Z INFO webdriver: [POST] http://127.0.0.1:4459/session/73d1ae20-d07b-4899-bca8-5e3083d4ce91/execute/sync
2026-09-08T21:38:52.046Z INFO webdriver: DATA {"script":"\n            function webdriverioPolyfill() {\n  var __defProp = Object.defineProperty;\n  var __name = function(target, _value) {\n    return __defProp(target, \"name\", { value: _value, configurable: true });\n  };\n  var __globalThis = typeof globalThis === \"object\" && globalThis || typeof window === \"object\" && window;\n  __globalThis.__name = __name;\n}\n            webdriverioPolyfill();\n            return (id=>window.__AIO_E2E_TAURI_RESULTS__?.[id]).apply(null, arguments)\n        ","args":["tauri-command-1788903531238-40"]}
2026-09-08T21:38:52.053Z INFO webdriver: RESULT { status: 'pending' }
2026-09-08T21:38:52.147Z DEBUG @wdio/utils:shim: Finished to run "beforeCommand" hook in 0ms
2026-09-08T21:38:52.147Z DEBUG @wdio/utils:shim: Finished to run "beforeCommand" hook in 0ms
2026-09-08T21:38:52.147Z INFO webdriver: COMMAND executeScript(<fn>, <object>)
2026-09-08T21:38:52.147Z INFO webdriver: [POST] http://127.0.0.1:4459/session/73d1ae20-d07b-4899-bca8-5e3083d4ce91/execute/sync
2026-09-08T21:38:52.147Z INFO webdriver: DATA {"script":"\n            function webdriverioPolyfill() {\n  var __defProp = Object.defineProperty;\n  var __name = function(target, _value) {\n    return __defProp(target, \"name\", { value: _value, configurable: true });\n  };\n  var __globalThis = typeof globalThis === \"object\" && globalThis || typeof window === \"object\" && window;\n  __globalThis.__name = __name;\n}\n            webdriverioPolyfill();\n            return (id=>window.__AIO_E2E_TAURI_RESULTS__?.[id]).apply(null, arguments)\n        ","args":["tauri-command-1788903531238-40"]}
2026-09-08T21:38:52.154Z INFO webdriver: RESULT { status: 'pending' }
2026-09-08T21:38:52.246Z DEBUG @wdio/utils:shim: Finished to run "beforeCommand" hook in 0ms
2026-09-08T21:38:52.247Z DEBUG @wdio/utils:shim: Finished to run "beforeCommand" hook in 0ms
2026-09-08T21:38:52.247Z INFO webdriver: COMMAND executeScript(<fn>, <object>)
2026-09-08T21:38:52.247Z INFO webdriver: [POST] http://127.0.0.1:4459/session/73d1ae20-d07b-4899-bca8-5e3083d4ce91/execute/sync
2026-09-08T21:38:52.247Z INFO webdriver: DATA {"script":"\n            function webdriverioPolyfill() {\n  var __defProp = Object.defineProperty;\n  var __name = function(target, _value) {\n    return __defProp(target, \"name\", { value: _value, configurable: true });\n  };\n  var __globalThis = typeof globalThis === \"object\" && globalThis || typeof window === \"object\" && window;\n  __globalThis.__name = __name;\n}\n            webdriverioPolyfill();\n            return (id=>window.__AIO_E2E_TAURI_RESULTS__?.[id]).apply(null, arguments)\n        ","args":["tauri-command-1788903531238-40"]}
2026-09-08T21:38:52.255Z INFO webdriver: RESULT { status: 'pending' }
2026-09-08T21:38:52.344Z DEBUG @wdio/utils:shim: Finished to run "beforeCommand" hook in 0ms
2026-09-08T21:38:52.344Z DEBUG @wdio/utils:shim: Finished to run "beforeCommand" hook in 0ms
2026-09-08T21:38:52.344Z INFO webdriver: COMMAND executeScript(<fn>, <object>)
2026-09-08T21:38:52.345Z INFO webdriver: [POST] http://127.0.0.1:4459/session/73d1ae20-d07b-4899-bca8-5e3083d4ce91/execute/sync
2026-09-08T21:38:52.345Z INFO webdriver: DATA {"script":"\n            function webdriverioPolyfill() {\n  var __defProp = Object.defineProperty;\n  var __name = function(target, _value) {\n    return __defProp(target, \"name\", { value: _value, configurable: true });\n  };\n  var __globalThis = typeof globalThis === \"object\" && globalThis || typeof window === \"object\" && window;\n  __globalThis.__name = __name;\n}\n            webdriverioPolyfill();\n            return (id=>window.__AIO_E2E_TAURI_RESULTS__?.[id]).apply(null, arguments)\n        ","args":["tauri-command-1788903531238-40"]}
2026-09-08T21:38:52.352Z INFO webdriver: RESULT { status: 'pending' }
2026-09-08T21:38:52.446Z DEBUG @wdio/utils:shim: Finished to run "beforeCommand" hook in 0ms
2026-09-08T21:38:52.446Z DEBUG @wdio/utils:shim: Finished to run "beforeCommand" hook in 0ms
2026-09-08T21:38:52.446Z INFO webdriver: COMMAND executeScript(<fn>, <object>)
2026-09-08T21:38:52.446Z INFO webdriver: [POST] http://127.0.0.1:4459/session/73d1ae20-d07b-4899-bca8-5e3083d4ce91/execute/sync
2026-09-08T21:38:52.446Z INFO webdriver: DATA {"script":"\n            function webdriverioPolyfill() {\n  var __defProp = Object.defineProperty;\n  var __name = function(target, _value) {\n    return __defProp(target, \"name\", { value: _value, configurable: true });\n  };\n  var __globalThis = typeof globalThis === \"object\" && globalThis || typeof window === \"object\" && window;\n  __globalThis.__name = __name;\n}\n            webdriverioPolyfill();\n            return (id=>window.__AIO_E2E_TAURI_RESULTS__?.[id]).apply(null, arguments)\n        ","args":["tauri-command-1788903531238-40"]}
2026-09-08T21:38:52.452Z INFO webdriver: RESULT { status: 'pending' }
2026-09-08T21:38:52.546Z DEBUG @wdio/utils:shim: Finished to run "beforeCommand" hook in 0ms
2026-09-08T21:38:52.547Z DEBUG @wdio/utils:shim: Finished to run "beforeCommand" hook in 0ms
2026-09-08T21:38:52.547Z INFO webdriver: COMMAND executeScript(<fn>, <object>)
2026-09-08T21:38:52.547Z INFO webdriver: [POST] http://127.0.0.1:4459/session/73d1ae20-d07b-4899-bca8-5e3083d4ce91/execute/sync
2026-09-08T21:38:52.547Z INFO webdriver: DATA {"script":"\n            function webdriverioPolyfill() {\n  var __defProp = Object.defineProperty;\n  var __name = function(target, _value) {\n    return __defProp(target, \"name\", { value: _value, configurable: true });\n  };\n  var __globalThis = typeof globalThis === \"object\" && globalThis || typeof window === \"object\" && window;\n  __globalThis.__name = __name;\n}\n            webdriverioPolyfill();\n            return (id=>window.__AIO_E2E_TAURI_RESULTS__?.[id]).apply(null, arguments)\n        ","args":["tauri-command-1788903531238-40"]}
2026-09-08T21:38:52.554Z INFO webdriver: RESULT { status: 'pending' }
2026-09-08T21:38:52.645Z DEBUG @wdio/utils:shim: Finished to run "beforeCommand" hook in 0ms
2026-09-08T21:38:52.645Z DEBUG @wdio/utils:shim: Finished to run "beforeCommand" hook in 0ms
2026-09-08T21:38:52.645Z INFO webdriver: COMMAND executeScript(<fn>, <object>)
2026-09-08T21:38:52.646Z INFO webdriver: [POST] http://127.0.0.1:4459/session/73d1ae20-d07b-4899-bca8-5e3083d4ce91/execute/sync
2026-09-08T21:38:52.646Z INFO webdriver: DATA {"script":"\n            function webdriverioPolyfill() {\n  var __defProp = Object.defineProperty;\n  var __name = function(target, _value) {\n    return __defProp(target, \"name\", { value: _value, configurable: true });\n  };\n  var __globalThis = typeof globalThis === \"object\" && globalThis || typeof window === \"object\" && window;\n  __globalThis.__name = __name;\n}\n            webdriverioPolyfill();\n            return (id=>window.__AIO_E2E_TAURI_RESULTS__?.[id]).apply(null, arguments)\n        ","args":["tauri-command-1788903531238-40"]}
2026-09-08T21:38:52.653Z INFO webdriver: RESULT { status: 'pending' }
2026-09-08T21:38:52.746Z DEBUG @wdio/utils:shim: Finished to run "beforeCommand" hook in 0ms
2026-09-08T21:38:52.746Z DEBUG @wdio/utils:shim: Finished to run "beforeCommand" hook in 0ms
2026-09-08T21:38:52.746Z INFO webdriver: COMMAND executeScript(<fn>, <object>)
2026-09-08T21:38:52.746Z INFO webdriver: [POST] http://127.0.0.1:4459/session/73d1ae20-d07b-4899-bca8-5e3083d4ce91/execute/sync
2026-09-08T21:38:52.746Z INFO webdriver: DATA {"script":"\n            function webdriverioPolyfill() {\n  var __defProp = Object.defineProperty;\n  var __name = function(target, _value) {\n    return __defProp(target, \"name\", { value: _value, configurable: true });\n  };\n  var __globalThis = typeof globalThis === \"object\" && globalThis || typeof window === \"object\" && window;\n  __globalThis.__name = __name;\n}\n            webdriverioPolyfill();\n            return (id=>window.__AIO_E2E_TAURI_RESULTS__?.[id]).apply(null, arguments)\n        ","args":["tauri-command-1788903531238-40"]}
2026-09-08T21:38:52.755Z INFO webdriver: RESULT { status: 'pending' }
2026-09-08T21:38:52.845Z DEBUG @wdio/utils:shim: Finished to run "beforeCommand" hook in 0ms
2026-09-08T21:38:52.845Z DEBUG @wdio/utils:shim: Finished to run "beforeCommand" hook in 0ms
2026-09-08T21:38:52.845Z INFO webdriver: COMMAND executeScript(<fn>, <object>)
2026-09-08T21:38:52.845Z INFO webdriver: [POST] http://127.0.0.1:4459/session/73d1ae20-d07b-4899-bca8-5e3083d4ce91/execute/sync
2026-09-08T21:38:52.846Z INFO webdriver: DATA {"script":"\n            function webdriverioPolyfill() {\n  var __defProp = Object.defineProperty;\n  var __name = function(target, _value) {\n    return __defProp(target, \"name\", { value: _value, configurable: true });\n  };\n  var __globalThis = typeof globalThis === \"object\" && globalThis || typeof window === \"object\" && window;\n  __globalThis.__name = __name;\n}\n            webdriverioPolyfill();\n            return (id=>window.__AIO_E2E_TAURI_RESULTS__?.[id]).apply(null, arguments)\n        ","args":["tauri-command-1788903531238-40"]}
2026-09-08T21:38:52.853Z INFO webdriver: RESULT { status: 'pending' }
2026-09-08T21:38:52.946Z DEBUG @wdio/utils:shim: Finished to run "beforeCommand" hook in 0ms
2026-09-08T21:38:52.946Z DEBUG @wdio/utils:shim: Finished to run "beforeCommand" hook in 0ms
2026-09-08T21:38:52.946Z INFO webdriver: COMMAND executeScript(<fn>, <object>)
2026-09-08T21:38:52.946Z INFO webdriver: [POST] http://127.0.0.1:4459/session/73d1ae20-d07b-4899-bca8-5e3083d4ce91/execute/sync
2026-09-08T21:38:52.946Z INFO webdriver: DATA {"script":"\n            function webdriverioPolyfill() {\n  var __defProp = Object.defineProperty;\n  var __name = function(target, _value) {\n    return __defProp(target, \"name\", { value: _value, configurable: true });\n  };\n  var __globalThis = typeof globalThis === \"object\" && globalThis || typeof window === \"object\" && window;\n  __globalThis.__name = __name;\n}\n            webdriverioPolyfill();\n            return (id=>window.__AIO_E2E_TAURI_RESULTS__?.[id]).apply(null, arguments)\n        ","args":["tauri-command-1788903531238-40"]}
2026-09-08T21:38:52.954Z INFO webdriver: RESULT { status: 'pending' }
2026-09-08T21:38:53.046Z DEBUG @wdio/utils:shim: Finished to run "beforeCommand" hook in 0ms
2026-09-08T21:38:53.046Z DEBUG @wdio/utils:shim: Finished to run "beforeCommand" hook in 0ms
2026-09-08T21:38:53.046Z INFO webdriver: COMMAND executeScript(<fn>, <object>)
2026-09-08T21:38:53.046Z INFO webdriver: [POST] http://127.0.0.1:4459/session/73d1ae20-d07b-4899-bca8-5e3083d4ce91/execute/sync
2026-09-08T21:38:53.046Z INFO webdriver: DATA {"script":"\n            function webdriverioPolyfill() {\n  var __defProp = Object.defineProperty;\n  var __name = function(target, _value) {\n    return __defProp(target, \"name\", { value: _value, configurable: true });\n  };\n  var __globalThis = typeof globalThis === \"object\" && globalThis || typeof window === \"object\" && window;\n  __globalThis.__name = __name;\n}\n            webdriverioPolyfill();\n            return (id=>window.__AIO_E2E_TAURI_RESULTS__?.[id]).apply(null, arguments)\n        ","args":["tauri-command-1788903531238-40"]}
2026-09-08T21:38:53.053Z INFO webdriver: RESULT {
  status: 'resolved',
  value: '{"data":{"capabilities":["attachment.limits","interaction.approval","session","session.cancel","session.create","session.fork","session.history","session.list","session.open","session.rename","session.resume","session.search","session.select-model","session.snapshot","session.submit-prompt","session.subscribe","session.update-queue","snapshot","terminal.close","terminal.open","terminal.read","terminal.send","workspace.archive-session","workspace.create","workspace.delete","workspace.follow","workspace.rename"],"contractHash":"96af8af6cdb538da2cd13c53eb4dd640f0ca233aab68b209d82fc744e01da519","domainGenerationId":"dsh-generation-9860-1788903531146877100-1","sandbox":{"backend":"restricted-token","level":"full"},"state":"ready"},"id":1,"type":"result"}'
}
2026-09-08T21:38:53.053Z DEBUG @wdio/utils:shim: Finished to run "beforeCommand" hook in 0ms
2026-09-08T21:38:53.054Z DEBUG @wdio/utils:shim: Finished to run "beforeCommand" hook in 0ms
2026-09-08T21:38:53.054Z INFO webdriver: COMMAND executeScript(<fn>, <object>)
2026-09-08T21:38:53.054Z INFO webdriver: [POST] http://127.0.0.1:4459/session/73d1ae20-d07b-4899-bca8-5e3083d4ce91/execute/sync
2026-09-08T21:38:53.054Z INFO webdriver: DATA {"script":"\n            function webdriverioPolyfill() {\n  var __defProp = Object.defineProperty;\n  var __name = function(target, _value) {\n    return __defProp(target, \"name\", { value: _value, configurable: true });\n  };\n  var __globalThis = typeof globalThis === \"object\" && globalThis || typeof window === \"object\" && window;\n  __globalThis.__name = __name;\n}\n            webdriverioPolyfill();\n            return (id=>{const results=window.__AIO_E2E_TAURI_RESULTS__;const value=results?.[id];if(results)delete results[id];return value}).apply(null, arguments)\n        ","args":["tauri-command-1788903531238-40"]}
2026-09-08T21:38:53.059Z INFO webdriver: RESULT {
  status: 'resolved',
  value: '{"data":{"capabilities":["attachment.limits","interaction.approval","session","session.cancel","session.create","session.fork","session.history","session.list","session.open","session.rename","session.resume","session.search","session.select-model","session.snapshot","session.submit-prompt","session.subscribe","session.update-queue","snapshot","terminal.close","terminal.open","terminal.read","terminal.send","workspace.archive-session","workspace.create","workspace.delete","workspace.follow","workspace.rename"],"contractHash":"96af8af6cdb538da2cd13c53eb4dd640f0ca233aab68b209d82fc744e01da519","domainGenerationId":"dsh-generation-9860-1788903531146877100-1","sandbox":{"backend":"restricted-token","level":"full"},"state":"ready"},"id":1,"type":"result"}'
}
2026-09-08T21:38:53.059Z DEBUG @wdio/utils:shim: Finished to run "beforeCommand" hook in 0ms
2026-09-08T21:38:53.059Z DEBUG @wdio/utils:shim: Finished to run "beforeCommand" hook in 0ms
2026-09-08T21:38:53.060Z INFO webdriver: COMMAND executeScript(<fn>, <object>)
2026-09-08T21:38:53.060Z INFO webdriver: [POST] http://127.0.0.1:4459/session/73d1ae20-d07b-4899-bca8-5e3083d4ce91/execute/sync
2026-09-08T21:38:53.060Z INFO webdriver: DATA {"script":"\n            function webdriverioPolyfill() {\n  var __defProp = Object.defineProperty;\n  var __name = function(target, _value) {\n    return __defProp(target, \"name\", { value: _value, configurable: true });\n  };\n  var __globalThis = typeof globalThis === \"object\" && globalThis || typeof window === \"object\" && window;\n  __globalThis.__name = __name;\n}\n            webdriverioPolyfill();\n            return (()=>{const isVisible=__name(element=>{const style=window.getComputedStyle(element);return style.display!==\"none\"&&style.visibility!==\"hidden\"},\"isVisible\");const editorCancel=document.querySelector('[data-testid=\"agent-editor-cancel\"]');if(editorCancel&&isVisible(editorCancel))editorCancel.click();for(const closeButton of document.querySelectorAll(\".base-dialog-backdrop .dialog-close-btn\")){if(isVisible(closeButton))closeButton.click()}document.dispatchEvent(new KeyboardEvent(\"keydown\",{key:\"Escape\",bubbles:true}))}).apply(null, arguments)\n        ","args":[]}
2026-09-08T21:38:53.066Z INFO webdriver: RESULT null
2026-09-08T21:38:53.066Z DEBUG @wdio/utils:shim: Finished to run "beforeCommand" hook in 0ms
2026-09-08T21:38:53.066Z DEBUG @wdio/utils:shim: Finished to run "beforeCommand" hook in 0ms
2026-09-08T21:38:53.067Z DEBUG @wdio/utils:shim: Finished to run "beforeCommand" hook in 0ms
2026-09-08T21:38:53.067Z INFO webdriver: COMMAND executeScript(<fn>, <object>)
2026-09-08T21:38:53.067Z INFO webdriver: [POST] http://127.0.0.1:4459/session/73d1ae20-d07b-4899-bca8-5e3083d4ce91/execute/sync
2026-09-08T21:38:53.067Z INFO webdriver: DATA {"script":"\n            function webdriverioPolyfill() {\n  var __defProp = Object.defineProperty;\n  var __name = function(target, _value) {\n    return __defProp(target, \"name\", { value: _value, configurable: true });\n  };\n  var __globalThis = typeof globalThis === \"object\" && globalThis || typeof window === \"object\" && window;\n  __globalThis.__name = __name;\n}\n            webdriverioPolyfill();\n            return (()=>{const isVisible=__name(element=>{const style=window.getComputedStyle(element);return style.display!==\"none\"&&style.visibility!==\"hidden\"},\"isVisible\");return Array.from(document.querySelectorAll(\".base-dialog-backdrop\")).some(isVisible)}).apply(null, arguments)\n        ","args":[]}
2026-09-08T21:38:53.073Z INFO webdriver: RESULT false
2026-09-08T21:38:53.073Z DEBUG @wdio/utils:shim: Finished to run "afterTest" hook in 14ms
2026-09-08T21:38:53.075Z DEBUG @wdio/utils:shim: Finished to run "beforeTest" hook in 0ms
2026-09-08T21:38:53.075Z DEBUG @wdio/utils:shim: Finished to run "beforeCommand" hook in 0ms
2026-09-08T21:38:53.075Z DEBUG @wdio/utils:shim: Finished to run "beforeCommand" hook in 0ms
2026-09-08T21:38:53.075Z DEBUG @wdio/utils:shim: Finished to run "beforeCommand" hook in 0ms
2026-09-08T21:38:53.075Z INFO webdriver: COMMAND executeScript(<fn>, <object>)
2026-09-08T21:38:53.075Z INFO webdriver: [POST] http://127.0.0.1:4459/session/73d1ae20-d07b-4899-bca8-5e3083d4ce91/execute/sync
2026-09-08T21:38:53.075Z INFO webdriver: DATA {"script":"\n            function webdriverioPolyfill() {\n  var __defProp = Object.defineProperty;\n  var __name = function(target, _value) {\n    return __defProp(target, \"name\", { value: _value, configurable: true });\n  };\n  var __globalThis = typeof globalThis === \"object\" && globalThis || typeof window === \"object\" && window;\n  __globalThis.__name = __name;\n}\n            webdriverioPolyfill();\n            return (()=>!!window.__TAURI_INTERNALS__).apply(null, arguments)\n        ","args":[]}
2026-09-08T21:38:53.081Z INFO webdriver: RESULT true
2026-09-08T21:38:53.081Z DEBUG @wdio/utils:shim: Finished to run "beforeCommand" hook in 0ms
2026-09-08T21:38:53.081Z DEBUG @wdio/utils:shim: Finished to run "beforeCommand" hook in 0ms
2026-09-08T21:38:53.081Z INFO webdriver: COMMAND executeScript(<fn>, <object>)
2026-09-08T21:38:53.082Z INFO webdriver: [POST] http://127.0.0.1:4459/session/73d1ae20-d07b-4899-bca8-5e3083d4ce91/execute/sync
2026-09-08T21:38:53.082Z INFO webdriver: DATA {"script":"\n            function webdriverioPolyfill() {\n  var __defProp = Object.defineProperty;\n  var __name = function(target, _value) {\n    return __defProp(target, \"name\", { value: _value, configurable: true });\n  };\n  var __globalThis = typeof globalThis === \"object\" && globalThis || typeof window === \"object\" && window;\n  __globalThis.__name = __name;\n}\n            webdriverioPolyfill();\n            return ((id,commandName,commandArgs)=>{const e2eWindow=window;const results=e2eWindow.__AIO_E2E_TAURI_RESULTS__??={};const bridge=e2eWindow.__TAURI_INTERNALS__;if(!bridge){results[id]={status:\"failed\",error:\"Tauri IPC internals are unavailable in the E2E window.\"};return}results[id]={status:\"pending\"};void bridge.invoke(commandName,commandArgs).then(value=>{results[id]={status:\"resolved\",value}}).catch(error=>{results[id]={status:\"failed\",error:String(error)}})}).apply(null, arguments)\n        ","args":["tauri-command-1788903533081-41","sidecar_kill_resident",{"pluginId":"dsh-coding-workspace"}]}
2026-09-08T21:38:53.088Z INFO webdriver: RESULT null
2026-09-08T21:38:53.089Z DEBUG @wdio/utils:shim: Finished to run "beforeCommand" hook in 0ms
2026-09-08T21:38:53.089Z DEBUG @wdio/utils:shim: Finished to run "beforeCommand" hook in 0ms
2026-09-08T21:38:53.089Z DEBUG @wdio/utils:shim: Finished to run "beforeCommand" hook in 0ms
2026-09-08T21:38:53.089Z INFO webdriver: COMMAND executeScript(<fn>, <object>)
2026-09-08T21:38:53.089Z INFO webdriver: [POST] http://127.0.0.1:4459/session/73d1ae20-d07b-4899-bca8-5e3083d4ce91/execute/sync
2026-09-08T21:38:53.089Z INFO webdriver: DATA {"script":"\n            function webdriverioPolyfill() {\n  var __defProp = Object.defineProperty;\n  var __name = function(target, _value) {\n    return __defProp(target, \"name\", { value: _value, configurable: true });\n  };\n  var __globalThis = typeof globalThis === \"object\" && globalThis || typeof window === \"object\" && window;\n  __globalThis.__name = __name;\n}\n            webdriverioPolyfill();\n            return (id=>window.__AIO_E2E_TAURI_RESULTS__?.[id]).apply(null, arguments)\n        ","args":["tauri-command-1788903533081-41"]}
2026-09-08T21:38:53.095Z INFO webdriver: RESULT { status: 'pending' }
2026-09-08T21:38:53.188Z DEBUG @wdio/utils:shim: Finished to run "beforeCommand" hook in 0ms
2026-09-08T21:38:53.188Z DEBUG @wdio/utils:shim: Finished to run "beforeCommand" hook in 0ms
2026-09-08T21:38:53.188Z INFO webdriver: COMMAND executeScript(<fn>, <object>)
2026-09-08T21:38:53.188Z INFO webdriver: [POST] http://127.0.0.1:4459/session/73d1ae20-d07b-4899-bca8-5e3083d4ce91/execute/sync
2026-09-08T21:38:53.189Z INFO webdriver: DATA {"script":"\n            function webdriverioPolyfill() {\n  var __defProp = Object.defineProperty;\n  var __name = function(target, _value) {\n    return __defProp(target, \"name\", { value: _value, configurable: true });\n  };\n  var __globalThis = typeof globalThis === \"object\" && globalThis || typeof window === \"object\" && window;\n  __globalThis.__name = __name;\n}\n            webdriverioPolyfill();\n            return (id=>window.__AIO_E2E_TAURI_RESULTS__?.[id]).apply(null, arguments)\n        ","args":["tauri-command-1788903533081-41"]}
2026-09-08T21:38:53.195Z INFO webdriver: RESULT { status: 'resolved', value: null }
2026-09-08T21:38:53.195Z DEBUG @wdio/utils:shim: Finished to run "beforeCommand" hook in 0ms
2026-09-08T21:38:53.195Z DEBUG @wdio/utils:shim: Finished to run "beforeCommand" hook in 0ms
2026-09-08T21:38:53.195Z INFO webdriver: COMMAND executeScript(<fn>, <object>)
2026-09-08T21:38:53.195Z INFO webdriver: [POST] http://127.0.0.1:4459/session/73d1ae20-d07b-4899-bca8-5e3083d4ce91/execute/sync
2026-09-08T21:38:53.195Z INFO webdriver: DATA {"script":"\n            function webdriverioPolyfill() {\n  var __defProp = Object.defineProperty;\n  var __name = function(target, _value) {\n    return __defProp(target, \"name\", { value: _value, configurable: true });\n  };\n  var __globalThis = typeof globalThis === \"object\" && globalThis || typeof window === \"object\" && window;\n  __globalThis.__name = __name;\n}\n            webdriverioPolyfill();\n            return (id=>{const results=window.__AIO_E2E_TAURI_RESULTS__;const value=results?.[id];if(results)delete results[id];return value}).apply(null, arguments)\n        ","args":["tauri-command-1788903533081-41"]}
2026-09-08T21:38:53.201Z INFO webdriver: RESULT { status: 'resolved', value: null }
2026-09-08T21:38:53.834Z DEBUG @wdio/utils:shim: Finished to run "beforeCommand" hook in 0ms
2026-09-08T21:38:53.835Z DEBUG @wdio/utils:shim: Finished to run "beforeCommand" hook in 0ms
2026-09-08T21:38:53.835Z DEBUG @wdio/utils:shim: Finished to run "beforeCommand" hook in 0ms
2026-09-08T21:38:53.835Z INFO webdriver: COMMAND executeScript(<fn>, <object>)
2026-09-08T21:38:53.835Z INFO webdriver: [POST] http://127.0.0.1:4459/session/73d1ae20-d07b-4899-bca8-5e3083d4ce91/execute/sync
2026-09-08T21:38:53.835Z INFO webdriver: DATA {"script":"\n            function webdriverioPolyfill() {\n  var __defProp = Object.defineProperty;\n  var __name = function(target, _value) {\n    return __defProp(target, \"name\", { value: _value, configurable: true });\n  };\n  var __globalThis = typeof globalThis === \"object\" && globalThis || typeof window === \"object\" && window;\n  __globalThis.__name = __name;\n}\n            webdriverioPolyfill();\n            return (()=>!!window.__TAURI_INTERNALS__).apply(null, arguments)\n        ","args":[]}
2026-09-08T21:38:53.841Z INFO webdriver: RESULT true
2026-09-08T21:38:53.841Z DEBUG @wdio/utils:shim: Finished to run "beforeCommand" hook in 0ms
2026-09-08T21:38:53.841Z DEBUG @wdio/utils:shim: Finished to run "beforeCommand" hook in 0ms
2026-09-08T21:38:53.841Z INFO webdriver: COMMAND executeScript(<fn>, <object>)
2026-09-08T21:38:53.841Z INFO webdriver: [POST] http://127.0.0.1:4459/session/73d1ae20-d07b-4899-bca8-5e3083d4ce91/execute/sync
2026-09-08T21:38:53.842Z INFO webdriver: DATA {"script":"\n            function webdriverioPolyfill() {\n  var __defProp = Object.defineProperty;\n  var __name = function(target, _value) {\n    return __defProp(target, \"name\", { value: _value, configurable: true });\n  };\n  var __globalThis = typeof globalThis === \"object\" && globalThis || typeof window === \"object\" && window;\n  __globalThis.__name = __name;\n}\n            webdriverioPolyfill();\n            return ((id,commandName,commandArgs)=>{const e2eWindow=window;const results=e2eWindow.__AIO_E2E_TAURI_RESULTS__??={};const bridge=e2eWindow.__TAURI_INTERNALS__;if(!bridge){results[id]={status:\"failed\",error:\"Tauri IPC internals are unavailable in the E2E window.\"};return}results[id]={status:\"pending\"};void bridge.invoke(commandName,commandArgs).then(value=>{results[id]={status:\"resolved\",value}}).catch(error=>{results[id]={status:\"failed\",error:String(error)}})}).apply(null, arguments)\n        ","args":["tauri-command-1788903533841-42","uninstall_plugin",{"pluginId":"dsh-coding-workspace"}]}
2026-09-08T21:38:53.851Z INFO webdriver: RESULT null
2026-09-08T21:38:53.851Z DEBUG @wdio/utils:shim: Finished to run "beforeCommand" hook in 0ms
2026-09-08T21:38:53.852Z DEBUG @wdio/utils:shim: Finished to run "beforeCommand" hook in 0ms
2026-09-08T21:38:53.852Z DEBUG @wdio/utils:shim: Finished to run "beforeCommand" hook in 0ms
2026-09-08T21:38:53.852Z INFO webdriver: COMMAND executeScript(<fn>, <object>)
2026-09-08T21:38:53.852Z INFO webdriver: [POST] http://127.0.0.1:4459/session/73d1ae20-d07b-4899-bca8-5e3083d4ce91/execute/sync
2026-09-08T21:38:53.852Z INFO webdriver: DATA {"script":"\n            function webdriverioPolyfill() {\n  var __defProp = Object.defineProperty;\n  var __name = function(target, _value) {\n    return __defProp(target, \"name\", { value: _value, configurable: true });\n  };\n  var __globalThis = typeof globalThis === \"object\" && globalThis || typeof window === \"object\" && window;\n  __globalThis.__name = __name;\n}\n            webdriverioPolyfill();\n            return (id=>window.__AIO_E2E_TAURI_RESULTS__?.[id]).apply(null, arguments)\n        ","args":["tauri-command-1788903533841-42"]}
2026-09-08T21:38:53.858Z INFO webdriver: RESULT { status: 'pending' }
2026-09-08T21:38:53.954Z DEBUG @wdio/utils:shim: Finished to run "beforeCommand" hook in 0ms
2026-09-08T21:38:53.954Z DEBUG @wdio/utils:shim: Finished to run "beforeCommand" hook in 0ms
2026-09-08T21:38:53.954Z INFO webdriver: COMMAND executeScript(<fn>, <object>)
2026-09-08T21:38:53.954Z INFO webdriver: [POST] http://127.0.0.1:4459/session/73d1ae20-d07b-4899-bca8-5e3083d4ce91/execute/sync
2026-09-08T21:38:53.954Z INFO webdriver: DATA {"script":"\n            function webdriverioPolyfill() {\n  var __defProp = Object.defineProperty;\n  var __name = function(target, _value) {\n    return __defProp(target, \"name\", { value: _value, configurable: true });\n  };\n  var __globalThis = typeof globalThis === \"object\" && globalThis || typeof window === \"object\" && window;\n  __globalThis.__name = __name;\n}\n            webdriverioPolyfill();\n            return (id=>window.__AIO_E2E_TAURI_RESULTS__?.[id]).apply(null, arguments)\n        ","args":["tauri-command-1788903533841-42"]}
2026-09-08T21:38:53.964Z INFO webdriver: RESULT { status: 'pending' }
2026-09-08T21:38:54.054Z DEBUG @wdio/utils:shim: Finished to run "beforeCommand" hook in 0ms
2026-09-08T21:38:54.054Z DEBUG @wdio/utils:shim: Finished to run "beforeCommand" hook in 0ms
2026-09-08T21:38:54.054Z INFO webdriver: COMMAND executeScript(<fn>, <object>)
2026-09-08T21:38:54.055Z INFO webdriver: [POST] http://127.0.0.1:4459/session/73d1ae20-d07b-4899-bca8-5e3083d4ce91/execute/sync
2026-09-08T21:38:54.055Z INFO webdriver: DATA {"script":"\n            function webdriverioPolyfill() {\n  var __defProp = Object.defineProperty;\n  var __name = function(target, _value) {\n    return __defProp(target, \"name\", { value: _value, configurable: true });\n  };\n  var __globalThis = typeof globalThis === \"object\" && globalThis || typeof window === \"object\" && window;\n  __globalThis.__name = __name;\n}\n            webdriverioPolyfill();\n            return (id=>window.__AIO_E2E_TAURI_RESULTS__?.[id]).apply(null, arguments)\n        ","args":["tauri-command-1788903533841-42"]}
2026-09-08T21:38:54.065Z INFO webdriver: RESULT { status: 'resolved', value: '插件 dsh-coding-workspace 已移入回收站' }
2026-09-08T21:38:54.065Z DEBUG @wdio/utils:shim: Finished to run "beforeCommand" hook in 0ms
2026-09-08T21:38:54.065Z DEBUG @wdio/utils:shim: Finished to run "beforeCommand" hook in 0ms
2026-09-08T21:38:54.065Z INFO webdriver: COMMAND executeScript(<fn>, <object>)
2026-09-08T21:38:54.066Z INFO webdriver: [POST] http://127.0.0.1:4459/session/73d1ae20-d07b-4899-bca8-5e3083d4ce91/execute/sync
2026-09-08T21:38:54.066Z INFO webdriver: DATA {"script":"\n            function webdriverioPolyfill() {\n  var __defProp = Object.defineProperty;\n  var __name = function(target, _value) {\n    return __defProp(target, \"name\", { value: _value, configurable: true });\n  };\n  var __globalThis = typeof globalThis === \"object\" && globalThis || typeof window === \"object\" && window;\n  __globalThis.__name = __name;\n}\n            webdriverioPolyfill();\n            return (id=>{const results=window.__AIO_E2E_TAURI_RESULTS__;const value=results?.[id];if(results)delete results[id];return value}).apply(null, arguments)\n        ","args":["tauri-command-1788903533841-42"]}
2026-09-08T21:38:54.071Z INFO webdriver: RESULT { status: 'resolved', value: '插件 dsh-coding-workspace 已移入回收站' }
2026-09-08T21:38:54.072Z DEBUG @wdio/utils:shim: Finished to run "beforeCommand" hook in 0ms
2026-09-08T21:38:54.072Z DEBUG @wdio/utils:shim: Finished to run "beforeCommand" hook in 0ms
2026-09-08T21:38:54.072Z INFO webdriver: COMMAND executeScript(<fn>, <object>)
2026-09-08T21:38:54.072Z INFO webdriver: [POST] http://127.0.0.1:4459/session/73d1ae20-d07b-4899-bca8-5e3083d4ce91/execute/sync
2026-09-08T21:38:54.072Z INFO webdriver: DATA {"script":"\n            function webdriverioPolyfill() {\n  var __defProp = Object.defineProperty;\n  var __name = function(target, _value) {\n    return __defProp(target, \"name\", { value: _value, configurable: true });\n  };\n  var __globalThis = typeof globalThis === \"object\" && globalThis || typeof window === \"object\" && window;\n  __globalThis.__name = __name;\n}\n            webdriverioPolyfill();\n            return (()=>{const isVisible=__name(element=>{const style=window.getComputedStyle(element);return style.display!==\"none\"&&style.visibility!==\"hidden\"},\"isVisible\");const editorCancel=document.querySelector('[data-testid=\"agent-editor-cancel\"]');if(editorCancel&&isVisible(editorCancel))editorCancel.click();for(const closeButton of document.querySelectorAll(\".base-dialog-backdrop .dialog-close-btn\")){if(isVisible(closeButton))closeButton.click()}document.dispatchEvent(new KeyboardEvent(\"keydown\",{key:\"Escape\",bubbles:true}))}).apply(null, arguments)\n        ","args":[]}
2026-09-08T21:38:54.077Z INFO webdriver: RESULT null
2026-09-08T21:38:54.077Z DEBUG @wdio/utils:shim: Finished to run "beforeCommand" hook in 0ms
2026-09-08T21:38:54.077Z DEBUG @wdio/utils:shim: Finished to run "beforeCommand" hook in 0ms
2026-09-08T21:38:54.077Z DEBUG @wdio/utils:shim: Finished to run "beforeCommand" hook in 0ms
2026-09-08T21:38:54.077Z INFO webdriver: COMMAND executeScript(<fn>, <object>)
2026-09-08T21:38:54.078Z INFO webdriver: [POST] http://127.0.0.1:4459/session/73d1ae20-d07b-4899-bca8-5e3083d4ce91/execute/sync
2026-09-08T21:38:54.078Z INFO webdriver: DATA {"script":"\n            function webdriverioPolyfill() {\n  var __defProp = Object.defineProperty;\n  var __name = function(target, _value) {\n    return __defProp(target, \"name\", { value: _value, configurable: true });\n  };\n  var __globalThis = typeof globalThis === \"object\" && globalThis || typeof window === \"object\" && window;\n  __globalThis.__name = __name;\n}\n            webdriverioPolyfill();\n            return (()=>{const isVisible=__name(element=>{const style=window.getComputedStyle(element);return style.display!==\"none\"&&style.visibility!==\"hidden\"},\"isVisible\");return Array.from(document.querySelectorAll(\".base-dialog-backdrop\")).some(isVisible)}).apply(null, arguments)\n        ","args":[]}
2026-09-08T21:38:54.083Z INFO webdriver: RESULT false
2026-09-08T21:38:54.083Z DEBUG @wdio/utils:shim: Finished to run "afterTest" hook in 11ms
2026-09-08T21:38:54.090Z DEBUG @wdio/utils:shim: Finished to run "after" hook in 0ms
2026-09-08T21:38:54.091Z DEBUG @wdio/utils:shim: Finished to run "beforeCommand" hook in 0ms
2026-09-08T21:38:54.091Z INFO webdriver: COMMAND deleteSession()
2026-09-08T21:38:54.091Z INFO webdriver: [DELETE] http://127.0.0.1:4459/session/73d1ae20-d07b-4899-bca8-5e3083d4ce91
2026-09-08T21:38:54.096Z INFO webdriver: RESULT null
